alias,category,weapon_system,system_name,weapon_type,magazine,ammo_slot,ammo,count
fr_as-350,aircraft,WeaponSystem2,US_AIR_CHAFF_DISP,Chaff,WeaponMagazineChaff,Ammunition1,wp_aircraft_chaff,30
fr_f1a,aircraft,WeaponSystem4,US_AIR_CHAFF_DISP,Chaff,WeaponMagazineChaff,Ammunition1,wp_aircraft_chaff,25
fr_f1c,aircraft,WeaponSystem4,US_AIR_CHAFF_DISP,Chaff,WeaponMagazineChaff,Ammunition1,wp_aircraft_chaff,25
fr_f1e,aircraft,WeaponSystem4,US_AIR_CHAFF_DISP,Chaff,WeaponMagazineChaff,Ammunition1,wp_aircraft_chaff,25
fr_mirage_iii,aircraft,WeaponSystem4,US_AIR_CHAFF_DISP,Chaff,WeaponMagazineChaff,Ammunition1,wp_aircraft_chaff,25
fr_sa-321,aircraft,WeaponSystem2,US_AIR_CHAFF_DISP,Chaff,WeaponMagazineChaff,Ammunition1,wp_aircraft_chaff,45
iaf_f-4e_kurnass,aircraft,WeaponSystem2,M61,CIWS,WeaponMagazineM61,Ammunition1,usn_cal_20mm,639
iaf_f-4e_kurnass,aircraft,WeaponSystem3,US_AIR_CHAFF_DISP,Chaff,WeaponMagazineChaff,Ammunition1,wp_aircraft_chaff,25
iaf_md500,aircraft,WeaponSystem2,US_AIR_CHAFF_DISP,Chaff,WeaponMagazineChaff,Ammunition1,wp_aircraft_chaff,15
iriaf_ah-1j,aircraft,WeaponSystem3,US_AIR_CHAFF_DISP,Chaff,WeaponMagazineChaff,Ammunition1,wp_aircraft_chaff,24
iriaf_ah-1j,aircraft,WeaponSystem2,M197,CIWS,WeaponMagazineM197,Ammunition1,usn_cal_20mm,750
iriaf_f-14a,aircraft,WeaponSystem3,M61,CIWS,WeaponMagazineM61,Ammunition1,usn_cal_20mm,675
iriaf_f-14a,aircraft,WeaponSystem4,US_AIR_CHAFF_DISP,Chaff,WeaponMagazineChaff,Ammunition1,wp_aircraft_chaff,25
iriaf_f-4d,aircraft,WeaponSystem2,US_AIR_CHAFF_DISP,Chaff,WeaponMagazineChaff,Ammunition1,wp_aircraft_chaff,25
iriaf_f-4e,aircraft,WeaponSystem2,M61,CIWS,WeaponMagazineM61,Ammunition1,usn_cal_20mm,639
iriaf_f-4e,aircraft,WeaponSystem3,US_AIR_CHAFF_DISP,Chaff,WeaponMagazineChaff,Ammunition1,wp_aircraft_chaff,20
irina_sh-3d,aircraft,WeaponSystem2,US_AIR_CHAFF_DISP,Chaff,WeaponMagazineChaff,Ammunition1,wp_aircraft_chaff,30
jasdf_f-1,aircraft,,,,WeaponMagazineChaff,Ammunition1,wp_aircraft_chaff,25
jasdf_f-1,aircraft,WeaponSystem2,M61,CIWS,WeaponMagazineJM61A1,Ammunition1,usn_cal_20mm,750
jasdf_f-4ej,aircraft,WeaponSystem2,M61,CIWS,WeaponMagazineM61,Ammunition1,usn_cal_20mm,639
jasdf_f-4ej,aircraft,WeaponSystem3,US_AIR_CHAFF_DISP,Chaff,WeaponMagazineChaff,Ammunition1,wp_aircraft_chaff,20
jasdf_t-2,aircraft,WeaponSystem3,US_AIR_CHAFF_DISP,Chaff,WeaponMagazineChaff,Ammunition1,wp_aircraft_chaff,25
jasdf_t-2,aircraft,WeaponSystem2,M61,CIWS,WeaponMagazineJM61A1,Ammunition1,usn_cal_20mm,750
jmsdf_hss-2,aircraft,WeaponSystem2,US_AIR_CHAFF_DISP,Chaff,WeaponMagazineChaff,Ammunition1,wp_aircraft_chaff,30
pla_f-5,aircraft,WeaponSystem2,N-37,CIWS,WeaponMagazine_N-37,Ammunition1,wp_cal_37mm,40
pla_f-5,aircraft,WeaponSystem3,NR-23,CIWS,WeaponMagazine_NR-23,Ammunition1,wp_cal_23mm,160
pla_h-6a,aircraft,WeaponSystem2,GSh-23L,CIWS,WeaponMagazineGSh-23L,Ammunition1,wp_cal_23mm,400
pla_h-6a,aircraft,WeaponSystem3,WP_AIR_CHAFF_DISP,Chaff,WeaponMagazineChaff,Ammunition1,wp_aircraft_chaff,20
pla_h-6d,aircraft,WeaponSystem3,GSh-23L,CIWS,WeaponMagazineGSh-23L,Ammunition1,wp_cal_23mm,400
pla_h-6d,aircraft,WeaponSystem4,WP_AIR_CHAFF_DISP,Chaff,WeaponMagazineChaff,Ammunition1,wp_aircraft_chaff,20
pla_j-5,aircraft,WeaponSystem2,N-37,CIWS,WeaponMagazine_N-37,Ammunition1,wp_cal_37mm,40
pla_j-5,aircraft,WeaponSystem3,NR-23,CIWS,WeaponMagazine_NR-23,Ammunition1,wp_cal_23mm,160
pla_j-7c,aircraft,WeaponSystem2,GSh-23L,CIWS,WeaponMagazineGSh-23L,Ammunition1,wp_cal_23mm,200
pla_q-5,aircraft,WeaponSystem3,NR-23,CIWS,WeaponMagazine_NR-23_L,Ammunition1,wp_cal_23mm,100
pla_q-5,aircraft,WeaponSystem4,NR-23,CIWS,WeaponMagazine_NR-23_R,Ammunition1,wp_cal_23mm,100
pla_q-5,aircraft,,,,WeaponMagazineChaff,Ammunition1,wp_aircraft_chaff,10
pla_q-5a,aircraft,WeaponSystem2,NR-23,CIWS,WeaponMagazine_NR-23_L,Ammunition1,wp_cal_23mm,100
pla_q-5a,aircraft,WeaponSystem3,NR-23,CIWS,WeaponMagazine_NR-23_R,Ammunition1,wp_cal_23mm,100
pla_q-5a,aircraft,,,,WeaponMagazineChaff,Ammunition1,wp_aircraft_chaff,10
pla_z-8,aircraft,WeaponSystem2,US_AIR_CHAFF_DISP,Chaff,WeaponMagazineChaff,Ammunition1,wp_aircraft_chaff,45
plan_sh-5,aircraft,WeaponSystem1,GSh-23L,CIWS,WeaponMagazineGSh-23L,Ammunition1,wp_cal_23mm,400
plan_sh-5,aircraft,WeaponSystem2,WP_AIR_CHAFF_DISP,Chaff,WeaponMagazineChaff,Ammunition1,wp_aircraft_chaff,20
raaf_f-111c,aircraft,WeaponSystem3,WP_AIR_CHAFF_DISP,Chaff,WeaponMagazineChaff,Ammunition1,wp_aircraft_chaff,15
ran_a-4g,aircraft,WeaponSystem2,MK12,CIWS,WeaponMagazineMK12_1,Ammunition1,usn_cal_20mm,100
ran_a-4g,aircraft,WeaponSystem3,MK12,CIWS,WeaponMagazineMK12_2,Ammunition1,usn_cal_20mm,100
ran_a-4g,aircraft,,,,WeaponMagazineChaff,Ammunition1,wp_aircraft_chaff,25
usaf_b-52d,aircraft,WeaponSystem3,M3_Quad,CIWS,WeaponMagazineGun,Ammunition1,usn_cal_05in,2400
usaf_b-52d,aircraft,WeaponSystem4,US_AIR_CHAFF_DISP,Chaff,WeaponMagazineChaff,Ammunition1,wp_aircraft_chaff,96
usaf_b-52g,aircraft,WeaponSystem3,M3_Quad,CIWS,WeaponMagazineGun,Ammunition1,usn_cal_05in,2400
usaf_b-52g,aircraft,WeaponSystem4,US_AIR_CHAFF_DISP,Chaff,WeaponMagazineChaff,Ammunition1,wp_aircraft_chaff,192
usaf_c-141b,aircraft,WeaponSystem2,US_AIR_CHAFF_DISP,Chaff,WeaponMagazineChaff,Ammunition1,wp_aircraft_chaff,25
usaf_f-15a,aircraft,WeaponSystem2,M61,CIWS,WeaponMagazineM61,Ammunition1,usn_cal_20mm,675
usaf_f-15a,aircraft,WeaponSystem3,WP_AIR_CHAFF_DISP_DORSAL,Chaff,WeaponMagazineChaff,Ammunition1,wp_aircraft_chaff,1
usaf_f-15c,aircraft,WeaponSystem2,M61,CIWS,WeaponMagazineM61,Ammunition1,usn_cal_20mm,675
usaf_f-15c,aircraft,WeaponSystem3,US_AIR_CHAFF_DISP,Chaff,WeaponMagazineChaff,Ammunition1,wp_aircraft_chaff,25
usaf_f-4d,aircraft,WeaponSystem2,US_AIR_CHAFF_DISP,Chaff,WeaponMagazineChaff,Ammunition1,wp_aircraft_chaff,25
usaf_f-4e,aircraft,WeaponSystem2,M61,CIWS,WeaponMagazineM61,Ammunition1,usn_cal_20mm,639
usaf_f-4e,aircraft,WeaponSystem3,US_AIR_CHAFF_DISP,Chaff,WeaponMagazineChaff,Ammunition1,wp_aircraft_chaff,20
usaf_f-5a,aircraft,WeaponSystem2,M39,CIWS,WeaponMagazineM39_1,Ammunition1,usn_cal_20mm,280
usaf_f-5a,aircraft,WeaponSystem3,M39,CIWS,WeaponMagazineM39_2,Ammunition1,usn_cal_20mm,280
usaf_f-5e,aircraft,WeaponSystem2,M39,CIWS,WeaponMagazineM39_1,Ammunition1,usn_cal_20mm,280
usaf_f-5e,aircraft,WeaponSystem3,M39,CIWS,WeaponMagazineM39_2,Ammunition1,usn_cal_20mm,280
usaf_f-5e,aircraft,WeaponSystem4,US_AIR_CHAFF_DISP,Chaff,WeaponMagazineChaff,Ammunition1,wp_aircraft_chaff,25
usaf_hh-3,aircraft,WeaponSystem2,US_AIR_CHAFF_DISP,Chaff,WeaponMagazineChaff,Ammunition1,wp_aircraft_chaff,30
usaf_vc-137c,aircraft,WeaponSystem2,US_AIR_CHAFF_DISP,Chaff,WeaponMagazineChaff,Ammunition1,wp_aircraft_chaff,25
usmc_ah-1t,aircraft,WeaponSystem3,US_AIR_CHAFF_DISP,Chaff,WeaponMagazineChaff,Ammunition1,wp_aircraft_chaff,24
usmc_ah-1t,aircraft,WeaponSystem2,M197,CIWS,WeaponMagazineM197,Ammunition1,usn_cal_20mm,750
usmc_av-8a,aircraft,WeaponSystem2,Aden,CIWS,WeaponMagazineAden_1,Ammunition1,rn_cal_30mm,130
usmc_av-8a,aircraft,WeaponSystem3,Aden,CIWS,WeaponMagazineAden_2,Ammunition1,rn_cal_30mm,130
usmc_av-8a,aircraft,WeaponSystem4,US_AIR_CHAFF_DISP,Chaff,WeaponMagazineChaff,Ammunition1,wp_aircraft_chaff,15
usn_a-6e,aircraft,WeaponSystem2,US_AIR_CHAFF_DISP,Chaff,WeaponMagazineChaff,Ammunition1,wp_aircraft_chaff,25
usn_a-7e,aircraft,WeaponSystem2,M61,CIWS,WeaponMagazineM61,Ammunition1,usn_cal_20mm,1000
usn_a-7e,aircraft,WeaponSystem3,US_AIR_CHAFF_DISP,Chaff,WeaponMagazineChaff,Ammunition1,wp_aircraft_chaff,25
usn_ch-46,aircraft,WeaponSystem1,US_AIR_CHAFF_DISP,Chaff,WeaponMagazineChaff,Ammunition1,wp_aircraft_chaff,30
usn_e-2c,aircraft,WeaponSystem2,US_AIR_CHAFF_DISP,Chaff,WeaponMagazineChaff,Ammunition1,wp_aircraft_chaff,30
usn_ea-6b,aircraft,WeaponSystem2,US_AIR_CHAFF_DISP,Chaff,WeaponMagazineChaff,Ammunition1,wp_aircraft_chaff,25
usn_f-14a,aircraft,WeaponSystem3,M61,CIWS,WeaponMagazineM61,Ammunition1,usn_cal_20mm,675
usn_f-14a,aircraft,WeaponSystem4,US_AIR_CHAFF_DISP,Chaff,WeaponMagazineChaff,Ammunition1,wp_aircraft_chaff,25
usn_f-4j,aircraft,WeaponSystem2,WP_AIR_CHAFF_DISP_DORSAL,Chaff,WeaponMagazineChaff,Ammunition1,wp_aircraft_chaff,25
usn_fa-18a,aircraft,WeaponSystem2,M61,CIWS,WeaponMagazineM61,Ammunition1,usn_cal_20mm,675
usn_fa-18a,aircraft,WeaponSystem3,WP_AIR_CHAFF_DISP_DORSAL,Chaff,WeaponMagazineChaff,Ammunition1,wp_aircraft_chaff,25
usn_p-3c,aircraft,WeaponSystem3,US_AIR_CHAFF_DISP,Chaff,WeaponMagazineChaff,Ammunition1,wp_aircraft_chaff,30
usn_ra-5c,aircraft,WeaponSystem2,US_AIR_CHAFF_DISP,Chaff,WeaponMagazineChaff,Ammunition1,wp_aircraft_chaff,25
usn_s-3a,aircraft,WeaponSystem3,US_AIR_CHAFF_DISP,Chaff,WeaponMagazineChaff,Ammunition1,wp_aircraft_chaff,25
usn_sh-3h,aircraft,WeaponSystem2,US_AIR_CHAFF_DISP,Chaff,WeaponMagazineChaff,Ammunition1,wp_aircraft_chaff,30
usn_v-19a,aircraft,WeaponSystem3,US_AIR_CHAFF_DISP,Chaff,WeaponMagazineChaff,Ammunition1,wp_aircraft_chaff,20
wp_il-38,aircraft,WeaponSystem3,WP_AIR_CHAFF_DISP,Chaff,WeaponMagazineChaff,Ammunition1,wp_aircraft_chaff,20
wp_ka-27,aircraft,WeaponSystem3,WP_AIR_CHAFF_DISP,Chaff,WeaponMagazineChaff,Ammunition1,wp_aircraft_chaff,15
wp_ka-29,aircraft,WeaponSystem3,GShG-762,CIWS,WeaponMagazineMinigun,Ammunition1,wp_cal_05in,1800
wp_ka-29,aircraft,WeaponSystem5,2A42_Ka-29,CIWS,WeaponMagazineA242,Ammunition1,wp_cal_30mm,250
wp_ka-29,aircraft,WeaponSystem4,WP_AIR_CHAFF_DISP,Chaff,WeaponMagazineChaff,Ammunition1,wp_aircraft_chaff,15
wp_lim-6,aircraft,WeaponSystem2,N-37,CIWS,WeaponMagazine_N-37,Ammunition1,wp_cal_37mm,40
wp_lim-6,aircraft,WeaponSystem3,NR-23,CIWS,WeaponMagazine_NR-23,Ammunition1,wp_cal_23mm,160
wp_mi-14,aircraft,WeaponSystem3,WP_AIR_CHAFF_DISP,Chaff,WeaponMagazineChaff,Ammunition1,wp_aircraft_chaff,15
wp_mig-17,aircraft,WeaponSystem2,N-37,CIWS,WeaponMagazine_N-37,Ammunition1,wp_cal_37mm,40
wp_mig-17,aircraft,WeaponSystem3,NR-23,CIWS,WeaponMagazine_NR-23,Ammunition1,wp_cal_23mm,160
wp_mig-21,aircraft,WeaponSystem2,GSh-23L,CIWS,WeaponMagazineGSh-23L,Ammunition1,wp_cal_23mm,200
wp_mig-23a,aircraft,WeaponSystem2,GSh-23L,CIWS,WeaponMagazineGSh-23L,Ammunition1,wp_cal_23mm,200
wp_mig-23a,aircraft,WeaponSystem3,WP_AIR_CHAFF_DISP_DORSAL,Chaff,WeaponMagazineChaff,Ammunition1,wp_aircraft_chaff,15
wp_mig-23mld,aircraft,WeaponSystem2,GSh-23L,CIWS,WeaponMagazineGSh-23L,Ammunition1,wp_cal_23mm,200
wp_mig-23mld,aircraft,WeaponSystem3,WP_AIR_CHAFF_DISP_DORSAL,Chaff,WeaponMagazineChaff,Ammunition1,wp_aircraft_chaff,15
wp_mig-23ms,aircraft,WeaponSystem2,GSh-23L,CIWS,WeaponMagazineGSh-23L,Ammunition1,wp_cal_23mm,200
wp_mig-23ms,aircraft,,,,WeaponMagazineChaff,Ammunition1,wp_aircraft_chaff,15
wp_mig-25bm,aircraft,WeaponSystem2,WP_AIR_CHAFF_DISP,Chaff,WeaponMagazineChaff,Ammunition1,wp_aircraft_chaff,15
wp_mig-25p,aircraft,WeaponSystem2,WP_AIR_CHAFF_DISP,Chaff,WeaponMagazineChaff,Ammunition1,wp_aircraft_chaff,15
wp_mig-25pd,aircraft,WeaponSystem2,WP_AIR_CHAFF_DISP,Chaff,WeaponMagazineChaff,Ammunition1,wp_aircraft_chaff,15
wp_mig-25pu,aircraft,WeaponSystem2,WP_AIR_CHAFF_DISP,Chaff,WeaponMagazineChaff,Ammunition1,wp_aircraft_chaff,15
wp_mig-25rb,aircraft,WeaponSystem2,WP_AIR_CHAFF_DISP,Chaff,WeaponMagazineChaff,Ammunition1,wp_aircraft_chaff,15
wp_mig-27,aircraft,WeaponSystem2,GSh-6-30,CIWS,WeaponMagazineGun,Ammunition1,wp_cal_30mm,300
wp_mig-27,aircraft,WeaponSystem3,WP_AIR_CHAFF_DISP_DORSAL,Chaff,WeaponMagazineChaff,Ammunition1,wp_aircraft_chaff,15
wp_mig-28,aircraft,WeaponSystem2,GSh-23L,CIWS,WeaponMagazineGSh-23L_1,Ammunition1,wp_cal_23mm,280
wp_mig-28,aircraft,WeaponSystem3,GSh-23L,CIWS,WeaponMagazineGSh-23L_2,Ammunition1,wp_cal_23mm,280
wp_mig-28,aircraft,WeaponSystem4,US_AIR_CHAFF_DISP,Chaff,WeaponMagazineChaff,Ammunition1,wp_aircraft_chaff,25
wp_p-42,aircraft,WeaponSystem3,WP_AIR_CHAFF_DISP,Chaff,WeaponMagazineChaff,Ammunition1,wp_aircraft_chaff,15
wp_p-42_rldn,aircraft,WeaponSystem2,WP_AIR_CHAFF_DISP,Chaff,WeaponMagazineChaff,Ammunition1,wp_aircraft_chaff,15
wp_su-24a,aircraft,WeaponSystem2,GSh-6-23,CIWS,WeaponMagazineGun,Ammunition1,wp_cal_23mm,500
wp_su-24a,aircraft,WeaponSystem3,WP_AIR_CHAFF_DISP,Chaff,WeaponMagazineChaff,Ammunition1,wp_aircraft_chaff,15
wp_su-24m,aircraft,WeaponSystem2,GSh-6-23,CIWS,WeaponMagazineGun,Ammunition1,wp_cal_23mm,500
wp_su-24m,aircraft,WeaponSystem3,WP_AIR_CHAFF_DISP,Chaff,WeaponMagazineChaff,Ammunition1,wp_aircraft_chaff,15
wp_taifun,aircraft,WeaponSystem3,NN-37,CIWS,WeaponMagazine_N-37,Ammunition1,wp_cal_37mm,80
wp_taifun,aircraft,WeaponSystem4,WP_AIR_CHAFF_DISP,Chaff,WeaponMagazineChaff,Ammunition1,wp_aircraft_chaff,15
wp_taifun_ew,aircraft,WeaponSystem2,WP_AIR_CHAFF_DISP,Chaff,WeaponMagazineChaff,Ammunition1,wp_aircraft_chaff,15
wp_tu-142m,aircraft,WeaponSystem2,GSh-23L,CIWS,WeaponMagazineGSh-23L,Ammunition1,wp_cal_23mm,400
wp_tu-142m,aircraft,WeaponSystem3,WP_AIR_CHAFF_DISP,Chaff,WeaponMagazineChaff,Ammunition1,wp_aircraft_chaff,20
wp_tu-16,aircraft,WeaponSystem2,GSh-23L,CIWS,WeaponMagazineGSh-23L,Ammunition1,wp_cal_23mm,400
wp_tu-16,aircraft,WeaponSystem3,WP_AIR_CHAFF_DISP,Chaff,WeaponMagazineChaff,Ammunition1,wp_aircraft_chaff,20
wp_tu-16k,aircraft,WeaponSystem2,AM-23,CIWS,WeaponMagazine1AM-23,Ammunition1,wp_cal_23mm,400
wp_tu-16k,aircraft,WeaponSystem3,AM-23,CIWS,WeaponMagazine2AM-23,Ammunition1,wp_cal_23mm,400
wp_tu-16k,aircraft,WeaponSystem4,AM-23,CIWS,WeaponMagazine3AM-23,Ammunition1,wp_cal_23mm,400
wp_tu-16k,aircraft,WeaponSystem5,WP_AIR_CHAFF_DISP,Chaff,WeaponMagazineChaff,Ammunition1,wp_aircraft_chaff,20
wp_tu-16n,aircraft,WeaponSystem2,AM-23,CIWS,WeaponMagazine1AM-23,Ammunition1,wp_cal_23mm,400
wp_tu-16n,aircraft,WeaponSystem3,AM-23,CIWS,WeaponMagazine2AM-23,Ammunition1,wp_cal_23mm,400
wp_tu-16n,aircraft,WeaponSystem4,AM-23,CIWS,WeaponMagazine3AM-23,Ammunition1,wp_cal_23mm,400
wp_tu-16n,aircraft,WeaponSystem5,WP_AIR_CHAFF_DISP,Chaff,WeaponMagazineChaff,Ammunition1,wp_aircraft_chaff,20
wp_tu-16p,aircraft,WeaponSystem2,WP_AIR_CHAFF_DISP,Chaff,WeaponMagazineChaff,Ammunition1,wp_aircraft_chaff,20
wp_tu-22m2,aircraft,WeaponSystem2,GSh-23L,CIWS,WeaponMagazineGSh-23L,Ammunition1,wp_cal_23mm,400
wp_tu-22m2,aircraft,WeaponSystem3,WP_AIR_CHAFF_DISP,Chaff,WeaponMagazineChaff,Ammunition1,wp_aircraft_chaff,20
wp_tu-95rt,aircraft,WeaponSystem2,AM-23,CIWS,WeaponMagazine1AM-23,Ammunition1,wp_cal_23mm,400
wp_tu-95rt,aircraft,WeaponSystem3,AM-23,CIWS,WeaponMagazine2AM-23,Ammunition1,wp_cal_23mm,400
wp_tu-95rt,aircraft,WeaponSystem4,AM-23,CIWS,WeaponMagazine3AM-23,Ammunition1,wp_cal_23mm,400
wp_tu-95rt,aircraft,WeaponSystem5,WP_AIR_CHAFF_DISP,Chaff,WeaponMagazineChaff,Ammunition1,wp_aircraft_chaff,20
wp_yak-38,aircraft,WeaponSystem2,WP_AIR_CHAFF_DISP,Chaff,WeaponMagazineChaff,Ammunition1,wp_aircraft_chaff,15
civ_car_pickup_1983_type63,land_units,WeaponSystem1,Type63_MLRS,Missile,WeaponMagazine107mm,Ammunition1,ir_107mm_rocket,36
civ_car_pickup_1983_ub-16,land_units,WeaponSystem1,UB-16-57_KV_TWIN_MLRS,Missile,WeaponMagazine,Ammunition1,wp_s-5,32
civ_car_pickup_1983_zu-23,land_units,WeaponSystem1,23mm_ZU-23,CIWS,WeaponMagazine,Ammunition1,wp_cal_23mm,2000
fin_100_56_TK,land_units,WeaponSystem1,100mm_D-10,Gun,WeaponMagazine,Ammunition1,wp_cal_100mm_d10,200
iqa_mbt_t-55_70,land_units,WeaponSystem1,100mm_D-10,Gun,WeaponMagazineGun,Ammunition1,wp_cal_100mm_d10,43
iqa_mbt_t-55_70,land_units,WeaponSystem2,12.7mm_DSHK,CIWS,WeaponMagazineCIWS,Ammunition1,wp_cal_05in,2000
jsdf_apc_type60,land_units,WeaponSystem1,M2HB,CIWS,WeaponMagazineCIWS,Ammunition1,usn_cal_05in,2000
jsdf_apc_type73,land_units,WeaponSystem1,M2HB,CIWS,WeaponMagazineCIWS,Ammunition1,usn_cal_05in,2000
jsdf_mbt_type74,land_units,WeaponSystem1,L7,Gun,WeaponMagazineGun,Ammunition1,usn_cal_105mm,54
jsdf_sam_type81,land_units,WeaponSystem1,TanSAM1,Missile,WeaponMagazineMissile,Ammunition1,jsdf_sam1,12
nato_aaa_gdf,land_units,WeaponSystem1,Oerlikon_35mm_GDF,Gun,WeaponMagazine,Ammunition1,usn_cal_35mm,560
nato_sam_skyguard,land_units,WeaponSystem1,Skyguard_Sparrow,Missile,WeaponMagazine,Ammunition1,it_aspide_1,8
nv_130mm_coastal_artillery,land_units,WeaponSystem1,130mm_B-13,Gun,WeaponMagazine,Ammunition1,wp_cal_130mm,200
nv_bofors,land_units,WeaponSystem1,Bofors_L60,Gun,WeaponMagazine,Ammunition1,nv_cal_40mm,600
nv_coastal_artillery,land_units,WeaponSystem1,QF45,Gun,WeaponMagazine,Ammunition1,rn_cal_114mm,200
nv_ks-19,land_units,WeaponSystem1,KS-19_100mm,Gun,WeaponMagazine,Ammunition1,nv_cal_100mm,300
nv_mlrs_grad_emplacement,land_units,WeaponSystem1,GRAD-40,Missile,WeaponMagazineLauncher,Ammunition1,wp_grad,120
nv_s-60,land_units,WeaponSystem1,AZP_S-60,Gun,WeaponMagazine,Ammunition1,nv_cal_57mm,600
nv_zu-23,land_units,WeaponSystem1,23mm_ZU-23,CIWS,WeaponMagazine,Ammunition1,wp_cal_23mm,2000
pla_aaa_type55,land_units,WeaponSystem1,37mm_61K,Gun,WeaponMagazine,Ammunition1,wp_cal_37mm,600
pla_aaa_type65,land_units,WeaponSystem1,37mm_Type61,Gun,WeaponMagazine_37mm,Ammunition1,wp_cal_37mm,1200
pla_apc_type63,land_units,WeaponSystem1,12.7mm_DSHK,CIWS,WeaponMagazineCIWS,Ammunition1,wp_cal_05in,2000
pla_hy-1_launcher,land_units,WeaponSystem1,SS-N-2,Missile,WeaponMagazineMissile,Ammunition1,plan_hy-1,4
pla_hy-2_launcher,land_units,WeaponSystem1,SS-N-2,Missile,WeaponMagazineMissile,Ammunition1,plan_hy-2,4
pla_hy-3_launcher,land_units,WeaponSystem1,HY-3,Missile,WeaponMagazineMissile,Ammunition1,pla_hy-3,2
pla_hy-4_launcher,land_units,WeaponSystem1,SS-N-2,Missile,WeaponMagazineMissile,Ammunition1,plan_hy-4,4
pla_lt_type_63,land_units,WeaponSystem1,85mm_Type62,Gun,WeaponMagazineGun,Ammunition1,plan_cal_85mm_lt,47
pla_lt_type_63,land_units,WeaponSystem2,12.7mm_DSHK,CIWS,WeaponMagazineCIWS,Ammunition1,wp_cal_05in,2000
pla_spaag_type63,land_units,WeaponSystem1,37mm_Type61,Gun,WeaponMagazine_37mm,Ammunition1,wp_cal_37mm,500
raf_rapier_launcher,land_units,WeaponSystem1,Rapier,Missile,WeaponMagazineMissile,Ammunition1,raf_rapier,16
swe_ersta,land_units,WeaponSystem1,ERSTA,Gun,WeaponMagazine,Ammunition1,usn_cal_127mm,800
usa_aaa_m42,land_units,WeaponSystem1,M2A1,Gun,WeaponMagazine_40mm,Ammunition1,usn_cal_40mm,336
usa_aaa_m51,land_units,WeaponSystem1,M35,Gun,WeaponMagazine,Ammunition1,usn_cal_75mm,640
usa_aaa_vulcan,land_units,WeaponSystem1,M168,CIWS,WeaponMagazineCIWS,Ammunition1,usn_cal_20mm,1030
usa_apc_aav7,land_units,WeaponSystem1,M2HB,CIWS,WeaponMagazineCIWS,Ammunition1,usn_cal_05in,1100
usa_apc_m113,land_units,WeaponSystem1,M2HB,CIWS,WeaponMagazineCIWS,Ammunition1,usn_cal_05in,2000
usa_car_hmmwv_m2,land_units,WeaponSystem1,M2HB,CIWS,WeaponMagazineCIWS,Ammunition1,usn_cal_05in,900
usa_car_hmmwv_tow,land_units,WeaponSystem1,TOW,Missile,WeaponMagazineTOW,Ammunition1,usa_bgm-71c,7
usa_ifv_bradley,land_units,WeaponSystem1,TOW_M2,Missile,WeaponMagazineTOW,Ammunition1,usa_bgm-71c,7
usa_ifv_bradley,land_units,WeaponSystem2,M242,CIWS,WeaponMagazineGun,Ammunition1,wp_cal_25mm,900
usa_mbt_abrams,land_units,WeaponSystem1,M68A1,Gun,WeaponMagazineGun,Ammunition1,usn_cal_105mm,54
usa_mbt_m60,land_units,WeaponSystem1,M68A1,Gun,WeaponMagazineGun,Ammunition1,usn_cal_105mm,54
usa_mim-23_launcher,land_units,WeaponSystem1,M-192,Missile,WeaponMagazineMissile,Ammunition1,usa_mim-23,9
usa_mlrs_m270,land_units,WeaponSystem1,MLRS,Missile,WeaponMagazineLauncher,Ammunition1,usa_m26,36
usa_sam_site_nike_hercules,land_units,WeaponSystem1+WeaponSystem2+WeaponSystem3+WeaponSystem4+WeaponSystem5+WeaponSystem6+WeaponSystem7+WeaponSystem8+WeaponSystem9+WeaponSystem10+WeaponSystem11+WeaponSystem12,Nike_Hercules,Missile,WeaponMagazineMissile,Ammunition1,usa_mim-14,36
usa_sam_site_nike_hercules,land_units,WeaponSystem13+WeaponSystem14,M35,Gun,WeaponMagazineGDF,Ammunition1,usn_cal_75mm,2000
usa_spa_m109a2,land_units,WeaponSystem1,M185,Gun,WeaponMagazineGun,Ammunition1,usn_cal_155mm,31
usa_spa_m110a1,land_units,WeaponSystem1,M201,Gun,WeaponMagazineGun,Ammunition1,usn_cal_203mm,31
wp_aaa_61K,land_units,WeaponSystem1,37mm_61K,Gun,WeaponMagazine,Ammunition1,wp_cal_37mm,600
wp_aaa_ural_61K,land_units,WeaponSystem1,37mm_61K,Gun,WeaponMagazine,Ammunition1,wp_cal_37mm,600
wp_aaa_ural_s-60,land_units,WeaponSystem1,AZP_S-60,Gun,WeaponMagazine,Ammunition1,nv_cal_57mm,600
wp_aaa_ural_zu-23,land_units,WeaponSystem1,23mm_ZU-23,CIWS,WeaponMagazine,Ammunition1,wp_cal_23mm,2000
wp_asc_redut,land_units,WeaponSystem1,SS-N-3_Redut,Missile,WeaponMagazineMissile,Ammunition1,wp_ss-n-3b,1
wp_asc_rubezh,land_units,WeaponSystem1,SS-N-2,Missile,WeaponMagazineMissile,Ammunition1,wp_ss-n-2c,4
wp_lt_pt-76,land_units,WeaponSystem1,76mm_D-56,Gun,WeaponMagazineGun,Ammunition1,wp_cal_76mm_d56,40
wp_mbt_t-55,land_units,WeaponSystem1,100mm_D-10,Gun,WeaponMagazineGun,Ammunition1,wp_cal_100mm_d10,43
wp_mbt_t-55,land_units,WeaponSystem2,12.7mm_DSHK,CIWS,WeaponMagazineCIWS,Ammunition1,wp_cal_05in,2000
wp_mbt_t-55m,land_units,WeaponSystem1,Bastion,Missile,WeaponMagazineMissile,Ammunition1,wp_at-10,8
wp_mbt_t-55m,land_units,WeaponSystem2,100mm_D-10,Gun,WeaponMagazineGun,Ammunition1,wp_cal_100mm_d10,35
wp_mbt_t-55m,land_units,WeaponSystem3,12.7mm_DSHK,CIWS,WeaponMagazineCIWS,Ammunition1,wp_cal_05in,2000
wp_mbt_t-72a,land_units,WeaponSystem1,2A46,Gun,WeaponMagazineGun,Ammunition1,wp_cal_125mm,43
wp_mbt_t-72a,land_units,WeaponSystem2,12.7mm_NSVT,CIWS,WeaponMagazineCIWS,Ammunition1,wp_cal_05in,2000
wp_mlrs_bm-21,land_units,WeaponSystem1,GRAD-40_BM21,Missile,WeaponMagazineLauncher,Ammunition1,wp_grad,120
wp_sa-11_launcher,land_units,WeaponSystem1,SA-11,Missile,WeaponMagazineMissile,Ammunition1,wp_sa-11,4
wp_sa-13_launcher,land_units,WeaponSystem1,SA-13,Missile,WeaponMagazineMissile,Ammunition1,wp_sa-13,8
wp_sa-3_launcher,land_units,WeaponSystem1,SA-3,Missile,WeaponMagazineMissile,Ammunition1,wp_sa-3,4
wp_sa-6_launcher,land_units,,,,WeaponMagazineMissile,Ammunition1,wp_sa-6,3
wp_sa-7_launcher,land_units,WeaponSystem1,SA-7,Missile,WeaponMagazineMissile,Ammunition1,wp_sa-n-5,3
wp_sa-8_launcher,land_units,WeaponSystem1,SA-8,Missile,WeaponMagazineMissile,Ammunition1,wp_sa-8,18
wp_sam_site_sa-11,land_units,WeaponSystem1+WeaponSystem2+WeaponSystem3+WeaponSystem4+WeaponSystem5+WeaponSystem6+WeaponSystem7+WeaponSystem8+WeaponSystem9,SA-11,Missile,WeaponMagazineMissile,Ammunition1,wp_sa-11,48
wp_sam_site_sa-11,land_units,WeaponSystem10+WeaponSystem11+WeaponSystem12,23mm_ZU-23,CIWS,WeaponMagazineAAA,Ammunition1,wp_cal_23mm,6000
wp_sam_site_sa-11_small,land_units,WeaponSystem1+WeaponSystem2+WeaponSystem3,SA-11,Missile,WeaponMagazineMissile,Ammunition1,wp_sa-11,16
wp_sam_site_sa-11_small,land_units,,,,WeaponMagazineAAA,Ammunition1,wp_cal_23mm,6000
wp_sam_site_sa-2,land_units,WeaponSystem1+WeaponSystem2+WeaponSystem3+WeaponSystem4+WeaponSystem5+WeaponSystem6,SA-2,Missile,WeaponMagazineSA-2,Ammunition1,wp_sa-2,18
wp_sam_site_sa-2_modernized,land_units,WeaponSystem1+WeaponSystem2+WeaponSystem3+WeaponSystem4+WeaponSystem5+WeaponSystem6,SA-2,Missile,WeaponMagazineSA-2,Ammunition1,wp_sa-2,18
wp_sam_site_sa-3,land_units,WeaponSystem1+WeaponSystem2+WeaponSystem3+WeaponSystem4,SA-3,Missile,WeaponMagazine_SA-3,Ammunition1,wp_sa-3,32
wp_sam_site_sa-5,land_units,WeaponSystem1+WeaponSystem2+WeaponSystem3+WeaponSystem4+WeaponSystem5+WeaponSystem6+WeaponSystem7+WeaponSystem8+WeaponSystem9+WeaponSystem10+WeaponSystem11+WeaponSystem12,SA-5,Missile,WeaponMagazineSA-5,Ammunition1,wp_sa-5,36
wp_silkworm_launcher,land_units,WeaponSystem1,SS-N-2,Missile,WeaponMagazineMissile,Ammunition1,plan_sy-1a,4
wp_spa_2s3,land_units,WeaponSystem1,2A33,Gun,WeaponMagazineGun,Ammunition1,wp_152mm_2a33,42
wp_zsu-57,land_units,WeaponSystem1,S-68,Gun,WeaponMagazine_57mm,Ammunition1,wp_cal_57mm_zsu,260
es_ffg_baleares,vessels,WeaponSystem1,MK22,Missile,WeaponMagazineMK22,Ammunition1,usn_rim-66b,16
es_ffg_baleares,vessels,,,,WeaponMagazineASROC,Ammunition1,usn_rur-5,16
es_ffg_baleares,vessels,WeaponSystem3+WeaponSystem4,MK32_Mod9,Torpedo,WeaponMagazineTorpedo,Ammunition1,usn_mk44_ship,22
es_ffg_baleares,vessels,WeaponSystem5,MK42,Gun,WeaponMagazineMK42,Ammunition1,usn_cal_127mm,600
es_ffg_baleares,vessels,WeaponSystem6,CSA_Mk2_Noisemaker_Ejector,Noisemaker,NoisemakerMagazine,Ammunition1,usn_adc_mk1_noisemaker,20
es_ss_galerna,vessels,WeaponSystem5+WeaponSystem6,VIPS_Noisemaker_Ejector,Noisemaker,NoisemakerMagazine,Ammunition1,wp_noisemaker,20
es_ssk_delfin,vessels,WeaponSystem13+WeaponSystem14,VIPS_Noisemaker_Ejector,Noisemaker,NoisemakerMagazine,Ammunition1,wp_noisemaker,20
fgs_ddg_lutjens,vessels,WeaponSystem1,MK13,Missile,WeaponMagazineMK13,Ammunition1,usn_rim-66b,34
fgs_ddg_lutjens,vessels,WeaponSystem1,MK13,Missile,WeaponMagazineMK13,Ammunition2,usn_rgm-84a,6
fgs_ddg_lutjens,vessels,WeaponSystem2,ASROC,Missile,WeaponMagazineASROC,Ammunition1,usn_rur-5,16
fgs_ddg_lutjens,vessels,WeaponSystem5,MK42,Gun,WeaponMagazineMK42_1,Ammunition1,usn_cal_127mm,600
fgs_ddg_lutjens,vessels,WeaponSystem6,MK42,Gun,WeaponMagazineMK42_2,Ammunition1,usn_cal_127mm,600
fgs_ddg_lutjens,vessels,WeaponSystem7,CSA_Mk2_Noisemaker_Ejector,Noisemaker,NoisemakerMagazine,Ammunition1,usn_adc_mk1_noisemaker,20
fgs_ptg_tiger,vessels,WeaponSystem3,MK75,Gun,WeaponMagazineGun,Ammunition1,usn_cal_76mm,800
fgs_ptg_tiger,vessels,WeaponSystem4,Bofors_L60,Gun,WeaponMagazineFastForty,Ammunition1,usn_cal_40mm,6000
fgs_ptg_tiger,vessels,,,,NoisemakerMagazine,Ammunition1,usn_adc_mk1_noisemaker,10
fgs_ss_type_205,vessels,WeaponSystem9,CSA_Mk2_Noisemaker_Ejector,Noisemaker,NoisemakerMagazine,Ammunition1,usn_adc_mk1_noisemaker,10
fgs_ss_type_206,vessels,WeaponSystem9,CSA_Mk2_Noisemaker_Ejector,Noisemaker,NoisemakerMagazine,Ammunition1,usn_adc_mk1_noisemaker,10
fr_ss_agosta,vessels,WeaponSystem5+WeaponSystem6,VIPS_Noisemaker_Ejector,Noisemaker,NoisemakerMagazine,Ammunition1,wp_noisemaker,20
fr_ss_daphne,vessels,WeaponSystem13+WeaponSystem14,VIPS_Noisemaker_Ejector,Noisemaker,NoisemakerMagazine,Ammunition1,wp_noisemaker,20
ins_ff_blackwood,vessels,WeaponSystem1,LIMBO_MK10,RBU,WeaponMagazine_LIMBO_left,Ammunition1,rn_limbo_shell,51
ins_ff_blackwood,vessels,WeaponSystem2,LIMBO_MK10,RBU,WeaponMagazine_LIMBO_right,Ammunition1,rn_limbo_shell,51
ins_ff_blackwood,vessels,WeaponSystem3,Bofors_L/60_MkIX,Gun,WeaponMagazine_Bofors_left,Ammunition1,usn_cal_40mm,800
ins_ff_blackwood,vessels,WeaponSystem4,Bofors_L/60_MkIX,Gun,WeaponMagazine_Bofors_right,Ammunition1,usn_cal_40mm,800
ins_ff_blackwood,vessels,WeaponSystem5,Bofors_L/60_MkIX,Gun,WeaponMagazine_Bofors_stern,Ammunition1,usn_cal_40mm,1400
ins_ff_blackwood,vessels,WeaponSystem6,CSA_Mk2_Noisemaker_Ejector,Noisemaker,NoisemakerMagazine,Ammunition1,usn_adc_mk1_noisemaker,20
ins_pt_saar,vessels,WeaponSystem2+WeaponSystem3+WeaponSystem4,Bofors_L60,Gun,WeaponMagazineGun,Ammunition1,usn_cal_40mm,1200
ins_pt_saar,vessels,,,,NoisemakerMagazine,Ammunition1,usn_adc_mk1_noisemaker,10
ins_ptg_aliya,vessels,WeaponSystem5,CSA_Mk2_Noisemaker_Ejector,Noisemaker,NoisemakerMagazine,Ammunition1,usn_adc_mk1_noisemaker,20
ins_ptg_hetz,vessels,WeaponSystem4,MK75,Gun,WeaponMagazineMK75,Ammunition1,usn_cal_76mm,200
ins_ptg_hetz,vessels,WeaponSystem6,CSA_Mk2_Noisemaker_Ejector,Noisemaker,NoisemakerMagazine,Ammunition1,usn_adc_mk1_noisemaker,20
ins_ptg_saar_2,vessels,WeaponSystem4,Breda_40mm_L/70,Gun,WeaponMagazineGun,Ammunition1,usn_cal_40mm,9000
ins_ptg_saar_2,vessels,,,,NoisemakerMagazine,Ammunition1,usn_adc_mk1_noisemaker,10
ins_ptg_saar_3,vessels,WeaponSystem3,MK75,Gun,WeaponMagazineGun,Ammunition1,usn_cal_76mm,400
ins_ptg_saar_3,vessels,WeaponSystem4+WeaponSystem5,Oerlikon_20mm,CIWS,WeaponMagazineOerlikon,Ammunition1,usn_cal_20mm,2400
ins_ptg_saar_4,vessels,WeaponSystem3,MK75,Gun,WeaponMagazineGun1,Ammunition1,usn_cal_76mm,300
ins_ptg_saar_4,vessels,WeaponSystem4,MK75,Gun,WeaponMagazineGun2,Ammunition1,usn_cal_76mm,300
ins_ptg_saar_4,vessels,WeaponSystem5,Oerlikon_20mm,CIWS,WeaponMagazineOerlikon1,Ammunition1,usn_cal_20mm,1200
ins_ptg_saar_4,vessels,WeaponSystem6,Oerlikon_20mm,CIWS,WeaponMagazineOerlikon2,Ammunition1,usn_cal_20mm,1200
ins_ptg_saar_4,vessels,,,,NoisemakerMagazine,Ammunition1,usn_adc_mk1_noisemaker,10
ins_ss_gal,vessels,WeaponSystem9,CSA_Mk2_Noisemaker_Ejector,Noisemaker,NoisemakerMagazine,Ammunition1,usn_adc_mk1_noisemaker,10
ir_aor_delvar,vessels,WeaponSystem1,Oerlikon_20mm_gambo,CIWS,WeaponMagazineGambo,Ammunition1,usn_cal_20mm,2400
ir_fab_boghammar,vessels,WeaponSystem1,107mm_Hasheb-1,Missile,WeaponMagazine107mm,Ammunition1,ir_107mm_rocket,441
ir_fab_boghammar,vessels,WeaponSystem2,12.7mm_DSHK_Dual,CIWS,WeaponMagazine50cal,Ammunition1,wp_cal_05in,3000
ir_ffg_alvand,vessels,WeaponSystem1,Seacat,Missile,WeaponMagazine_Seacat,Ammunition1,rn_seacat,10
ir_ffg_alvand,vessels,WeaponSystem3,LIMBO_MK10,RBU,WeaponMagazine_LIMBO,Ammunition1,rn_limbo_shell,51
ir_ffg_alvand,vessels,WeaponSystem4,Mark8,Gun,WeaponMagazineGun,Ammunition1,rn_cal_114mm,220
ir_ffg_alvand,vessels,WeaponSystem5,Breda_40mm_L/70,Gun,WeaponMagazineFastForty,Ammunition1,usn_cal_40mm,1200
ir_ffg_alvand,vessels,WeaponSystem6,CSA_Mk2_Noisemaker_Ejector,Noisemaker,NoisemakerMagazine,Ammunition1,usn_adc_mk1_noisemaker,20
ir_pf_bayandor,vessels,WeaponSystem1,MK34,Gun,WeaponMagazineGun_1,Ammunition1,usn_cal_3in50,740
ir_pf_bayandor,vessels,WeaponSystem2,MK34,Gun,WeaponMagazineGun_2,Ammunition1,usn_cal_3in50,520
ir_pf_bayandor,vessels,WeaponSystem3,Bofors_L60,Gun,WeaponMagazine_Bofors,Ammunition1,usn_cal_40mm,2600
ir_pf_bayandor,vessels,WeaponSystem4,23mm_ZU-23,CIWS,WeaponMagazineGun_4,Ammunition1,wp_cal_23mm,6400
ir_pf_bayandor,vessels,WeaponSystem5,23mm_ZU-23,CIWS,WeaponMagazineGun_5,Ammunition1,wp_cal_23mm,6400
ir_pf_bayandor,vessels,WeaponSystem6,CSA_Mk2_Noisemaker_Ejector,Noisemaker,NoisemakerMagazine,Ammunition1,usn_adc_mk1_noisemaker,24
ir_pt_kaivan,vessels,WeaponSystem3,Bofors_L60,Gun,WeaponMagazine_Bofors,Ammunition1,usn_cal_40mm,2400
ir_pt_parvin,vessels,WeaponSystem1,Oerlikon_20mm_gambo,CIWS,WeaponMagazineGun_1,Ammunition1,usn_cal_20mm,2400
ir_pt_parvin,vessels,WeaponSystem2,Oerlikon_20mm_gambo,CIWS,WeaponMagazineGun_2,Ammunition1,usn_cal_20mm,2400
ir_pt_parvin,vessels,WeaponSystem3,Bofors_L60,Gun,WeaponMagazine_Bofors,Ammunition1,usn_cal_40mm,1200
ir_pt_parvin,vessels,WeaponSystem4,CSA_Mk2_Noisemaker_Ejector,Noisemaker,NoisemakerMagazine,Ammunition1,usn_adc_mk1_noisemaker,6
ir_ptg_combattante_II,vessels,WeaponSystem3,MK75,Gun,WeaponMagazineGun,Ammunition1,usn_cal_76mm,800
ir_ptg_combattante_II,vessels,WeaponSystem4,Bofors_L60,Gun,WeaponMagazineFastForty,Ammunition1,usn_cal_40mm,6000
ir_ptg_combattante_II,vessels,,,,NoisemakerMagazine,Ammunition1,usn_adc_mk1_noisemaker,10
ir_ptg_kaivan,vessels,WeaponSystem3,23mm_ZU-23,CIWS,WeaponMagazineGun_1,Ammunition1,wp_cal_23mm,2400
jmsdf_dd_minegumo,vessels,WeaponSystem5,SR-375,RBU,WeaponMagazine_Type_71,Ammunition1,swe_375mm_rocket,12
jmsdf_dd_minegumo,vessels,WeaponSystem1+WeaponSystem2,MK32,Torpedo,WeaponMagazineTorpedo,Ammunition1,usn_mk46_ship,12
jmsdf_dd_minegumo,vessels,WeaponSystem3,MK33,Gun,WeaponMagazineMK33_1,Ammunition1,usn_cal_76mm,600
jmsdf_dd_minegumo,vessels,WeaponSystem4,MK33,Gun,WeaponMagazineMK33_2,Ammunition1,usn_cal_76mm,600
jmsdf_dd_minegumo,vessels,WeaponSystem6,CSA_Mk2_Noisemaker_Ejector,Noisemaker,NoisemakerMagazine,Ammunition1,usn_adc_mk1_noisemaker,20
jmsdf_dd_takatsuki,vessels,WeaponSystem6,SR-375,RBU,WeaponMagazine_Type_71,Ammunition1,swe_375mm_rocket,12
jmsdf_dd_takatsuki,vessels,WeaponSystem2+WeaponSystem3,MK32,Torpedo,WeaponMagazineTorpedo,Ammunition1,usn_mk46_ship,12
jmsdf_dd_takatsuki,vessels,WeaponSystem4,MK42,Gun,WeaponMagazineMK42_1,Ammunition1,usn_cal_127mm,600
jmsdf_dd_takatsuki,vessels,WeaponSystem5,MK42,Gun,WeaponMagazineMK42_2,Ammunition1,usn_cal_127mm,600
jmsdf_dd_takatsuki,vessels,WeaponSystem7,CSA_Mk2_Noisemaker_Ejector,Noisemaker,NoisemakerMagazine,Ammunition1,usn_adc_mk1_noisemaker,20
jmsdf_dd_yamagumo,vessels,WeaponSystem6,SR-375,RBU,WeaponMagazine_Type_71,Ammunition1,swe_375mm_rocket,12
jmsdf_dd_yamagumo,vessels,WeaponSystem4,MK33,Gun,WeaponMagazineMK33_1,Ammunition1,usn_cal_76mm,600
jmsdf_dd_yamagumo,vessels,WeaponSystem5,MK33,Gun,WeaponMagazineMK33_2,Ammunition1,usn_cal_76mm,600
jmsdf_dd_yamagumo,vessels,WeaponSystem7,CSA_Mk2_Noisemaker_Ejector,Noisemaker,NoisemakerMagazine,Ammunition1,usn_adc_mk1_noisemaker,20
jmsdf_ddg_tachikaze,vessels,WeaponSystem1,MK13,Missile,WeaponMagazineMK13,Ammunition1,usn_rim-66b,40
jmsdf_ddg_tachikaze,vessels,,,,WeaponMagazineMK13Late,Ammunition1,usn_rim-66e,34
jmsdf_ddg_tachikaze,vessels,,,,WeaponMagazineMK13Late,Ammunition2,usn_rgm-84c,6
jmsdf_ddg_tachikaze,vessels,WeaponSystem2,ASROC,Missile,WeaponMagazineASROC,Ammunition1,usn_rur-5,16
jmsdf_ddg_tachikaze,vessels,WeaponSystem3+WeaponSystem4,MK32,Torpedo,WeaponMagazineTorpedo,Ammunition1,usn_mk46_ship,18
jmsdf_ddg_tachikaze,vessels,WeaponSystem5,MK42,Gun,WeaponMagazineMK42_1,Ammunition1,usn_cal_127mm,600
jmsdf_ddg_tachikaze,vessels,WeaponSystem6,MK42,Gun,WeaponMagazineMK42_2,Ammunition1,usn_cal_127mm,600
jmsdf_ddg_tachikaze,vessels,WeaponSystem7,CSA_Mk2_Noisemaker_Ejector,Noisemaker,NoisemakerMagazine,Ammunition1,usn_adc_mk1_noisemaker,20
jmsdf_ddh_haruna,vessels,WeaponSystem2+WeaponSystem3,MK32,Torpedo,WeaponMagazineTorpedo,Ammunition1,usn_mk46_ship,12
jmsdf_ddh_haruna,vessels,WeaponSystem4,MK42,Gun,WeaponMagazineMK42_1,Ammunition1,usn_cal_127mm,600
jmsdf_ddh_haruna,vessels,WeaponSystem5,MK42,Gun,WeaponMagazineMK42_2,Ammunition1,usn_cal_127mm,600
jmsdf_ddh_haruna,vessels,WeaponSystem6,CSA_Mk2_Noisemaker_Ejector,Noisemaker,NoisemakerMagazine,Ammunition1,usn_adc_mk1_noisemaker,20
jmsdf_ss_asashio,vessels,WeaponSystem9+WeaponSystem10,VIPS_Noisemaker_Ejector,Noisemaker,NoisemakerMagazine,Ammunition1,wp_noisemaker,20
jmsdf_ss_uzushio,vessels,WeaponSystem7+WeaponSystem8,CSA_Mk2_Noisemaker_Ejector,Noisemaker,NoisemakerMagazine,Ammunition1,usn_adc_mk1_noisemaker,20
jmsdf_ss_yushio,vessels,WeaponSystem7+WeaponSystem8,CSA_Mk2_Noisemaker_Ejector,Noisemaker,NoisemakerMagazine,Ammunition1,usn_adc_mk1_noisemaker,20
knm_ffg_oslo,vessels,WeaponSystem1,MK29,Missile,WeaponMagazine_SAM,Ammunition1,usn_rim-7h,16
knm_ffg_oslo,vessels,WeaponSystem3,Terne,RBU,WeaponMagazine_Terne,Ammunition1,knm_terne_shell,36
knm_ffg_oslo,vessels,WeaponSystem6,MK33_Oslo,Gun,WeaponMagazine_76mm,Ammunition1,usn_cal_3in50,600
knm_ffg_oslo,vessels,WeaponSystem7,Bofors_L60,Gun,WeaponMagazine_40mm,Ammunition1,usn_cal_40mm,1400
knm_ffg_oslo,vessels,WeaponSystem8,CSA_Mk2_Noisemaker_Ejector,Noisemaker,NoisemakerMagazine,Ammunition1,usn_adc_mk1_noisemaker,20
knm_fs_sleipner,vessels,WeaponSystem1,Terne,RBU,WeaponMagazine_Terne,Ammunition1,knm_terne_shell,36
knm_fs_sleipner,vessels,WeaponSystem4,MK33_Oslo,Gun,WeaponMagazine_76mm,Ammunition1,usn_cal_3in50,600
knm_fs_sleipner,vessels,WeaponSystem5,Bofors_L60,Gun,WeaponMagazine_40mm,Ammunition1,usn_cal_40mm,1400
knm_fs_sleipner,vessels,WeaponSystem6,CSA_Mk2_Noisemaker_Ejector,Noisemaker,NoisemakerMagazine,Ammunition1,usn_adc_mk1_noisemaker,20
knm_msc_sauda,vessels,WeaponSystem1,Oerlikon_20mm_v2,CIWS,WeaponMagazineOerlikon,Ammunition1,usn_cal_20mm,2500
knm_msc_sauda,vessels,WeaponSystem2,50BMG,CIWS,WeaponMagazine_50BMG,Ammunition1,usn_cal_05in,6500
knm_ptg_hauk,vessels,WeaponSystem4,Bofors_L60,Gun,WeaponMagazine_40mm,Ammunition1,usn_cal_40mm,600
knm_ptg_hauk,vessels,WeaponSystem5,Oerlikon_20mm_v2,CIWS,WeaponMagazine_20mm,Ammunition1,usn_cal_20mm,1200
knm_ptg_hauk,vessels,WeaponSystem6,CSA_Mk2_Noisemaker_Ejector,Noisemaker,NoisemakerMagazine,Ammunition1,usn_adc_mk1_noisemaker,20
knm_ptg_snogg,vessels,WeaponSystem6,Bofors_L60,Gun,WeaponMagazine_40mm,Ammunition1,usn_cal_40mm,600
knm_ptg_snogg,vessels,,,,WeaponMagazine_20mm,Ammunition1,usn_cal_20mm,1200
knm_ptg_snogg,vessels,WeaponSystem7,CSA_Mk2_Noisemaker_Ejector,Noisemaker,NoisemakerMagazine,Ammunition1,usn_adc_mk1_noisemaker,20
knm_ss_kobben,vessels,WeaponSystem9,CSA_Mk2_Noisemaker_Ejector,Noisemaker,NoisemakerMagazine,Ammunition1,usn_adc_mk1_noisemaker,10
ln_ptg_beir_grassa,vessels,WeaponSystem3,MK75,Gun,WeaponMagazineGun,Ammunition1,usn_cal_76mm,800
ln_ptg_beir_grassa,vessels,WeaponSystem4,Bofors_L60,Gun,WeaponMagazineFastForty,Ammunition1,usn_cal_40mm,6000
ln_ptg_beir_grassa,vessels,,,,NoisemakerMagazine,Ammunition1,usn_adc_mk1_noisemaker,10
nrp_ssk_albacora,vessels,WeaponSystem13+WeaponSystem14,VIPS_Noisemaker_Ejector,Noisemaker,NoisemakerMagazine,Ammunition1,wp_noisemaker,20
plan_ap_qiongsha,vessels,WeaponSystem1+WeaponSystem2+WeaponSystem3+WeaponSystem4,14.5mm_Type69,CIWS,WeaponMagazine14mm,Ammunition1,wp_cal_14mm,1300
plan_dd_luda1,vessels,WeaponSystem5,130mm_Type76,Gun,WeaponMagazine_130mm_1,Ammunition1,plan_cal_130mm,300
plan_dd_luda1,vessels,WeaponSystem6,130mm_Type76,Gun,WeaponMagazine_130mm_2,Ammunition1,plan_cal_130mm,300
plan_dd_luda1,vessels,WeaponSystem7+WeaponSystem8,37mm_Type61_MB,Gun,WeaponMagazine_37mm_1,Ammunition1,wp_cal_37mm,1100
plan_dd_luda1,vessels,WeaponSystem9+WeaponSystem10,37mm_Type61_MB,Gun,WeaponMagazine_37mm_2,Ammunition1,wp_cal_37mm,1100
plan_dd_luda1,vessels,WeaponSystem11+WeaponSystem12+WeaponSystem13+WeaponSystem14,25mm_2M-3,CIWS,WeaponMagazineCIWS,Ammunition1,wp_cal_25mm,2600
plan_dd_luda1,vessels,WeaponSystem3+WeaponSystem4,FQF-2500,RBU,WeaponMagazine_FQF-2500,Ammunition1,plan_type75dc,96
plan_dd_luda1,vessels,WeaponSystem15,CSA_Mk2_Noisemaker_Ejector,Noisemaker,NoisemakerMagazine,Ammunition1,usn_adc_mk1_noisemaker,20
plan_ff_chengdu,vessels,WeaponSystem4,100mm_B-34,Gun,WeaponMagazine_100mm_1,Ammunition1,wp_cal_100mm_cm5,300
plan_ff_chengdu,vessels,WeaponSystem5,100mm_B-34,Gun,WeaponMagazine_100mm_2,Ammunition1,wp_cal_100mm_cm5,300
plan_ff_chengdu,vessels,WeaponSystem6,100mm_B-34,Gun,WeaponMagazine_100mm_3,Ammunition1,wp_cal_100mm_cm5,300
plan_ff_chengdu,vessels,WeaponSystem7+WeaponSystem8,37mm_Type61_MB,Gun,WeaponMagazine_37mm_1,Ammunition1,wp_cal_37mm,1100
plan_ff_chengdu,vessels,WeaponSystem2+WeaponSystem3,FQF-1200,RBU,WeaponMagazine_RBU1200,Ammunition1,plan_type62dc,40
plan_ff_chengdu,vessels,WeaponSystem9,CSA_Mk2_Noisemaker_Ejector,Noisemaker,NoisemakerMagazine,Ammunition1,usn_adc_mk1_noisemaker,20
plan_ff_jianghu1,vessels,WeaponSystem5,100mm_Type79A,Gun,WeaponMagazine_100mm_1,Ammunition1,wp_cal_100mm_cm5,300
plan_ff_jianghu1,vessels,WeaponSystem6,100mm_Type79A,Gun,WeaponMagazine_100mm_2,Ammunition1,wp_cal_100mm_cm5,300
plan_ff_jianghu1,vessels,WeaponSystem7+WeaponSystem8,37mm_Type61_MB,Gun,WeaponMagazine_37mm_1,Ammunition1,wp_cal_37mm,1100
plan_ff_jianghu1,vessels,WeaponSystem9+WeaponSystem10,37mm_Type61_MB,Gun,WeaponMagazine_37mm_2,Ammunition1,wp_cal_37mm,1100
plan_ff_jianghu1,vessels,WeaponSystem11+WeaponSystem12,37mm_Type61_MB,Gun,WeaponMagazine_37mm_3,Ammunition1,wp_cal_37mm,1100
plan_ff_jianghu1,vessels,WeaponSystem3+WeaponSystem4,FQF-1200,RBU,WeaponMagazine_FQF-1200,Ammunition1,plan_type62dc,40
plan_ff_jianghu1,vessels,WeaponSystem13,CSA_Mk2_Noisemaker_Ejector,Noisemaker,NoisemakerMagazine,Ammunition1,usn_adc_mk1_noisemaker,20
plan_ff_jianghu2,vessels,WeaponSystem5,100mm_Type79A,Gun,WeaponMagazine_100mm_1,Ammunition1,wp_cal_100mm_cm5,300
plan_ff_jianghu2,vessels,WeaponSystem6,100mm_Type79A,Gun,WeaponMagazine_100mm_2,Ammunition1,wp_cal_100mm_cm5,300
plan_ff_jianghu2,vessels,,,,WeaponMagazine_100mm_3,Ammunition1,wp_cal_100mm_cm5,300
plan_ff_jianghu2,vessels,WeaponSystem7+WeaponSystem8,37mm_Type61_MB,Gun,WeaponMagazine_37mm_1,Ammunition1,wp_cal_37mm,1100
plan_ff_jianghu2,vessels,,,,WeaponMagazine_SAM_1,Ammunition1,pla_pl-5c,8
plan_ff_jianghu2,vessels,WeaponSystem9+WeaponSystem10,37mm_Type61_MB,Gun,WeaponMagazine_37mm_2,Ammunition1,wp_cal_37mm,1100
plan_ff_jianghu2,vessels,,,,WeaponMagazine_SAM_2,Ammunition1,pla_pl-5c,8
plan_ff_jianghu2,vessels,WeaponSystem3+WeaponSystem4,FQF-1200,RBU,WeaponMagazine_RBU1200,Ammunition1,plan_type62dc,40
plan_ff_jianghu2,vessels,WeaponSystem11,CSA_Mk2_Noisemaker_Ejector,Noisemaker,NoisemakerMagazine,Ammunition1,usn_adc_mk1_noisemaker,20
plan_ff_jianghu3,vessels,WeaponSystem7,100mm_Type79A,Gun,WeaponMagazine_100mm_1,Ammunition1,wp_cal_100mm_cm5,300
plan_ff_jianghu3,vessels,WeaponSystem8,100mm_Type79A,Gun,WeaponMagazine_100mm_2,Ammunition1,wp_cal_100mm_cm5,300
plan_ff_jianghu3,vessels,WeaponSystem9+WeaponSystem10,37mm_Type61_MB,Gun,WeaponMagazine_37mm_1,Ammunition1,wp_cal_37mm,1100
plan_ff_jianghu3,vessels,WeaponSystem11+WeaponSystem12,37mm_Type61_MB,Gun,WeaponMagazine_37mm_2,Ammunition1,wp_cal_37mm,1100
plan_ff_jianghu3,vessels,WeaponSystem5+WeaponSystem6,FQF-1200D,RBU,WeaponMagazine_FQF-1200,Ammunition1,plan_type62dc,40
plan_ff_jianghu3,vessels,WeaponSystem13,CSA_Mk2_Noisemaker_Ejector,Noisemaker,NoisemakerMagazine,Ammunition1,usn_adc_mk1_noisemaker,20
plan_ffg_jiangdong,vessels,WeaponSystem1,AJK-01,Missile,WeaponMagazineHQ61_1,Ammunition1,plan_hq-61,12
plan_ffg_jiangdong,vessels,WeaponSystem2,AJK-01,Missile,WeaponMagazineHQ61_2,Ammunition1,plan_hq-61,12
plan_ffg_jiangdong,vessels,WeaponSystem5,100mm_Type79A,Gun,WeaponMagazine_100mm_1,Ammunition1,wp_cal_100mm_cm5,300
plan_ffg_jiangdong,vessels,WeaponSystem6,100mm_Type79A,Gun,WeaponMagazine_100mm_2,Ammunition1,wp_cal_100mm_cm5,300
plan_ffg_jiangdong,vessels,,,,WeaponMagazine_100mm_3,Ammunition1,wp_cal_100mm_cm5,300
plan_ffg_jiangdong,vessels,WeaponSystem7+WeaponSystem8,37mm_Type61_MB,Gun,WeaponMagazine_37mm_1,Ammunition1,wp_cal_37mm,1100
plan_ffg_jiangdong,vessels,WeaponSystem9+WeaponSystem10,37mm_Type61_MB,Gun,WeaponMagazine_37mm_2,Ammunition1,wp_cal_37mm,1100
plan_ffg_jiangdong,vessels,WeaponSystem3+WeaponSystem4,FQF-1200,RBU,WeaponMagazine_RBU1200,Ammunition1,plan_type62dc,40
plan_ffg_jiangdong,vessels,WeaponSystem11,CSA_Mk2_Noisemaker_Ejector,Noisemaker,NoisemakerMagazine,Ammunition1,usn_adc_mk1_noisemaker,20
plan_k_type_037,vessels,WeaponSystem6+WeaponSystem7+WeaponSystem8+WeaponSystem9,FQF-1200,RBU,WeaponMagazine_RBU1200,Ammunition1,plan_type62dc,60
plan_k_type_037,vessels,WeaponSystem2+WeaponSystem3,57mm_Type66,Gun,WeaponMagazine_57mm,Ammunition1,wp_cal_57mm,3200
plan_k_type_037,vessels,WeaponSystem4,25mm_2M-3,CIWS,WeaponMagazineCIWS,Ammunition1,wp_cal_25mm,2600
plan_k_type_037,vessels,WeaponSystem5,25mm_2M-3,CIWS,WeaponMagazineCIWS_2,Ammunition1,wp_cal_25mm,2600
plan_k_type_037,vessels,WeaponSystem1,Soviet_DC,RBU,WeaponMagazine_DC,Ammunition1,wp_dc_shell,18
plan_lst_yukan,vessels,WeaponSystem1+WeaponSystem2,57mm_Type66,Gun,WeaponMagazine_57mm_1,Ammunition1,wp_cal_57mm,1100
plan_lst_yukan,vessels,WeaponSystem3+WeaponSystem4,57mm_Type66,Gun,WeaponMagazine_57mm_2,Ammunition1,wp_cal_57mm,1100
plan_lst_yukan,vessels,WeaponSystem5+WeaponSystem6,25mm_2M-3,CIWS,WeaponMagazine25mm_fwd,Ammunition1,wp_cal_25mm,1300
plan_lst_yukan,vessels,WeaponSystem7+WeaponSystem8,25mm_2M-3,CIWS,WeaponMagazine25mm_rear,Ammunition1,wp_cal_25mm,1300
plan_msc_type_010,vessels,WeaponSystem1,Soviet_DC,RBU,WeaponMagazine_DC,Ammunition1,wp_dc_shell,24
plan_msc_type_010,vessels,WeaponSystem2+WeaponSystem3,37mm_Type61,Gun,WeaponMagazine_37mm,Ammunition1,wp_cal_37mm,2000
plan_msc_type_010,vessels,WeaponSystem4+WeaponSystem5+WeaponSystem6+WeaponSystem7,25mm_2M-3,CIWS,WeaponMagazineCIWS,Ammunition1,wp_cal_25mm,2600
plan_pt_shanghai2,vessels,WeaponSystem6,FQF-1200,RBU,WeaponMagazine_RBU1200_front,Ammunition1,wp_rgb-12,30
plan_pt_shanghai2,vessels,WeaponSystem7,FQF-1200,RBU,WeaponMagazine_RBU1200_rear,Ammunition1,wp_rgb-12,30
plan_pt_shanghai2,vessels,WeaponSystem2+WeaponSystem3,37mm_Type61,Gun,WeaponMagazine_37mm,Ammunition1,wp_cal_37mm,3200
plan_pt_shanghai2,vessels,WeaponSystem4,25mm_2M-3,CIWS,WeaponMagazineCIWS_1,Ammunition1,wp_cal_25mm,1600
plan_pt_shanghai2,vessels,WeaponSystem5,25mm_2M-3,CIWS,WeaponMagazineCIWS_2,Ammunition1,wp_cal_25mm,1600
plan_pt_shanghai2,vessels,WeaponSystem1,Soviet_DC,RBU,WeaponMagazine_DC,Ammunition1,wp_dc_shell,18
plan_pt_shanghai2b,vessels,WeaponSystem2,37mm_Type61,Gun,WeaponMagazine_37mm_front,Ammunition1,wp_cal_37mm,1600
plan_pt_shanghai2b,vessels,WeaponSystem3,37mm_Type61,Gun,WeaponMagazine_37mm_rear,Ammunition1,wp_cal_37mm,1600
plan_pt_shanghai2b,vessels,WeaponSystem4,25mm_2M-3,CIWS,WeaponMagazineCIWS_1,Ammunition1,wp_cal_25mm,1500
plan_pt_shanghai2b,vessels,WeaponSystem5,25mm_2M-3,CIWS,WeaponMagazineCIWS_2,Ammunition1,wp_cal_25mm,1400
plan_pt_shanghai2b,vessels,WeaponSystem1,Soviet_DC,RBU,WeaponMagazine_DC,Ammunition1,wp_dc_shell,18
plan_ptg_type_024,vessels,WeaponSystem2,25mm_2M-3,CIWS,WeaponMagazineCIWS,Ammunition1,wp_cal_25mm,1600
plan_ss_romeo,vessels,WeaponSystem1+WeaponSystem2+WeaponSystem3+WeaponSystem4+WeaponSystem5+WeaponSystem6,NTA_533mm,Torpedo,WeaponMagazine_533mm_Fore,Ammunition1,plan_yu-1,12
plan_ss_romeo,vessels,,,,WeaponMagazine_533mmLate_Fore,Ammunition1,plan_yu-1g,8
plan_ss_romeo,vessels,,,,WeaponMagazine_533mmLate_Fore,Ammunition2,plan_yu-1,4
plan_ss_romeo,vessels,WeaponSystem7+WeaponSystem8,NTA_533mm,Torpedo,WeaponMagazine_533mm_Aft,Ammunition1,plan_yu-1,2
plan_ss_romeo,vessels,WeaponSystem9+WeaponSystem10,VIPS_Noisemaker_Ejector,Noisemaker,NoisemakerMagazine,Ammunition1,wp_noisemaker,20
plan_ssg_wuhan,vessels,WeaponSystem4+WeaponSystem5+WeaponSystem6+WeaponSystem7+WeaponSystem8+WeaponSystem9,NTA_533mm,Torpedo,WeaponMagazine_533mm_Fore,Ammunition1,plan_yu-1g,8
plan_ssg_wuhan,vessels,WeaponSystem4+WeaponSystem5+WeaponSystem6+WeaponSystem7+WeaponSystem8+WeaponSystem9,NTA_533mm,Torpedo,WeaponMagazine_533mm_Fore,Ammunition2,plan_yu-1,4
plan_ssg_wuhan,vessels,WeaponSystem10+WeaponSystem11,NTA_533mm,Torpedo,WeaponMagazine_533mm_Aft,Ammunition1,plan_yu-1,2
plan_ssg_wuhan,vessels,WeaponSystem12+WeaponSystem13,VIPS_Noisemaker_Ejector,Noisemaker,NoisemakerMagazine,Ammunition1,wp_noisemaker,20
plan_ssn_han,vessels,WeaponSystem7+WeaponSystem8,VIPS_Noisemaker_Ejector,Noisemaker,NoisemakerMagazine,Ammunition1,wp_noisemaker,20
pns_ss_hangor,vessels,WeaponSystem13+WeaponSystem14,VIPS_Noisemaker_Ejector,Noisemaker,NoisemakerMagazine,Ammunition1,wp_noisemaker,20
pns_ss_hashmat,vessels,WeaponSystem5+WeaponSystem6,VIPS_Noisemaker_Ejector,Noisemaker,NoisemakerMagazine,Ammunition1,wp_noisemaker,20
ran_ddg_perth,vessels,WeaponSystem1,MK13,Missile,WeaponMagazineMK13,Ammunition1,usn_rim-66b,40
ran_ddg_perth,vessels,,,,WeaponMagazineMK13Early,Ammunition1,usn_rim-24b,40
ran_ddg_perth,vessels,,,,WeaponMagazineMK13Late,Ammunition1,usn_rim-66e,34
ran_ddg_perth,vessels,,,,WeaponMagazineMK13Late,Ammunition2,usn_rgm-84c,6
ran_ddg_perth,vessels,WeaponSystem2+WeaponSystem3,Ikara,Missile,WeaponMagazineIkara,Ammunition1,ran_ikara,20
ran_ddg_perth,vessels,WeaponSystem6,MK42,Gun,WeaponMagazineMK42_1,Ammunition1,usn_cal_127mm,600
ran_ddg_perth,vessels,WeaponSystem7,MK42,Gun,WeaponMagazineMK42_2,Ammunition1,usn_cal_127mm,600
ran_ddg_perth,vessels,WeaponSystem8,CSA_Mk2_Noisemaker_Ejector,Noisemaker,NoisemakerMagazine,Ammunition1,usn_adc_mk1_noisemaker,20
ran_ffg_adelaide_shorthull,vessels,WeaponSystem1,MK13,Missile,WeaponMagazineMK13,Ammunition1,usn_rgm-84a,6
ran_ffg_adelaide_shorthull,vessels,WeaponSystem1,MK13,Missile,WeaponMagazineMK13,Ammunition2,usn_rim-66b,34
ran_ffg_adelaide_shorthull,vessels,,,,WeaponMagazineMK13Late,Ammunition1,usn_rgm-84c,6
ran_ffg_adelaide_shorthull,vessels,,,,WeaponMagazineMK13Late,Ammunition2,usn_rim-66e,34
ran_ffg_adelaide_shorthull,vessels,WeaponSystem4,MK75,Gun,WeaponMagazineMK75,Ammunition1,usn_cal_76mm,450
ran_ffg_adelaide_shorthull,vessels,WeaponSystem2+WeaponSystem3,MK32,Torpedo,WeaponMagazineTorpedo,Ammunition1,usn_mk46_ship,16
ran_ffg_adelaide_shorthull,vessels,WeaponSystem5,MK15,CIWS,WeaponMagazineCIWS,Ammunition1,usn_cal_20mm,20000
ran_ffg_adelaide_shorthull,vessels,WeaponSystem6,CSA_Mk2_Noisemaker_Ejector,Noisemaker,NoisemakerMagazine,Ammunition1,usn_adc_mk1_noisemaker,20
ran_ss_oberon,vessels,WeaponSystem9+WeaponSystem10,VIPS_Noisemaker_Ejector,Noisemaker,NoisemakerMagazine,Ammunition1,wp_noisemaker,20
rcn_ss_oberon,vessels,WeaponSystem9+WeaponSystem10,VIPS_Noisemaker_Ejector,Noisemaker,NoisemakerMagazine,Ammunition1,wp_noisemaker,20
rn_dd_battle,vessels,WeaponSystem1,Squid,RBU,WeaponMagazine_Squid,Ammunition1,rn_squid_shell,24
rn_dd_battle,vessels,WeaponSystem4,QF45_Dual,Gun,WeaponMagazineQF45_1,Ammunition1,rn_cal_113mm,600
rn_dd_battle,vessels,WeaponSystem5,QF45_Dual,Gun,WeaponMagazineQF45_2,Ammunition1,rn_cal_113mm,600
rn_dd_battle,vessels,WeaponSystem6+WeaponSystem7+WeaponSystem8+WeaponSystem9+WeaponSystem10+WeaponSystem11+WeaponSystem12+WeaponSystem13+WeaponSystem14+WeaponSystem15,Bofors_L/60_dual,Gun,WeaponMagazineBofors,Ammunition1,usn_cal_40mm,16200
rn_dd_c-class,vessels,WeaponSystem1+WeaponSystem2,Squid,RBU,WeaponMagazine_Squid,Ammunition1,rn_squid_shell,48
rn_dd_c-class,vessels,WeaponSystem4,QF45,Gun,WeaponMagazineQF45_1,Ammunition1,rn_cal_113mm,400
rn_dd_c-class,vessels,WeaponSystem5,QF45,Gun,WeaponMagazineQF45_2,Ammunition1,rn_cal_113mm,400
rn_dd_c-class,vessels,WeaponSystem6,QF45,Gun,WeaponMagazineQF45_3,Ammunition1,rn_cal_113mm,400
rn_dd_c-class,vessels,WeaponSystem7,Bofors_L/60_dual,Gun,WeaponMagazineBofors,Ammunition1,usn_cal_40mm,2400
rn_dd_c-class,vessels,WeaponSystem8,CSA_Mk2_Noisemaker_Ejector,Noisemaker,NoisemakerMagazine,Ammunition1,usn_adc_mk1_noisemaker,20
rn_dd_z-class,vessels,WeaponSystem3,QF45,Gun,WeaponMagazineGun_1,Ammunition1,rn_cal_113mm,400
rn_dd_z-class,vessels,WeaponSystem4,QF45,Gun,WeaponMagazineGun_2,Ammunition1,rn_cal_113mm,400
rn_dd_z-class,vessels,WeaponSystem5,QF45,Gun,WeaponMagazineGun_3,Ammunition1,rn_cal_113mm,400
rn_dd_z-class,vessels,WeaponSystem6,QF45,Gun,WeaponMagazineGun_4,Ammunition1,rn_cal_113mm,400
rn_dd_z-class,vessels,WeaponSystem7,Bofors_L60,Gun,WeaponMagazineBofors_1,Ammunition1,usn_cal_40mm,2400
rn_dd_z-class,vessels,WeaponSystem9,CSA_Mk2_Noisemaker_Ejector,Noisemaker,NoisemakerMagazine,Ammunition1,usn_adc_mk1_noisemaker,20
usn_ae_kilauea,vessels,WeaponSystem1,MK33,Gun,WeaponMagazineMK33_1,Ammunition1,usn_cal_3in50,600
usn_ae_kilauea,vessels,WeaponSystem2,MK33,Gun,WeaponMagazineMK33_2,Ammunition1,usn_cal_3in50,600
usn_ae_kilauea,vessels,WeaponSystem3+WeaponSystem4,MK15,CIWS,WeaponMagazineCIWS,Ammunition1,usn_cal_20mm,20000
usn_ao_t2,vessels,WeaponSystem1,Bofors_L/60_MkIX,Gun,WeaponMagazine_Bofors,Ammunition1,usn_cal_40mm,1200
usn_aoe_sacramento,vessels,WeaponSystem1,MK29,Missile,WeaponMagazine_SAM,Ammunition1,usn_rim-7m,24
usn_aoe_sacramento,vessels,WeaponSystem2+WeaponSystem3,MK15,CIWS,WeaponMagazineCIWS,Ammunition1,usn_cal_20mm,20000
usn_avp_barnegat,vessels,WeaponSystem1,MK30,Gun,WeaponMagazineMK30,Ammunition1,usn_cal_5in38,450
usn_avp_barnegat,vessels,WeaponSystem2,Bofors_L60,Gun,WeaponMagazine_Bofors,Ammunition1,usn_cal_40mm,3200
usn_avp_barnegat,vessels,WeaponSystem3,50BMG,CIWS,WeaponMagazineGun_left,Ammunition1,usn_cal_05in,6500
usn_avp_barnegat,vessels,WeaponSystem4,50BMG,CIWS,WeaponMagazineGun_right,Ammunition1,usn_cal_05in,6500
usn_avp_barnegat,vessels,WeaponSystem5,CSA_Mk2_Noisemaker_Ejector,Noisemaker,NoisemakerMagazine,Ammunition1,usn_adc_mk1_noisemaker,8
usn_avp_barnegat_mod,vessels,WeaponSystem3,MK30,Gun,WeaponMagazineMK30,Ammunition1,usn_cal_5in38,450
usn_avp_barnegat_mod,vessels,WeaponSystem4,Bofors_L60,Gun,WeaponMagazine_Bofors,Ammunition1,usn_cal_40mm,3200
usn_avp_barnegat_mod,vessels,WeaponSystem5,50BMG,CIWS,WeaponMagazineGun_left,Ammunition1,usn_cal_05in,6500
usn_avp_barnegat_mod,vessels,WeaponSystem6,50BMG,CIWS,WeaponMagazineGun_right,Ammunition1,usn_cal_05in,6500
usn_avp_barnegat_mod,vessels,WeaponSystem7,CSA_Mk2_Noisemaker_Ejector,Noisemaker,NoisemakerMagazine,Ammunition1,usn_adc_mk1_noisemaker,8
usn_bb_iowa,vessels,WeaponSystem13,MK7_Gun,Gun,WeaponMagazine_406mm_1,Ammunition1,usn_cal_406mm,390
usn_bb_iowa,vessels,WeaponSystem14,MK7_Gun,Gun,WeaponMagazine_406mm_2,Ammunition1,usn_cal_406mm,460
usn_bb_iowa,vessels,WeaponSystem15,MK7_Gun,Gun,WeaponMagazine_406mm_3,Ammunition1,usn_cal_406mm,370
usn_bb_iowa,vessels,WeaponSystem16,MK28,Gun,WeaponMagazine_127mm_1,Ammunition1,usn_cal_5in38,450
usn_bb_iowa,vessels,WeaponSystem17,MK28,Gun,WeaponMagazine_127mm_2,Ammunition1,usn_cal_5in38,450
usn_bb_iowa,vessels,WeaponSystem18,MK28,Gun,WeaponMagazine_127mm_3,Ammunition1,usn_cal_5in38,450
usn_bb_iowa,vessels,WeaponSystem19,MK28,Gun,WeaponMagazine_127mm_4,Ammunition1,usn_cal_5in38,450
usn_bb_iowa,vessels,WeaponSystem20,MK28,Gun,WeaponMagazine_127mm_5,Ammunition1,usn_cal_5in38,450
usn_bb_iowa,vessels,WeaponSystem21,MK28,Gun,WeaponMagazine_127mm_6,Ammunition1,usn_cal_5in38,450
usn_bb_iowa,vessels,WeaponSystem22+WeaponSystem23,MK15,CIWS,WeaponMagazineCIWS_1,Ammunition1,usn_cal_20mm,20000
usn_bb_iowa,vessels,WeaponSystem24+WeaponSystem25,MK15,CIWS,WeaponMagazineCIWS_2,Ammunition1,usn_cal_20mm,20000
usn_bb_iowa,vessels,WeaponSystem26,CSA_Mk2_Noisemaker_Ejector,Noisemaker,NoisemakerMagazine,Ammunition1,usn_adc_mk1_noisemaker,20
usn_cg_belknap,vessels,WeaponSystem1,MK10,Missile,WeaponMagazineMK10,Ammunition1,usn_rim-67b,40
usn_cg_belknap,vessels,WeaponSystem1,MK10,Missile,WeaponMagazineMK10,Ammunition2,usn_rur-5,20
usn_cg_belknap,vessels,WeaponSystem4+WeaponSystem5,MK32,Torpedo,WeaponMagazineTorpedo,Ammunition1,usn_mk46_mod5_ship,16
usn_cg_belknap,vessels,WeaponSystem6,MK42,Gun,WeaponMagazineMK42,Ammunition1,usn_cal_127mm,600
usn_cg_belknap,vessels,WeaponSystem7+WeaponSystem8,MK15,CIWS,WeaponMagazineCIWS,Ammunition1,usn_cal_20mm,20000
usn_cg_belknap,vessels,WeaponSystem9,CSA_Mk2_Noisemaker_Ejector,Noisemaker,NoisemakerMagazine,Ammunition1,usn_adc_mk1_noisemaker,20
usn_cg_belknap_72,vessels,WeaponSystem1,MK10,Missile,WeaponMagazineMK10,Ammunition1,usn_rim-2f,40
usn_cg_belknap_72,vessels,WeaponSystem1,MK10,Missile,WeaponMagazineMK10,Ammunition2,usn_rur-5,20
usn_cg_belknap_72,vessels,,,,WeaponMagazineMK10Late,Ammunition1,usn_rim-67a,40
usn_cg_belknap_72,vessels,,,,WeaponMagazineMK10Late,Ammunition2,usn_rur-5,20
usn_cg_belknap_72,vessels,WeaponSystem2+WeaponSystem3,MK32,Torpedo,WeaponMagazineTorpedo,Ammunition1,usn_mk46_ship,16
usn_cg_belknap_72,vessels,WeaponSystem4,MK42,Gun,WeaponMagazineMK42,Ammunition1,usn_cal_127mm,600
usn_cg_belknap_72,vessels,WeaponSystem5+WeaponSystem6,MK34,Gun,WeaponMagazineMk34,Ammunition1,usn_cal_3in50,3000
usn_cg_belknap_72,vessels,WeaponSystem7,CSA_Mk2_Noisemaker_Ejector,Noisemaker,NoisemakerMagazine,Ammunition1,usn_adc_mk1_noisemaker,20
usn_cg_leahy,vessels,WeaponSystem1,MK10,Missile,WeaponMagazineMK10_1,Ammunition1,usn_rim-67b,40
usn_cg_leahy,vessels,WeaponSystem2,MK10,Missile,WeaponMagazineMK10_2,Ammunition1,usn_rim-67b,40
usn_cg_leahy,vessels,WeaponSystem6+WeaponSystem7,MK32,Torpedo,WeaponMagazineTorpedo,Ammunition1,usn_mk46_mod5_ship,16
usn_cg_leahy,vessels,WeaponSystem8+WeaponSystem9,MK15,CIWS,WeaponMagazineCIWS,Ammunition1,usn_cal_20mm,20000
usn_cg_leahy,vessels,WeaponSystem10,CSA_Mk2_Noisemaker_Ejector,Noisemaker,NoisemakerMagazine,Ammunition1,usn_adc_mk1_noisemaker,20
usn_cg_leahy_68,vessels,WeaponSystem1,MK10,Missile,WeaponMagazineMK10_1,Ammunition1,usn_rim-2f,40
usn_cg_leahy_68,vessels,WeaponSystem2,MK10,Missile,WeaponMagazineMK10_2,Ammunition1,usn_rim-2f,40
usn_cg_leahy_68,vessels,,,,WeaponMagazineMK10Late_1,Ammunition1,usn_rim-67a,40
usn_cg_leahy_68,vessels,,,,WeaponMagazineMK10Late_2,Ammunition1,usn_rim-67a,40
usn_cg_leahy_68,vessels,WeaponSystem4+WeaponSystem5,MK32,Torpedo,WeaponMagazineTorpedo,Ammunition1,usn_mk44_ship,16
usn_cg_leahy_68,vessels,,,,WeaponMagazineTorpedoLate,Ammunition1,usn_mk46_ship,16
usn_cg_leahy_68,vessels,WeaponSystem6+WeaponSystem7,MK33,Gun,WeaponMagazineMK33,Ammunition1,usn_cal_76mm,3000
usn_cg_leahy_68,vessels,WeaponSystem8,CSA_Mk2_Noisemaker_Ejector,Noisemaker,NoisemakerMagazine,Ammunition1,usn_adc_mk1_noisemaker,20
usn_cg_ticonderoga,vessels,WeaponSystem1,MK26,Missile,WeaponMagazineMK26_1,Ammunition1,usn_rim-66c,24
usn_cg_ticonderoga,vessels,WeaponSystem1,MK26,Missile,WeaponMagazineMK26_1,Ammunition2,usn_rur-5,20
usn_cg_ticonderoga,vessels,WeaponSystem2,MK26,Missile,WeaponMagazineMK26_2,Ammunition1,usn_rim-66c,44
usn_cg_ticonderoga,vessels,,,,WeaponMagazineMK26Late_1,Ammunition1,usn_rim-66g,36
usn_cg_ticonderoga,vessels,,,,WeaponMagazineMK26Late_1,Ammunition2,usn_rur-5,8
usn_cg_ticonderoga,vessels,,,,WeaponMagazineMK26Late_2,Ammunition1,usn_rim-66g,44
usn_cg_ticonderoga,vessels,WeaponSystem5+WeaponSystem6,MK32,Torpedo,WeaponMagazineTorpedo,Ammunition1,usn_mk46_mod5_ship,16
usn_cg_ticonderoga,vessels,WeaponSystem7,MK45,Gun,WeaponMagazineMK45_1,Ammunition1,usn_cal_127mm,600
usn_cg_ticonderoga,vessels,WeaponSystem8,MK45,Gun,WeaponMagazineMK45_2,Ammunition1,usn_cal_127mm,600
usn_cg_ticonderoga,vessels,WeaponSystem9+WeaponSystem10,MK15,CIWS,WeaponMagazineCIWS,Ammunition1,usn_cal_20mm,20000
usn_cg_ticonderoga,vessels,WeaponSystem11,CSA_Mk2_Noisemaker_Ejector,Noisemaker,NoisemakerMagazine,Ammunition1,usn_adc_mk1_noisemaker,20
usn_cgn_alaska,vessels,WeaponSystem1,MK26,Missile,WeaponMagazineMK26_1,Ammunition1,usn_rim-66c,52
usn_cgn_alaska,vessels,WeaponSystem1,MK26,Missile,WeaponMagazineMK26_1,Ammunition2,usn_rur-5,12
usn_cgn_alaska,vessels,WeaponSystem2,MK26,Missile,WeaponMagazineMK26_2,Ammunition1,usn_rim-66c,52
usn_cgn_alaska,vessels,WeaponSystem2,MK26,Missile,WeaponMagazineMK26_2,Ammunition2,usn_rur-5,12
usn_cgn_alaska,vessels,,,,WeaponMagazineMK26Late_1,Ammunition1,usn_rim-66g,60
usn_cgn_alaska,vessels,,,,WeaponMagazineMK26Late_1,Ammunition2,usn_rur-5,4
usn_cgn_alaska,vessels,,,,WeaponMagazineMK26Late_2,Ammunition1,usn_rim-66g,60
usn_cgn_alaska,vessels,,,,WeaponMagazineMK26Late_2,Ammunition2,usn_rur-5,4
usn_cgn_alaska,vessels,WeaponSystem11,MK71_Gun,Gun,WeaponMagazineMK71,Ammunition1,usn_cal_203mm_rap,317
usn_cgn_alaska,vessels,WeaponSystem11,MK71_Gun,Gun,WeaponMagazineMK71,Ammunition2,usn_cal_203mm_clgp,158
usn_cgn_alaska,vessels,WeaponSystem9+WeaponSystem10,MK32,Torpedo,WeaponMagazineTorpedo,Ammunition1,usn_mk46_mod5_ship,16
usn_cgn_alaska,vessels,WeaponSystem12+WeaponSystem13,MK15,CIWS,WeaponMagazineCIWS,Ammunition1,usn_cal_20mm,20000
usn_cgn_alaska,vessels,WeaponSystem14,CSA_Mk2_Noisemaker_Ejector,Noisemaker,NoisemakerMagazine,Ammunition1,usn_adc_mk1_noisemaker,20
usn_cgn_california,vessels,WeaponSystem1,MK13,Missile,WeaponMagazineMK13_1,Ammunition1,usn_rim-66b,40
usn_cgn_california,vessels,WeaponSystem2,MK13,Missile,WeaponMagazineMK13_2,Ammunition1,usn_rim-66b,40
usn_cgn_california,vessels,,,,WeaponMagazineMK13Late_1,Ammunition1,usn_rim-66e,40
usn_cgn_california,vessels,,,,WeaponMagazineMK13Late_2,Ammunition1,usn_rim-66e,40
usn_cgn_california,vessels,WeaponSystem5,ASROC,Missile,WeaponMagazineASROC,Ammunition1,usn_rur-5,16
usn_cgn_california,vessels,WeaponSystem8,MK45,Gun,WeaponMagazineMK45_1,Ammunition1,usn_cal_127mm,600
usn_cgn_california,vessels,WeaponSystem9,MK45,Gun,WeaponMagazineMK45_2,Ammunition1,usn_cal_127mm,600
usn_cgn_california,vessels,WeaponSystem6+WeaponSystem7,MK32_Mod9_C,Torpedo,WeaponMagazineTorpedo,Ammunition1,usn_mk46_ship,16
usn_cgn_california,vessels,WeaponSystem10+WeaponSystem11,MK15,CIWS,WeaponMagazineCIWS,Ammunition1,usn_cal_20mm,20000
usn_cgn_california,vessels,WeaponSystem12,CSA_Mk2_Noisemaker_Ejector,Noisemaker,NoisemakerMagazine,Ammunition1,usn_adc_mk1_noisemaker,20
usn_cgn_long_beach_73,vessels,WeaponSystem1,MK10,Missile,WeaponMagazineMK10_1,Ammunition1,usn_rim-2f,80
usn_cgn_long_beach_73,vessels,WeaponSystem2,MK10,Missile,WeaponMagazineMK10_2,Ammunition1,usn_rim-2f,40
usn_cgn_long_beach_73,vessels,,,,WeaponMagazineMK10Late_1,Ammunition1,usn_rim-67a,80
usn_cgn_long_beach_73,vessels,,,,WeaponMagazineMK10Late_2,Ammunition1,usn_rim-67a,40
usn_cgn_long_beach_73,vessels,WeaponSystem3,MK7,Missile,WeaponMagazineTalos,Ammunition1,usn_rim-8,44
usn_cgn_long_beach_73,vessels,WeaponSystem3,MK7,Missile,WeaponMagazineTalos,Ammunition2,usn_rgm-8h,8
usn_cgn_long_beach_73,vessels,WeaponSystem4,ASROC,Missile,WeaponMagazineASROC,Ammunition1,usn_rur-5,16
usn_cgn_long_beach_73,vessels,WeaponSystem5+WeaponSystem6,MK32,Torpedo,WeaponMagazineTorpedo,Ammunition1,usn_mk46_ship,16
usn_cgn_long_beach_73,vessels,WeaponSystem7+WeaponSystem8,MK30,Gun,WeaponMagazineMK30_1,Ammunition1,usn_cal_127mm,450
usn_cgn_long_beach_73,vessels,,,,WeaponMagazineMK30_2,Ammunition1,usn_cal_127mm,450
usn_cgn_long_beach_73,vessels,WeaponSystem9,CSA_Mk2_Noisemaker_Ejector,Noisemaker,NoisemakerMagazine,Ammunition1,usn_adc_mk1_noisemaker,20
usn_cgn_long_beach_83,vessels,WeaponSystem1,MK10,Missile,WeaponMagazineMK10_1,Ammunition1,usn_rim-67b,80
usn_cgn_long_beach_83,vessels,WeaponSystem2,MK10,Missile,WeaponMagazineMK10_2,Ammunition1,usn_rim-67b,40
usn_cgn_long_beach_83,vessels,WeaponSystem7,ASROC,Missile,WeaponMagazineASROC,Ammunition1,usn_rur-5,16
usn_cgn_long_beach_83,vessels,WeaponSystem8+WeaponSystem9,MK32,Torpedo,WeaponMagazineTorpedo,Ammunition1,usn_mk46_mod5_ship,16
usn_cgn_long_beach_83,vessels,WeaponSystem10+WeaponSystem11,MK30,Gun,WeaponMagazineMK30_1,Ammunition1,usn_cal_127mm,450
usn_cgn_long_beach_83,vessels,,,,WeaponMagazineMK30_2,Ammunition1,usn_cal_127mm,450
usn_cgn_long_beach_83,vessels,WeaponSystem12+WeaponSystem13,MK15,CIWS,WeaponMagazineCIWS,Ammunition1,usn_cal_20mm,20000
usn_cgn_long_beach_83,vessels,WeaponSystem14,CSA_Mk2_Noisemaker_Ejector,Noisemaker,NoisemakerMagazine,Ammunition1,usn_adc_mk1_noisemaker,20
usn_cgn_virginia,vessels,WeaponSystem1,MK26,Missile,WeaponMagazineMK26_1,Ammunition1,usn_rim-66e,20
usn_cgn_virginia,vessels,WeaponSystem1,MK26,Missile,WeaponMagazineMK26_1,Ammunition2,usn_rur-5,24
usn_cgn_virginia,vessels,WeaponSystem2,MK26,Missile,WeaponMagazineMK26_2,Ammunition1,usn_rim-66e,24
usn_cgn_virginia,vessels,,,,WeaponMagazineMK26Late_1,Ammunition1,usn_rim-66d,36
usn_cgn_virginia,vessels,,,,WeaponMagazineMK26Late_1,Ammunition2,usn_rur-5,8
usn_cgn_virginia,vessels,,,,WeaponMagazineMK26Late_2,Ammunition1,usn_rim-66d,24
usn_cgn_virginia,vessels,WeaponSystem9,MK45,Gun,WeaponMagazineMK45_1,Ammunition1,usn_cal_127mm,600
usn_cgn_virginia,vessels,WeaponSystem10,MK45,Gun,WeaponMagazineMK45_2,Ammunition1,usn_cal_127mm,600
usn_cgn_virginia,vessels,WeaponSystem7+WeaponSystem8,MK32,Torpedo,WeaponMagazineTorpedo,Ammunition1,usn_mk46_mod5_ship,16
usn_cgn_virginia,vessels,WeaponSystem11+WeaponSystem12,MK15,CIWS,WeaponMagazineCIWS,Ammunition1,usn_cal_20mm,20000
usn_cgn_virginia,vessels,WeaponSystem13,CSA_Mk2_Noisemaker_Ejector,Noisemaker,NoisemakerMagazine,Ammunition1,usn_adc_mk1_noisemaker,20
usn_clg_oklahoma_city,vessels,WeaponSystem1,MK7,Missile,WeaponMagazineTalos,Ammunition1,usn_rim-8,32
usn_clg_oklahoma_city,vessels,WeaponSystem1,MK7,Missile,WeaponMagazineTalos,Ammunition2,usn_rgm-8h,8
usn_clg_oklahoma_city,vessels,WeaponSystem2,MK16_Gun,Gun,WeaponMagazine_152mm,Ammunition1,usn_cal_152mm,450
usn_clg_oklahoma_city,vessels,WeaponSystem3,MK28,Gun,WeaponMagazine_127mm,Ammunition1,usn_cal_5in38,450
usn_clg_oklahoma_city,vessels,WeaponSystem4,CSA_Mk2_Noisemaker_Ejector,Noisemaker,NoisemakerMagazine,Ammunition1,usn_adc_mk1_noisemaker,20
usn_cv_america_79,vessels,WeaponSystem1,MK10,Missile,WeaponMagazineMK10_1,Ammunition1,usn_rim-67a,40
usn_cv_america_79,vessels,WeaponSystem2,MK10,Missile,WeaponMagazineMK10_2,Ammunition1,usn_rim-67a,40
usn_cv_america_79,vessels,WeaponSystem3+WeaponSystem4,CSA_Mk2_Noisemaker_Ejector,Noisemaker,NoisemakerMagazine,Ammunition1,usn_adc_mk1_noisemaker,20
usn_cv_forrestal_75,vessels,WeaponSystem2,MK25,Missile,WeaponMagazine_MK25_Port,Ammunition1,usn_rim-7,20
usn_cv_forrestal_75,vessels,WeaponSystem1,MK25,Missile,WeaponMagazine_MK25_Stbd,Ammunition1,usn_rim-7,20
usn_cv_forrestal_75,vessels,WeaponSystem3+WeaponSystem4,CSA_Mk2_Noisemaker_Ejector,Noisemaker,NoisemakerMagazine,Ammunition1,usn_adc_mk1_noisemaker,40
usn_cv_kitty_hawk,vessels,WeaponSystem2,MK29,Missile,WeaponMagazine_MK29_Port,Ammunition1,usn_rim-7m,24
usn_cv_kitty_hawk,vessels,WeaponSystem1,MK29,Missile,WeaponMagazine_MK29_Stbd,Ammunition1,usn_rim-7m,24
usn_cv_kitty_hawk,vessels,WeaponSystem3+WeaponSystem4,CSA_Mk2_Noisemaker_Ejector,Noisemaker,NoisemakerMagazine,Ammunition1,usn_adc_mk1_noisemaker,40
usn_cvn_enterprise,vessels,WeaponSystem2,MK25,Missile,WeaponMagazine_MK25_Port,Ammunition1,usn_rim-7,20
usn_cvn_enterprise,vessels,WeaponSystem1,MK25,Missile,WeaponMagazine_MK25_Stbd,Ammunition1,usn_rim-7,20
usn_cvn_enterprise,vessels,WeaponSystem3+WeaponSystem4,CSA_Mk2_Noisemaker_Ejector,Noisemaker,NoisemakerMagazine,Ammunition1,usn_adc_mk1_noisemaker,40
usn_cvn_nimitz,vessels,WeaponSystem1,MK29,Missile,WeaponMagazine_SAM1,Ammunition1,usn_rim-7m,24
usn_cvn_nimitz,vessels,WeaponSystem2,MK29,Missile,WeaponMagazine_SAM2,Ammunition1,usn_rim-7m,24
usn_cvn_nimitz,vessels,WeaponSystem3,MK29,Missile,WeaponMagazine_SAM3,Ammunition1,usn_rim-7m,24
usn_cvn_nimitz,vessels,WeaponSystem4+WeaponSystem5+WeaponSystem6,MK15,CIWS,WeaponMagazineCIWS,Ammunition1,usn_cal_20mm,20000
usn_cvn_nimitz,vessels,WeaponSystem7,CSA_Mk2_Noisemaker_Ejector,Noisemaker,NoisemakerMagazine,Ammunition1,usn_adc_mk1_noisemaker,20
usn_dd_gearing,vessels,WeaponSystem1,ASROC,Missile,WeaponMagazineASROC,Ammunition1,usn_rur-5,16
usn_dd_gearing,vessels,WeaponSystem4,MK28,Gun,WeaponMagazine_127mm_1,Ammunition1,usn_cal_5in38,450
usn_dd_gearing,vessels,WeaponSystem5,MK28,Gun,WeaponMagazine_127mm_2,Ammunition1,usn_cal_5in38,450
usn_dd_gearing,vessels,WeaponSystem2+WeaponSystem3,MK32,Torpedo,WeaponMagazineTorpedo,Ammunition1,usn_mk44_ship,12
usn_dd_gearing,vessels,WeaponSystem6,CSA_Mk2_Noisemaker_Ejector,Noisemaker,NoisemakerMagazine,Ammunition1,usn_adc_mk1_noisemaker,20
usn_dd_gearing_fram2,vessels,WeaponSystem3,MK28,Gun,WeaponMagazine_127mm_1,Ammunition1,usn_cal_5in38,450
usn_dd_gearing_fram2,vessels,WeaponSystem4,MK28,Gun,WeaponMagazine_127mm_2,Ammunition1,usn_cal_5in38,450
usn_dd_gearing_fram2,vessels,WeaponSystem5,MK28,Gun,WeaponMagazine_127mm_3,Ammunition1,usn_cal_5in38,450
usn_dd_gearing_fram2,vessels,WeaponSystem1+WeaponSystem2,MK32,Torpedo,WeaponMagazineTorpedo,Ammunition1,usn_mk44_ship,12
usn_dd_gearing_fram2,vessels,WeaponSystem6,CSA_Mk2_Noisemaker_Ejector,Noisemaker,NoisemakerMagazine,Ammunition1,usn_adc_mk1_noisemaker,20
usn_dd_gearing_fram2_mod,vessels,WeaponSystem3,MK33_Oslo,Gun,WeaponMagazine_76mm_1,Ammunition1,usn_cal_3in50,600
usn_dd_gearing_fram2_mod,vessels,WeaponSystem4,MK33_Oslo,Gun,WeaponMagazine_76mm_2,Ammunition1,usn_cal_3in50,600
usn_dd_gearing_fram2_mod,vessels,WeaponSystem5,Bofors_L60,Gun,WeaponMagazine_Bofors,Ammunition1,usn_cal_40mm,2400
usn_dd_gearing_fram2_mod,vessels,WeaponSystem1+WeaponSystem2,MK32,Torpedo,WeaponMagazineTorpedo,Ammunition1,usn_mk46_ship,6
usn_dd_gearing_fram2_mod,vessels,WeaponSystem6,CSA_Mk2_Noisemaker_Ejector,Noisemaker,NoisemakerMagazine,Ammunition1,usn_adc_mk1_noisemaker,6
usn_dd_spruance,vessels,WeaponSystem1,MK29,Missile,WeaponMagazine_SAM,Ammunition1,usn_rim-7m,24
usn_dd_spruance,vessels,WeaponSystem4,ASROC,Missile,WeaponMagazineASROC,Ammunition1,usn_rur-5,24
usn_dd_spruance,vessels,WeaponSystem7,MK45,Gun,WeaponMagazineMK45_1,Ammunition1,usn_cal_127mm,600
usn_dd_spruance,vessels,WeaponSystem8,MK45,Gun,WeaponMagazineMK45_2,Ammunition1,usn_cal_127mm,600
usn_dd_spruance,vessels,WeaponSystem5+WeaponSystem6,MK32,Torpedo,WeaponMagazineTorpedo,Ammunition1,usn_mk46_mod5_ship,16
usn_dd_spruance,vessels,WeaponSystem9+WeaponSystem10,MK15,CIWS,WeaponMagazineCIWS,Ammunition1,usn_cal_20mm,20000
usn_dd_spruance,vessels,WeaponSystem11,CSA_Mk2_Noisemaker_Ejector,Noisemaker,NoisemakerMagazine,Ammunition1,usn_adc_mk1_noisemaker,20
usn_dd_spruance_abl,vessels,WeaponSystem1,MK29,Missile,WeaponMagazine_SAM,Ammunition1,usn_rim-7m,24
usn_dd_spruance_abl,vessels,WeaponSystem4,ASROC,Missile,WeaponMagazineASROC,Ammunition1,usn_rur-5,24
usn_dd_spruance_abl,vessels,WeaponSystem7,MK45,Gun,WeaponMagazineMK45_1,Ammunition1,usn_cal_127mm,600
usn_dd_spruance_abl,vessels,WeaponSystem8,MK45,Gun,WeaponMagazineMK45_2,Ammunition1,usn_cal_127mm,600
usn_dd_spruance_abl,vessels,WeaponSystem5+WeaponSystem6,MK32,Torpedo,WeaponMagazineTorpedo,Ammunition1,usn_mk46_mod5_ship,16
usn_dd_spruance_abl,vessels,WeaponSystem9+WeaponSystem10,MK15,CIWS,WeaponMagazineCIWS,Ammunition1,usn_cal_20mm,20000
usn_dd_spruance_abl,vessels,WeaponSystem11,CSA_Mk2_Noisemaker_Ejector,Noisemaker,NoisemakerMagazine,Ammunition1,usn_adc_mk1_noisemaker,20
usn_ddg_adams_early,vessels,WeaponSystem1,MK11,Missile,WeaponMagazineMK11,Ammunition1,usn_rim-66b,38
usn_ddg_adams_early,vessels,WeaponSystem1,MK11,Missile,WeaponMagazineMK11,Ammunition2,usn_rgm-84a,4
usn_ddg_adams_early,vessels,WeaponSystem2,ASROC,Missile,WeaponMagazineASROC,Ammunition1,usn_rur-5,16
usn_ddg_adams_early,vessels,WeaponSystem5,MK42,Gun,WeaponMagazineMK42_1,Ammunition1,usn_cal_127mm,600
usn_ddg_adams_early,vessels,WeaponSystem6,MK42,Gun,WeaponMagazineMK42_2,Ammunition1,usn_cal_127mm,600
usn_ddg_adams_early,vessels,WeaponSystem7,CSA_Mk2_Noisemaker_Ejector,Noisemaker,NoisemakerMagazine,Ammunition1,usn_adc_mk1_noisemaker,20
usn_ddg_adams_early_68,vessels,WeaponSystem1,MK11,Missile,WeaponMagazineMK11,Ammunition1,usn_rim-24b,42
usn_ddg_adams_early_68,vessels,WeaponSystem2,ASROC,Missile,WeaponMagazineASROC,Ammunition1,usn_rur-5,16
usn_ddg_adams_early_68,vessels,WeaponSystem5,MK42,Gun,WeaponMagazineMK42_1,Ammunition1,usn_cal_127mm,600
usn_ddg_adams_early_68,vessels,WeaponSystem6,MK42,Gun,WeaponMagazineMK42_2,Ammunition1,usn_cal_127mm,600
usn_ddg_adams_early_68,vessels,WeaponSystem7,CSA_Mk2_Noisemaker_Ejector,Noisemaker,NoisemakerMagazine,Ammunition1,usn_adc_mk1_noisemaker,20
usn_ddg_adams_late,vessels,WeaponSystem1,MK13,Missile,WeaponMagazineMK13,Ammunition1,usn_rim-66b,34
usn_ddg_adams_late,vessels,WeaponSystem1,MK13,Missile,WeaponMagazineMK13,Ammunition2,usn_rgm-84a,6
usn_ddg_adams_late,vessels,,,,WeaponMagazineMK13Late,Ammunition1,usn_rim-66e,34
usn_ddg_adams_late,vessels,,,,WeaponMagazineMK13Late,Ammunition2,usn_rgm-84c,6
usn_ddg_adams_late,vessels,WeaponSystem2,ASROC,Missile,WeaponMagazineASROC,Ammunition1,usn_rur-5,16
usn_ddg_adams_late,vessels,WeaponSystem5,MK42,Gun,WeaponMagazineMK42_1,Ammunition1,usn_cal_127mm,600
usn_ddg_adams_late,vessels,WeaponSystem6,MK42,Gun,WeaponMagazineMK42_2,Ammunition1,usn_cal_127mm,600
usn_ddg_adams_late,vessels,WeaponSystem7,CSA_Mk2_Noisemaker_Ejector,Noisemaker,NoisemakerMagazine,Ammunition1,usn_adc_mk1_noisemaker,20
usn_ddg_adams_late_68,vessels,WeaponSystem1,MK13,Missile,WeaponMagazineMK13,Ammunition1,usn_rim-66a,40
usn_ddg_adams_late_68,vessels,WeaponSystem2,ASROC,Missile,WeaponMagazineASROC,Ammunition1,usn_rur-5,16
usn_ddg_adams_late_68,vessels,WeaponSystem5,MK42,Gun,WeaponMagazineMK42_1,Ammunition1,usn_cal_127mm,600
usn_ddg_adams_late_68,vessels,WeaponSystem6,MK42,Gun,WeaponMagazineMK42_2,Ammunition1,usn_cal_127mm,600
usn_ddg_adams_late_68,vessels,WeaponSystem7,CSA_Mk2_Noisemaker_Ejector,Noisemaker,NoisemakerMagazine,Ammunition1,usn_adc_mk1_noisemaker,20
usn_ddg_coontz,vessels,WeaponSystem1,MK10,Missile,WeaponMagazineMK10,Ammunition1,usn_rim-67a,40
usn_ddg_coontz,vessels,,,,WeaponMagazineMK10Late,Ammunition1,usn_rim-67b,40
usn_ddg_coontz,vessels,WeaponSystem7,MK42,Gun,WeaponMagazineMK42_1,Ammunition1,usn_cal_127mm,600
usn_ddg_coontz,vessels,WeaponSystem8,CSA_Mk2_Noisemaker_Ejector,Noisemaker,NoisemakerMagazine,Ammunition1,usn_adc_mk1_noisemaker,20
usn_ddg_coontz_68,vessels,WeaponSystem1,MK10,Missile,WeaponMagazineMK10,Ammunition1,usn_rim-2f,40
usn_ddg_coontz_68,vessels,WeaponSystem5,MK42,Gun,WeaponMagazineMK42_1,Ammunition1,usn_cal_127mm,600
usn_ddg_coontz_68,vessels,WeaponSystem6+WeaponSystem7,MK33,Gun,WeaponMagazineMK33,Ammunition1,usn_cal_3in50,1200
usn_ddg_coontz_68,vessels,WeaponSystem8,CSA_Mk2_Noisemaker_Ejector,Noisemaker,NoisemakerMagazine,Ammunition1,usn_adc_mk1_noisemaker,20
usn_ddg_kidd,vessels,WeaponSystem1,MK26,Missile,WeaponMagazineMK26_1,Ammunition1,usn_rim-66b,24
usn_ddg_kidd,vessels,WeaponSystem2,MK26,Missile,WeaponMagazineMK26_2,Ammunition1,usn_rim-66b,28
usn_ddg_kidd,vessels,WeaponSystem2,MK26,Missile,WeaponMagazineMK26_2,Ammunition2,usn_rur-5,16
usn_ddg_kidd,vessels,,,,WeaponMagazineMK26Late_1,Ammunition1,usn_rim-66e,24
usn_ddg_kidd,vessels,,,,WeaponMagazineMK26Late_2,Ammunition1,usn_rim-66e,28
usn_ddg_kidd,vessels,,,,WeaponMagazineMK26Late_2,Ammunition2,usn_rur-5,16
usn_ddg_kidd,vessels,WeaponSystem5+WeaponSystem6,MK32,Torpedo,WeaponMagazineTorpedo,Ammunition1,usn_mk46_mod5_ship,16
usn_ddg_kidd,vessels,WeaponSystem7,MK45,Gun,WeaponMagazineMK45_1,Ammunition1,usn_cal_127mm,600
usn_ddg_kidd,vessels,WeaponSystem8,MK45,Gun,WeaponMagazineMK45_2,Ammunition1,usn_cal_127mm,600
usn_ddg_kidd,vessels,WeaponSystem9+WeaponSystem10,MK15,CIWS,WeaponMagazineCIWS,Ammunition1,usn_cal_20mm,20000
usn_ddg_kidd,vessels,WeaponSystem11,CSA_Mk2_Noisemaker_Ejector,Noisemaker,NoisemakerMagazine,Ammunition1,usn_adc_mk1_noisemaker,20
usn_ddg_mahan,vessels,WeaponSystem1,MK10,Missile,WeaponMagazineMK10,Ammunition1,usn_rim-67c,40
usn_ddg_mahan,vessels,WeaponSystem7,MK42,Gun,WeaponMagazineMK42_1,Ammunition1,usn_cal_127mm,600
usn_ddg_mahan,vessels,WeaponSystem8,CSA_Mk2_Noisemaker_Ejector,Noisemaker,NoisemakerMagazine,Ammunition1,usn_adc_mk1_noisemaker,20
usn_ff_garcia,vessels,WeaponSystem4,MK30,Gun,WeaponMagazineMK30_1,Ammunition1,usn_cal_5in38,450
usn_ff_garcia,vessels,WeaponSystem5,MK30,Gun,WeaponMagazineMK30_2,Ammunition1,usn_cal_5in38,450
usn_ff_garcia,vessels,WeaponSystem2+WeaponSystem3,MK32,Torpedo,WeaponMagazineTorpedo,Ammunition1,usn_mk46_ship,16
usn_ff_garcia,vessels,WeaponSystem6,CSA_Mk2_Noisemaker_Ejector,Noisemaker,NoisemakerMagazine,Ammunition1,usn_adc_mk1_noisemaker,20
usn_ff_knox,vessels,WeaponSystem2,ASROC,Missile,WeaponMagazineASROC,Ammunition1,usn_rur-5,12
usn_ff_knox,vessels,WeaponSystem1,ASROC,Missile,WeaponMagazineHarpoon,Ammunition1,usn_rgm-84a,4
usn_ff_knox,vessels,,,,WeaponMagazineHarpoonLate,Ammunition1,usn_rgm-84c,4
usn_ff_knox,vessels,WeaponSystem3+WeaponSystem4,MK32_Mod9,Torpedo,WeaponMagazineTorpedo,Ammunition1,usn_mk46_ship,22
usn_ff_knox,vessels,,,,WeaponMagazineTorpedoLate,Ammunition1,usn_mk46_mod5_ship,22
usn_ff_knox,vessels,WeaponSystem6,MK42,Gun,WeaponMagazineMK42,Ammunition1,usn_cal_127mm,600
usn_ff_knox,vessels,,,,WeaponMagazineCIWS,Ammunition1,usn_cal_20mm,8000
usn_ff_knox,vessels,WeaponSystem7,CSA_Mk2_Noisemaker_Ejector,Noisemaker,NoisemakerMagazine,Ammunition1,usn_adc_mk1_noisemaker,20
usn_ff_knox_72,vessels,WeaponSystem1,ASROC,Missile,WeaponMagazineASROC,Ammunition1,usn_rur-5,18
usn_ff_knox_72,vessels,WeaponSystem2+WeaponSystem3,MK32_Mod9,Torpedo,WeaponMagazineTorpedo,Ammunition1,usn_mk46_ship,22
usn_ff_knox_72,vessels,WeaponSystem5,MK42,Gun,WeaponMagazineMK42,Ammunition1,usn_cal_127mm,600
usn_ff_knox_72,vessels,,,,WeaponMagazineCIWS,Ammunition1,usn_cal_20mm,8000
usn_ff_knox_72,vessels,WeaponSystem6,CSA_Mk2_Noisemaker_Ejector,Noisemaker,NoisemakerMagazine,Ammunition1,usn_adc_mk1_noisemaker,20
usn_ff_knox_84,vessels,WeaponSystem2,ASROC,Missile,WeaponMagazineASROC,Ammunition1,usn_rur-5,12
usn_ff_knox_84,vessels,WeaponSystem1,ASROC,Missile,WeaponMagazineHarpoon,Ammunition1,usn_rgm-84c,4
usn_ff_knox_84,vessels,WeaponSystem3+WeaponSystem4,MK32_Mod9,Torpedo,WeaponMagazineTorpedo,Ammunition1,usn_mk46_mod5_ship,22
usn_ff_knox_84,vessels,WeaponSystem6,MK42,Gun,WeaponMagazineMK42,Ammunition1,usn_cal_127mm,600
usn_ff_knox_84,vessels,WeaponSystem5,MK15,CIWS,WeaponMagazineCIWS,Ammunition1,usn_cal_20mm,8000
usn_ff_knox_84,vessels,WeaponSystem7,CSA_Mk2_Noisemaker_Ejector,Noisemaker,NoisemakerMagazine,Ammunition1,usn_adc_mk1_noisemaker,20
usn_ffg_brooke,vessels,WeaponSystem1,MK22,Missile,WeaponMagazineMK22,Ammunition1,usn_rim-66b,16
usn_ffg_brooke,vessels,WeaponSystem5,MK30,Gun,WeaponMagazineMK30_1,Ammunition1,usn_cal_5in38,450
usn_ffg_brooke,vessels,WeaponSystem3+WeaponSystem4,MK32,Torpedo,WeaponMagazineTorpedo,Ammunition1,usn_mk46_ship,16
usn_ffg_brooke,vessels,WeaponSystem6,CSA_Mk2_Noisemaker_Ejector,Noisemaker,NoisemakerMagazine,Ammunition1,usn_adc_mk1_noisemaker,20
usn_ffg_oliver_hazard_perry,vessels,WeaponSystem1,MK13,Missile,WeaponMagazineMK13,Ammunition1,usn_rgm-84a,6
usn_ffg_oliver_hazard_perry,vessels,WeaponSystem1,MK13,Missile,WeaponMagazineMK13,Ammunition2,usn_rim-66b,34
usn_ffg_oliver_hazard_perry,vessels,,,,WeaponMagazineMK13Late,Ammunition1,usn_rgm-84c,6
usn_ffg_oliver_hazard_perry,vessels,,,,WeaponMagazineMK13Late,Ammunition2,usn_rim-66e,34
usn_ffg_oliver_hazard_perry,vessels,WeaponSystem4,MK75,Gun,WeaponMagazineMK75,Ammunition1,usn_cal_76mm,450
usn_ffg_oliver_hazard_perry,vessels,WeaponSystem2+WeaponSystem3,MK32,Torpedo,WeaponMagazineTorpedo,Ammunition1,usn_mk46_mod5_ship,16
usn_ffg_oliver_hazard_perry,vessels,WeaponSystem5,MK15,CIWS,WeaponMagazineCIWS,Ammunition1,usn_cal_20mm,20000
usn_ffg_oliver_hazard_perry,vessels,WeaponSystem6,CSA_Mk2_Noisemaker_Ejector,Noisemaker,NoisemakerMagazine,Ammunition1,usn_adc_mk1_noisemaker,20
usn_ffg_oliver_hazard_perry_longhull,vessels,WeaponSystem1,MK13,Missile,WeaponMagazineMK13,Ammunition1,usn_rgm-84c,6
usn_ffg_oliver_hazard_perry_longhull,vessels,WeaponSystem1,MK13,Missile,WeaponMagazineMK13,Ammunition2,usn_rim-66e,34
usn_ffg_oliver_hazard_perry_longhull,vessels,,,,WeaponMagazineMK13Late,Ammunition1,usn_rgm-84d,6
usn_ffg_oliver_hazard_perry_longhull,vessels,,,,WeaponMagazineMK13Late,Ammunition2,usn_rim-66e,34
usn_ffg_oliver_hazard_perry_longhull,vessels,,,,WeaponMagazineMK13Early,Ammunition1,usn_rgm-84a,6
usn_ffg_oliver_hazard_perry_longhull,vessels,,,,WeaponMagazineMK13Early,Ammunition2,usn_rim-66b,34
usn_ffg_oliver_hazard_perry_longhull,vessels,WeaponSystem4,MK75,Gun,WeaponMagazineMK75,Ammunition1,usn_cal_76mm,450
usn_ffg_oliver_hazard_perry_longhull,vessels,WeaponSystem2+WeaponSystem3,MK32,Torpedo,WeaponMagazineTorpedo,Ammunition1,usn_mk46_mod5_ship,16
usn_ffg_oliver_hazard_perry_longhull,vessels,WeaponSystem5,MK15,CIWS,WeaponMagazineCIWS,Ammunition1,usn_cal_20mm,20000
usn_ffg_oliver_hazard_perry_longhull,vessels,WeaponSystem6,CSA_Mk2_Noisemaker_Ejector,Noisemaker,NoisemakerMagazine,Ammunition1,usn_adc_mk1_noisemaker,20
usn_lha_tarawa,vessels,WeaponSystem1,MK25,Missile,WeaponMagazine_MK25_Fwd,Ammunition1,usn_rim-7,20
usn_lha_tarawa,vessels,WeaponSystem2,MK25,Missile,WeaponMagazine_MK25_Aft,Ammunition1,usn_rim-7,20
usn_lha_tarawa,vessels,WeaponSystem3+WeaponSystem4,MK45,Gun,WeaponMagazineMK45_1,Ammunition1,usn_cal_127mm,600
usn_lha_tarawa,vessels,WeaponSystem5,MK45,Gun,WeaponMagazineMK45_2,Ammunition1,usn_cal_127mm,300
usn_lha_tarawa,vessels,WeaponSystem6+WeaponSystem7,CSA_Mk2_Noisemaker_Ejector,Noisemaker,NoisemakerMagazine,Ammunition1,usn_adc_mk1_noisemaker,40
usn_lka_charleston,vessels,WeaponSystem1,MK33,Gun,WeaponMagazineMK33_1,Ammunition1,usn_cal_3in50,600
usn_lka_charleston,vessels,WeaponSystem2,MK33,Gun,WeaponMagazineMK33_2,Ammunition1,usn_cal_3in50,600
usn_lka_charleston,vessels,WeaponSystem3,MK33,Gun,WeaponMagazineMK33_3,Ammunition1,usn_cal_3in50,600
usn_lka_charleston,vessels,WeaponSystem4,MK33,Gun,WeaponMagazineMK33_4,Ammunition1,usn_cal_3in50,600
usn_lpd_austin,vessels,WeaponSystem1,MK33,Gun,WeaponMagazineMK33_1,Ammunition1,usn_cal_3in50,600
usn_lpd_austin,vessels,WeaponSystem2,MK33,Gun,WeaponMagazineMK33_2,Ammunition1,usn_cal_3in50,600
usn_lsm_lsm1,vessels,WeaponSystem1,Bofors_L/60_dual,Gun,WeaponMagazineBofors,Ammunition1,usn_cal_40mm,1200
usn_lst_newport,vessels,WeaponSystem1,MK33,Gun,WeaponMagazineMK33_1,Ammunition1,usn_cal_3in50,600
usn_lst_newport,vessels,WeaponSystem2,MK33,Gun,WeaponMagazineMK33_2,Ammunition1,usn_cal_3in50,600
usn_lst_newport,vessels,WeaponSystem3,MK15,CIWS,WeaponMagazineCIWS,Ammunition1,usn_cal_20mm,20000
usn_msc_adjutant,vessels,WeaponSystem1,50BMG,CIWS,WeaponMagazineCIWS,Ammunition1,usn_cal_05in,2800
usn_mso_aggressive,vessels,WeaponSystem1,Bofors_L60,Gun,WeaponMagazineGun,Ammunition1,usn_cal_40mm,1200
usn_pb_pgm-39,vessels,WeaponSystem1,50BMG_dual,CIWS,WeaponMagazineGun_1,Ammunition1,usn_cal_05in,2400
usn_pb_pgm-39,vessels,WeaponSystem2,50BMG_dual,CIWS,WeaponMagazineGun_2,Ammunition1,usn_cal_05in,2400
usn_pb_pgm-39,vessels,WeaponSystem3,Bofors_L60,Gun,WeaponMagazine_Bofors,Ammunition1,usn_cal_40mm,1200
usn_pb_pgm-39,vessels,WeaponSystem4,CSA_Mk2_Noisemaker_Ejector,Noisemaker,NoisemakerMagazine,Ammunition1,usn_adc_mk1_noisemaker,4
usn_phm_pegasus,vessels,WeaponSystem3,MK75,Gun,WeaponMagazineMK75,Ammunition1,usn_cal_76mm,400
usn_ssbn_franklin,vessels,WeaponSystem5+WeaponSystem6,CSA_Mk2_Noisemaker_Ejector,Noisemaker,NoisemakerMagazine,Ammunition1,usn_adc_mk1_noisemaker,20
usn_ssbn_james_madison,vessels,WeaponSystem5+WeaponSystem6,CSA_Mk2_Noisemaker_Ejector,Noisemaker,NoisemakerMagazine,Ammunition1,usn_adc_mk1_noisemaker,20
usn_ssbn_lafayette,vessels,WeaponSystem5+WeaponSystem6,CSA_Mk2_Noisemaker_Ejector,Noisemaker,NoisemakerMagazine,Ammunition1,usn_adc_mk1_noisemaker,20
usn_ssn_los_angeles,vessels,WeaponSystem5+WeaponSystem6,CSA_Mk2_Noisemaker_Ejector,Noisemaker,NoisemakerMagazine,Ammunition1,usn_adc_mk1_noisemaker,20
usn_ssn_los_angeles_76,vessels,WeaponSystem5+WeaponSystem6,CSA_Mk2_Noisemaker_Ejector,Noisemaker,NoisemakerMagazine,Ammunition1,usn_adc_mk1_noisemaker,20
usn_ssn_permit,vessels,WeaponSystem5,CSA_Mk2_Noisemaker_Ejector,Noisemaker,NoisemakerMagazine,Ammunition1,usn_adc_mk1_noisemaker,20
usn_ssn_permit_68,vessels,WeaponSystem5,CSA_Mk2_Noisemaker_Ejector,Noisemaker,NoisemakerMagazine,Ammunition1,usn_adc_mk1_noisemaker,20
usn_ssn_skipjack,vessels,WeaponSystem7,CSA_Mk2_Noisemaker_Ejector,Noisemaker,NoisemakerMagazine,Ammunition1,usn_adc_mk1_noisemaker,20
usn_ssn_skipjack_68,vessels,WeaponSystem7,CSA_Mk2_Noisemaker_Ejector,Noisemaker,NoisemakerMagazine,Ammunition1,usn_adc_mk1_noisemaker,20
usn_ssn_sturgeon,vessels,WeaponSystem5,CSA_Mk2_Noisemaker_Ejector,Noisemaker,NoisemakerMagazine,Ammunition1,usn_adc_mk1_noisemaker,20
usn_ssn_sturgeon_72,vessels,WeaponSystem5,CSA_Mk2_Noisemaker_Ejector,Noisemaker,NoisemakerMagazine,Ammunition1,usn_adc_mk1_noisemaker,20
wp_agi_okean,vessels,,,,WeaponMagazine_SA-N-5,Ammunition1,wp_sa-n-5,12
wp_bdk_alligator,vessels,WeaponSystem1,ZIF-31,Gun,WeaponMagazine_ZIF31,Ammunition1,wp_cal_57mm,1100
wp_bdk_alligator,vessels,WeaponSystem2,CSA_Mk2_Noisemaker_Ejector,Noisemaker,NoisemakerMagazine,Ammunition1,usn_adc_mk1_noisemaker,20
wp_bdk_ivan_rogov,vessels,WeaponSystem1,SA-N-4,Missile,WeaponMagazine_SA-N-4,Ammunition1,wp_sa-n-4,20
wp_bdk_ivan_rogov,vessels,WeaponSystem2+WeaponSystem3,SA-N-5,Missile,WeaponMagazine_SA-N-5,Ammunition1,wp_sa-n-5,20
wp_bdk_ivan_rogov,vessels,WeaponSystem4,Grad_A-215,RBU,WeaponMagazine_Grad,Ammunition1,wp_grad,160
wp_bdk_ivan_rogov,vessels,WeaponSystem5,AK726,Gun,WeaponMagazine_AK726_1,Ammunition1,wp_cal_76mm,700
wp_bdk_ivan_rogov,vessels,,,,WeaponMagazineCIWS,Ammunition1,wp_cal_30mm,20000
wp_bdk_ivan_rogov,vessels,WeaponSystem10,CSA_Mk2_Noisemaker_Ejector,Noisemaker,NoisemakerMagazine,Ammunition1,usn_adc_mk1_noisemaker,20
wp_bdk_ropucha,vessels,WeaponSystem1,AK725,Gun,WeaponMagazine_AK725_1,Ammunition1,wp_cal_57mm,1100
wp_bdk_ropucha,vessels,WeaponSystem2,AK725,Gun,WeaponMagazine_AK725_2,Ammunition1,wp_cal_57mm,1100
wp_bdk_ropucha,vessels,,,,WeaponMagazine_ZIF31,Ammunition1,wp_cal_57mm,1100
wp_bdk_ropucha,vessels,WeaponSystem3,CSA_Mk2_Noisemaker_Ejector,Noisemaker,NoisemakerMagazine,Ammunition1,usn_adc_mk1_noisemaker,20
wp_bpk_kanin,vessels,WeaponSystem1,SA-N-1,Missile,WeaponMagazine_SA-N-1_1,Ammunition1,wp_sa-n-1,32
wp_bpk_kanin,vessels,,,,WeaponMagazine_SA-N-1_1Late,Ammunition1,wp_sa-n-1c,32
wp_bpk_kanin,vessels,WeaponSystem2,RBU6000,RBU,WeaponMagazine_RBU6000_fw,Ammunition1,wp_rgb-60,96
wp_bpk_kanin,vessels,WeaponSystem3+WeaponSystem4,RBU6000,RBU,WeaponMagazine_RBU6000,Ammunition1,wp_rgb-60,120
wp_bpk_kanin,vessels,WeaponSystem7,ZIF-75,Gun,WeaponMagazine_ZIF-75_1,Ammunition1,wp_cal_57mm,3200
wp_bpk_kanin,vessels,WeaponSystem8,ZIF-75,Gun,WeaponMagazine_ZIF-75_2,Ammunition1,wp_cal_57mm,3200
wp_bpk_kanin,vessels,WeaponSystem13,CSA_Mk2_Noisemaker_Ejector,Noisemaker,NoisemakerMagazine,Ammunition1,usn_adc_mk1_noisemaker,20
wp_bpk_kara,vessels,WeaponSystem1,SA-N-3,Missile,WeaponMagazine_SA-N-3_1,Ammunition1,wp_sa-n-3,40
wp_bpk_kara,vessels,WeaponSystem2,SA-N-3,Missile,WeaponMagazine_SA-N-3_2,Ammunition1,wp_sa-n-3,40
wp_bpk_kara,vessels,WeaponSystem3,SA-N-4,Missile,WeaponMagazine_SA-N-4_1,Ammunition1,wp_sa-n-4,20
wp_bpk_kara,vessels,WeaponSystem4,SA-N-4,Missile,WeaponMagazine_SA-N-4_2,Ammunition1,wp_sa-n-4,20
wp_bpk_kara,vessels,WeaponSystem12,AK726,Gun,WeaponMagazine_AK726_1,Ammunition1,wp_cal_76mm,700
wp_bpk_kara,vessels,WeaponSystem13,AK726,Gun,WeaponMagazine_AK726_2,Ammunition1,wp_cal_76mm,700
wp_bpk_kara,vessels,WeaponSystem6,RBU6000,RBU,WeaponMagazine_RBU6000_Port,Ammunition1,wp_rgb-60,72
wp_bpk_kara,vessels,WeaponSystem7,RBU6000,RBU,WeaponMagazine_RBU6000_Starboard,Ammunition1,wp_rgb-60,72
wp_bpk_kara,vessels,WeaponSystem8,RBU1000,RBU,WeaponMagazine_RBU1000_Port,Ammunition1,wp_rgb-10,30
wp_bpk_kara,vessels,WeaponSystem9,RBU1000,RBU,WeaponMagazine_RBU1000_Starboard,Ammunition1,wp_rgb-10,30
wp_bpk_kara,vessels,WeaponSystem14+WeaponSystem15+WeaponSystem16+WeaponSystem17,AK630,CIWS,WeaponMagazineCIWS,Ammunition1,wp_cal_30mm,20000
wp_bpk_kara,vessels,WeaponSystem18,CSA_Mk2_Noisemaker_Ejector,Noisemaker,NoisemakerMagazine,Ammunition1,usn_adc_mk1_noisemaker,20
wp_bpk_kashin,vessels,WeaponSystem1,SA-N-1,Missile,WeaponMagazine_SA-N-1_1,Ammunition1,wp_sa-n-1c,16
wp_bpk_kashin,vessels,WeaponSystem2,SA-N-1,Missile,WeaponMagazine_SA-N-1_2,Ammunition1,wp_sa-n-1c,16
wp_bpk_kashin,vessels,,,,WeaponMagazine_SA-N-1Early_1,Ammunition1,wp_sa-n-1,16
wp_bpk_kashin,vessels,,,,WeaponMagazine_SA-N-1Early_2,Ammunition1,wp_sa-n-1,16
wp_bpk_kashin,vessels,WeaponSystem3,RBU6000,RBU,WeaponMagazine_RBU6000_port,Ammunition1,wp_rgb-60,48
wp_bpk_kashin,vessels,WeaponSystem4,RBU6000,RBU,WeaponMagazine_RBU6000_starboard,Ammunition1,wp_rgb-60,48
wp_bpk_kashin,vessels,WeaponSystem5,RBU1000,RBU,WeaponMagazine_RBU1000_port,Ammunition1,wp_rgb-10,30
wp_bpk_kashin,vessels,WeaponSystem6,RBU1000,RBU,WeaponMagazine_RBU1000_starboard,Ammunition1,wp_rgb-10,30
wp_bpk_kashin,vessels,WeaponSystem8,AK726,Gun,WeaponMagazine_AK726_1,Ammunition1,wp_cal_76mm,525
wp_bpk_kashin,vessels,WeaponSystem9,AK726,Gun,WeaponMagazine_AK726_2,Ammunition1,wp_cal_76mm,525
wp_bpk_kashin,vessels,WeaponSystem10,CSA_Mk2_Noisemaker_Ejector,Noisemaker,NoisemakerMagazine,Ammunition1,usn_adc_mk1_noisemaker,20
wp_bpk_kashin_mod,vessels,WeaponSystem1,SA-N-1,Missile,WeaponMagazine_SA-N-1_1,Ammunition1,wp_sa-n-1c,16
wp_bpk_kashin_mod,vessels,WeaponSystem2,SA-N-1,Missile,WeaponMagazine_SA-N-1_2,Ammunition1,wp_sa-n-1c,16
wp_bpk_kashin_mod,vessels,WeaponSystem4,RBU6000,RBU,WeaponMagazine_RBU6000_port,Ammunition1,wp_rgb-60,48
wp_bpk_kashin_mod,vessels,WeaponSystem5,RBU6000,RBU,WeaponMagazine_RBU6000_starboard,Ammunition1,wp_rgb-60,48
wp_bpk_kashin_mod,vessels,WeaponSystem7,AK726,Gun,WeaponMagazine_AK726_1,Ammunition1,wp_cal_76mm,525
wp_bpk_kashin_mod,vessels,WeaponSystem8,AK726,Gun,WeaponMagazine_AK726_2,Ammunition1,wp_cal_76mm,525
wp_bpk_kashin_mod,vessels,WeaponSystem9+WeaponSystem10+WeaponSystem11+WeaponSystem12,AK630,CIWS,WeaponMagazineCIWS,Ammunition1,wp_cal_30mm,20000
wp_bpk_kashin_mod,vessels,WeaponSystem13,CSA_Mk2_Noisemaker_Ejector,Noisemaker,NoisemakerMagazine,Ammunition1,usn_adc_mk1_noisemaker,20
wp_bpk_kresta2,vessels,WeaponSystem1,SA-N-3,Missile,WeaponMagazine_SA-N-3_1,Ammunition1,wp_sa-n-3,24
wp_bpk_kresta2,vessels,WeaponSystem2,SA-N-3,Missile,WeaponMagazine_SA-N-3_2,Ammunition1,wp_sa-n-3,24
wp_bpk_kresta2,vessels,WeaponSystem4,RBU6000,RBU,WeaponMagazine_RBU6000_port,Ammunition1,wp_rgb-60,72
wp_bpk_kresta2,vessels,WeaponSystem5,RBU6000,RBU,WeaponMagazine_RBU6000_starboard,Ammunition1,wp_rgb-60,72
wp_bpk_kresta2,vessels,WeaponSystem6,RBU1000,RBU,WeaponMagazine_RBU1000_port,Ammunition1,wp_rgb-10,30
wp_bpk_kresta2,vessels,WeaponSystem7,RBU1000,RBU,WeaponMagazine_RBU1000_starboard,Ammunition1,wp_rgb-10,30
wp_bpk_kresta2,vessels,WeaponSystem10,AK725,Gun,WeaponMagazine_AK725_1,Ammunition1,wp_cal_57mm,1100
wp_bpk_kresta2,vessels,WeaponSystem11,AK725,Gun,WeaponMagazine_AK725_2,Ammunition1,wp_cal_57mm,1100
wp_bpk_kresta2,vessels,WeaponSystem12+WeaponSystem13+WeaponSystem14+WeaponSystem15,AK630,CIWS,WeaponMagazineCIWS,Ammunition1,wp_cal_30mm,20000
wp_bpk_kresta2,vessels,WeaponSystem16,CSA_Mk2_Noisemaker_Ejector,Noisemaker,NoisemakerMagazine,Ammunition1,usn_adc_mk1_noisemaker,20
wp_bpk_udaloy,vessels,WeaponSystem1,SA-N-9,Missile,WeaponMagazine_SA-N-9_1,Ammunition1,wp_sa-n-9,32
wp_bpk_udaloy,vessels,WeaponSystem2,SA-N-9,Missile,WeaponMagazine_SA-N-9_2,Ammunition1,wp_sa-n-9,32
wp_bpk_udaloy,vessels,WeaponSystem4,RBU6000,RBU,WeaponMagazine_RBU6000,Ammunition1,wp_rgb-60,48
wp_bpk_udaloy,vessels,WeaponSystem5,RBU6000,RBU,WeaponMagazine_RBU6000_starboard,Ammunition1,wp_rgb-60,48
wp_bpk_udaloy,vessels,WeaponSystem8,100mm_AK-100,Gun,WeaponMagazine_AK100_1,Ammunition1,wp_cal_100mm,350
wp_bpk_udaloy,vessels,WeaponSystem9,100mm_AK-100,Gun,WeaponMagazine_AK100_2,Ammunition1,wp_cal_100mm,350
wp_bpk_udaloy,vessels,WeaponSystem14,CSA_Mk2_Noisemaker_Ejector,Noisemaker,NoisemakerMagazine,Ammunition1,usn_adc_mk1_noisemaker,20
wp_cv_orel,vessels,WeaponSystem1,SA-N-7,Missile,WeaponMagazine_SA-N-7_1,Ammunition1,wp_sa-n-7,20
wp_cv_orel,vessels,WeaponSystem2,SA-N-7,Missile,WeaponMagazine_SA-N-7_2,Ammunition1,wp_sa-n-7,20
wp_cv_orel,vessels,WeaponSystem3,SA-N-4,Missile,WeaponMagazine_SA-N-4_1,Ammunition1,wp_sa-n-4,20
wp_cv_orel,vessels,WeaponSystem4,SA-N-4,Missile,WeaponMagazine_SA-N-4_2,Ammunition1,wp_sa-n-4,20
wp_cv_orel,vessels,WeaponSystem6,RBU6000,RBU,WeaponMagazine_RBU6000_1,Ammunition1,wp_rgb-60,72
wp_cv_orel,vessels,WeaponSystem7,RBU6000,RBU,WeaponMagazine_RBU6000_2,Ammunition1,wp_rgb-60,72
wp_cv_orel,vessels,WeaponSystem8,RBU6000,RBU,WeaponMagazine_RBU6000_3,Ammunition1,wp_rgb-60,72
wp_cv_orel,vessels,WeaponSystem9,RBU6000,RBU,WeaponMagazine_RBU6000_4,Ammunition1,wp_rgb-60,72
wp_cv_orel,vessels,WeaponSystem10+WeaponSystem11,AK630,CIWS,WeaponMagazineCIWS_1,Ammunition1,wp_cal_30mm,20000
wp_cv_orel,vessels,WeaponSystem12+WeaponSystem13,AK630,CIWS,WeaponMagazineCIWS_2,Ammunition1,wp_cal_30mm,20000
wp_cv_orel,vessels,WeaponSystem14+WeaponSystem15+WeaponSystem16+WeaponSystem17,AK630,CIWS,WeaponMagazineCIWS_3,Ammunition1,wp_cal_30mm,40000
wp_cv_orel,vessels,WeaponSystem18+WeaponSystem19,CSA_Mk2_Noisemaker_Ejector,Noisemaker,NoisemakerMagazine,Ammunition1,usn_adc_mk1_noisemaker,40
wp_cv_orel,vessels,WeaponSystem20+WeaponSystem21,VesselChaff,Chaff,ChaffMagazine,Ammunition1,usn_rr144_chaff,68
wp_em_sovremenny,vessels,WeaponSystem1,SA-N-7,Missile,WeaponMagazine_SA-N-7_1,Ammunition1,wp_sa-n-7,24
wp_em_sovremenny,vessels,WeaponSystem2,SA-N-7,Missile,WeaponMagazine_SA-N-7_2,Ammunition1,wp_sa-n-7,24
wp_em_sovremenny,vessels,WeaponSystem6,RBU1000,RBU,WeaponMagazine_RBU1000_port,Ammunition1,wp_rgb-10,30
wp_em_sovremenny,vessels,WeaponSystem5,RBU1000,RBU,WeaponMagazine_RBU1000_starboard,Ammunition1,wp_rgb-10,30
wp_em_sovremenny,vessels,WeaponSystem9,130mm_AK-130,Gun,WeaponMagazine_AK130_1,Ammunition1,wp_cal_130mm,500
wp_em_sovremenny,vessels,WeaponSystem10,130mm_AK-130,Gun,WeaponMagazine_AK130_2,Ammunition1,wp_cal_130mm,500
wp_em_sovremenny,vessels,WeaponSystem11+WeaponSystem12+WeaponSystem13+WeaponSystem14,AK630,CIWS,WeaponMagazineCIWS,Ammunition1,wp_cal_30mm,20000
wp_em_sovremenny,vessels,WeaponSystem15,CSA_Mk2_Noisemaker_Ejector,Noisemaker,NoisemakerMagazine,Ammunition1,usn_adc_mk1_noisemaker,20
wp_kr_sverdlov,vessels,WeaponSystem1,152mm_B-38,Gun,WeaponMagazine_152mm_1,Ammunition1,wp_cal_152mm,549
wp_kr_sverdlov,vessels,WeaponSystem2,152mm_B-38,Gun,WeaponMagazine_152mm_2,Ammunition1,wp_cal_152mm,549
wp_kr_sverdlov,vessels,WeaponSystem3,152mm_B-38,Gun,WeaponMagazine_152mm_3,Ammunition1,wp_cal_152mm,546
wp_kr_sverdlov,vessels,WeaponSystem4,152mm_B-38,Gun,WeaponMagazine_152mm_4,Ammunition1,wp_cal_152mm,546
wp_kr_sverdlov,vessels,WeaponSystem5,100mm_CM5,Gun,WeaponMagazine_100mm_1,Ammunition1,wp_cal_100mm_cm5,640
wp_kr_sverdlov,vessels,WeaponSystem6,100mm_CM5,Gun,WeaponMagazine_100mm_2,Ammunition1,wp_cal_100mm_cm5,640
wp_kr_sverdlov,vessels,WeaponSystem7,100mm_CM5,Gun,WeaponMagazine_100mm_3,Ammunition1,wp_cal_100mm_cm5,640
wp_kr_sverdlov,vessels,WeaponSystem8,100mm_CM5,Gun,WeaponMagazine_100mm_4,Ammunition1,wp_cal_100mm_cm5,640
wp_kr_sverdlov,vessels,WeaponSystem9,100mm_CM5,Gun,WeaponMagazine_100mm_5,Ammunition1,wp_cal_100mm_cm5,640
wp_kr_sverdlov,vessels,WeaponSystem10,100mm_CM5,Gun,WeaponMagazine_100mm_6,Ammunition1,wp_cal_100mm_cm5,640
wp_kr_sverdlov,vessels,WeaponSystem19,CSA_Mk2_Noisemaker_Ejector,Noisemaker,NoisemakerMagazine,Ammunition1,usn_adc_mk1_noisemaker,20
wp_mpk_grisha3,vessels,WeaponSystem1,SA-N-4,Missile,WeaponMagazine_SA-N-4_1,Ammunition1,wp_sa-n-4,20
wp_mpk_grisha3,vessels,WeaponSystem2,RBU6000,RBU,WeaponMagazine_RBU6000_port,Ammunition1,wp_rgb-60,48
wp_mpk_grisha3,vessels,WeaponSystem3,RBU6000,RBU,WeaponMagazine_RBU6000_starboard,Ammunition1,wp_rgb-60,48
wp_mpk_grisha3,vessels,WeaponSystem6,AK725,Gun,WeaponMagazine_AK725_1,Ammunition1,wp_cal_57mm,1100
wp_mpk_grisha3,vessels,WeaponSystem8,CSA_Mk2_Noisemaker_Ejector,Noisemaker,NoisemakerMagazine,Ammunition1,usn_adc_mk1_noisemaker,20
wp_mrk_nanuchka,vessels,WeaponSystem1,SA-N-4,Missile,WeaponMagazine_SA-N-4,Ammunition1,wp_sa-n-4,20
wp_mrk_nanuchka,vessels,WeaponSystem3,AK725,Gun,WeaponMagazine_AK725,Ammunition1,wp_cal_57mm,1100
wp_mrk_nanuchka,vessels,WeaponSystem4,CSA_Mk2_Noisemaker_Ejector,Noisemaker,NoisemakerMagazine,Ammunition1,usn_adc_mk1_noisemaker,20
wp_ms_andizhan_armed,vessels,WeaponSystem1,AZP_S-60,Gun,S-60_Magazine,Ammunition1,nv_cal_57mm,600
wp_ms_roro_b,vessels,WeaponSystem1,SA-8,Missile,WeaponMagazine_SA-8,Ammunition1,wp_sa-8,18
wp_ms_roro_b,vessels,WeaponSystem2+WeaponSystem3,SA-N-5,Missile,WeaponMagazine_SA-N-5,Ammunition1,wp_sa-n-5,48
wp_ms_roro_b,vessels,WeaponSystem4,23mm_ZU-23,CIWS,WeaponMagazine_ZU-23,Ammunition1,wp_cal_23mm,12800
wp_ms_roro_b,vessels,WeaponSystem5,CSA_Mk2_Noisemaker_Ejector,Noisemaker,NoisemakerMagazine,Ammunition1,usn_adc_mk1_noisemaker,20
wp_msc_T43,vessels,WeaponSystem1,Soviet_DC,RBU,WeaponMagazine_DC,Ammunition1,wp_dc_shell,24
wp_msc_T43,vessels,WeaponSystem2+WeaponSystem3,V-11,Gun,WeaponMagazine_37mm,Ammunition1,wp_cal_37mm,2000
wp_msc_T43,vessels,WeaponSystem4+WeaponSystem5+WeaponSystem6+WeaponSystem7,14.5mm_2M-7,CIWS,WeaponMagazineCIWS,Ammunition1,wp_cal_14mm,2600
wp_msc_T43K,vessels,WeaponSystem1,Soviet_DC,RBU,WeaponMagazine_DC,Ammunition1,wp_dc_shell,24
wp_msc_T43K,vessels,WeaponSystem2+WeaponSystem3,V-11,Gun,WeaponMagazine_37mm,Ammunition1,wp_cal_37mm,2000
wp_msc_T43K,vessels,WeaponSystem4+WeaponSystem5+WeaponSystem6+WeaponSystem7,14.5mm_2M-7,CIWS,WeaponMagazineCIWS,Ammunition1,wp_cal_14mm,2600
wp_msc_kondor,vessels,WeaponSystem1,25mm_2M-3,CIWS,WeaponMagazineCIWS,Ammunition1,wp_cal_25mm,2600
wp_msc_kondor,vessels,WeaponSystem2,Soviet_DC,RBU,WeaponMagazine_DC,Ammunition1,wp_dc_shell,18
wp_msc_kondor_II,vessels,WeaponSystem1,25mm_2M-3,CIWS,WeaponMagazineCIWS,Ammunition1,wp_cal_25mm,2600
wp_msc_kondor_II,vessels,WeaponSystem2,25mm_2M-3,CIWS,WeaponMagazineCIWS_port,Ammunition1,wp_cal_25mm,2000
wp_msc_kondor_II,vessels,WeaponSystem3,25mm_2M-3,CIWS,WeaponMagazineCIWS_starboard,Ammunition1,wp_cal_25mm,2000
wp_msc_kondor_II,vessels,WeaponSystem4,Soviet_DC,RBU,WeaponMagazine_DC,Ammunition1,wp_dc_shell,18
wp_msc_kondor_II_85,vessels,WeaponSystem1,25mm_2M-3,CIWS,WeaponMagazineCIWS,Ammunition1,wp_cal_25mm,2600
wp_msc_kondor_II_85,vessels,WeaponSystem2,25mm_2M-3,CIWS,WeaponMagazineCIWS_port,Ammunition1,wp_cal_25mm,2000
wp_msc_kondor_II_85,vessels,WeaponSystem3,25mm_2M-3,CIWS,WeaponMagazineCIWS_starboard,Ammunition1,wp_cal_25mm,2000
wp_msc_kondor_II_85,vessels,WeaponSystem5,SA-N-5,Missile,WeaponMagazine_SA-N-5,Ammunition1,wp_sa-n-5,20
wp_msc_kondor_II_85,vessels,WeaponSystem4,Soviet_DC,RBU,WeaponMagazine_DC,Ammunition1,wp_dc_shell,18
wp_pb_don,vessels,WeaponSystem1,100mm_B-34,Gun,WeaponMagazine_100mm_1,Ammunition1,wp_cal_100mm_cm5,300
wp_pb_don,vessels,WeaponSystem2,100mm_B-34,Gun,WeaponMagazine_100mm_2,Ammunition1,wp_cal_100mm_cm5,300
wp_pb_don,vessels,WeaponSystem3,100mm_B-34,Gun,WeaponMagazine_100mm_3,Ammunition1,wp_cal_100mm_cm5,300
wp_pb_don,vessels,WeaponSystem4,100mm_B-34,Gun,WeaponMagazine_100mm_4,Ammunition1,wp_cal_100mm_cm5,300
wp_pb_don,vessels,WeaponSystem5+WeaponSystem6,ZIF-31,Gun,WeaponMagazine_ZIF31_Fwd,Ammunition1,wp_cal_57mm,1100
wp_pb_don,vessels,WeaponSystem7+WeaponSystem8,ZIF-31,Gun,WeaponMagazine_ZIF31_Rear,Ammunition1,wp_cal_57mm,1100
wp_pb_don,vessels,WeaponSystem9,CSA_Mk2_Noisemaker_Ejector,Noisemaker,NoisemakerMagazine,Ammunition1,usn_adc_mk1_noisemaker,20
wp_pb_zhuk,vessels,WeaponSystem1,14.5mm_2M-5,CIWS,WeaponMagazineCIWS,Ammunition1,wp_cal_14mm,2600
wp_pb_zhuk_ME,vessels,WeaponSystem1,14.5mm_2M-5,CIWS,WeaponMagazineCIWS,Ammunition1,wp_cal_14mm,2600
wp_pb_zhuk_ME,vessels,WeaponSystem2,14.5mm_2M-5,CIWS,WeaponMagazineCIWS_rear,Ammunition1,wp_cal_14mm,2200
wp_pkr_moskva,vessels,WeaponSystem1,SA-N-3,Missile,WeaponMagazine_SA-N-3_1,Ammunition1,wp_sa-n-3,48
wp_pkr_moskva,vessels,WeaponSystem2,SA-N-3,Missile,WeaponMagazine_SA-N-3_2,Ammunition1,wp_sa-n-3,48
wp_pkr_moskva,vessels,WeaponSystem3,AK725,Gun,WeaponMagazine_AK725_1,Ammunition1,wp_cal_57mm,1100
wp_pkr_moskva,vessels,WeaponSystem4,AK725,Gun,WeaponMagazine_AK725_2,Ammunition1,wp_cal_57mm,1100
wp_pkr_moskva,vessels,WeaponSystem5,RBU6000,RBU,WeaponMagazine_RBU6000_1,Ammunition1,wp_rgb-60,72
wp_pkr_moskva,vessels,WeaponSystem6,RBU6000,RBU,WeaponMagazine_RBU6000_2,Ammunition1,wp_rgb-60,72
wp_pkr_moskva,vessels,WeaponSystem7,CSA_Mk2_Noisemaker_Ejector,Noisemaker,NoisemakerMagazine,Ammunition1,usn_adc_mk1_noisemaker,20
wp_pt_libelle,vessels,WeaponSystem3,23mm_ZU-23,CIWS,WeaponMagazineGun_1,Ammunition1,wp_cal_23mm,2400
wp_pt_p4,vessels,WeaponSystem2,14.5mm_2M-5,CIWS,WeaponMagazineCIWS,Ammunition1,wp_cal_14mm,1200
wp_pt_p6,vessels,WeaponSystem2+WeaponSystem3,25mm_2M-3,CIWS,WeaponMagazineCIWS,Ammunition1,wp_cal_25mm,1600
wp_pt_shershen,vessels,WeaponSystem2+WeaponSystem3,AK230,CIWS,WeaponMagazineCIWS,Ammunition1,wp_cal_30mm,10000
wp_pt_shershen-e,vessels,WeaponSystem1,SA-N-5,Missile,WeaponMagazine_SA-N-5,Ammunition1,wp_sa-n-5,16
wp_pt_shershen-e,vessels,WeaponSystem4+WeaponSystem5,AK230,CIWS,WeaponMagazineCIWS,Ammunition1,wp_cal_30mm,8000
wp_pt_shershen-er,vessels,WeaponSystem1+WeaponSystem2,AK230,CIWS,WeaponMagazineCIWS,Ammunition1,wp_cal_30mm,10000
wp_pt_shershen-er,vessels,WeaponSystem3,SA-N-5,Missile,WeaponMagazine_SA-N-5,Ammunition1,wp_sa-n-5,16
wp_pt_stenka,vessels,WeaponSystem2+WeaponSystem3,AK230,CIWS,WeaponMagazineCIWS,Ammunition1,wp_cal_30mm,10000
wp_pt_stenka,vessels,WeaponSystem4,CSA_Mk2_Noisemaker_Ejector,Noisemaker,WeaponMagazine_Noisemaker,Ammunition1,usn_adc_mk1_noisemaker,16
wp_pt_turya,vessels,WeaponSystem2,AK725,Gun,WeaponMagazine_AK725,Ammunition1,wp_cal_57mm,1100
wp_pt_turya,vessels,WeaponSystem3,25mm_2M-3,CIWS,WeaponMagazineCIWS,Ammunition1,wp_cal_25mm,1600
wp_pt_wisla,vessels,WeaponSystem2,AK230,CIWS,WeaponMagazineCIWS,Ammunition1,wp_cal_30mm,1000
wp_ptg_komar,vessels,WeaponSystem2,25mm_2M-3,CIWS,WeaponMagazineCIWS,Ammunition1,wp_cal_25mm,800
wp_ptg_osa1,vessels,WeaponSystem2+WeaponSystem3,AK230,CIWS,WeaponMagazineCIWS,Ammunition1,wp_cal_30mm,10000
wp_ptg_osa2,vessels,WeaponSystem2+WeaponSystem3,AK230,CIWS,WeaponMagazineCIWS,Ammunition1,wp_cal_30mm,10000
wp_ptg_tarantul,vessels,WeaponSystem1,SA-N-5,Missile,WeaponMagazine_SA-N-5,Ammunition1,wp_sa-n-5,16
wp_ptg_tarantul,vessels,WeaponSystem3,AK176,Gun,WeaponMagazine_AK176,Ammunition1,wp_cal_76mm,162
wp_ptg_tarantul,vessels,WeaponSystem6,CSA_Mk2_Noisemaker_Ejector,Noisemaker,NoisemakerMagazine,Ammunition1,usn_adc_mk1_noisemaker,20
wp_ptg_tarantul_re,vessels,WeaponSystem1,SA-N-5,Missile,WeaponMagazine_SA-N-5,Ammunition1,wp_sa-n-5,16
wp_ptg_tarantul_re,vessels,WeaponSystem3,AK176,Gun,WeaponMagazine_AK176,Ammunition1,wp_cal_76mm,162
wp_ptg_tarantul_re,vessels,WeaponSystem6,CSA_Mk2_Noisemaker_Ejector,Noisemaker,NoisemakerMagazine,Ammunition1,usn_adc_mk1_noisemaker,20
wp_rkr_kirov,vessels,WeaponSystem1,SA-N-6,Missile,WeaponMagazine_SA-N-6,Ammunition1,wp_sa-n-6,96
wp_rkr_kirov,vessels,WeaponSystem2,SA-N-4,Missile,WeaponMagazine_SA-N-4_1,Ammunition1,wp_sa-n-4,20
wp_rkr_kirov,vessels,WeaponSystem3,SA-N-4,Missile,WeaponMagazine_SA-N-4_2,Ammunition1,wp_sa-n-4,20
wp_rkr_kirov,vessels,WeaponSystem5,SS-N-14,Missile,WeaponMagazine_SS-N-14,Ammunition1,wp_ss-n-14a,10
wp_rkr_kirov,vessels,WeaponSystem6,RBU6000,RBU,WeaponMagazine_RBU6000,Ammunition1,wp_rgb-60,72
wp_rkr_kirov,vessels,WeaponSystem8,RBU1000,RBU,WeaponMagazine_RBU1000_port,Ammunition1,wp_rgb-10,30
wp_rkr_kirov,vessels,WeaponSystem9,RBU1000,RBU,WeaponMagazine_RBU1000_starboard,Ammunition1,wp_rgb-10,30
wp_rkr_kirov,vessels,WeaponSystem12,100mm_AK-100,Gun,WeaponMagazine_AK100_1,Ammunition1,wp_cal_100mm,350
wp_rkr_kirov,vessels,WeaponSystem13,100mm_AK-100,Gun,WeaponMagazine_AK100_2,Ammunition1,wp_cal_100mm,350
wp_rkr_kirov,vessels,WeaponSystem14+WeaponSystem15+WeaponSystem16+WeaponSystem17+WeaponSystem18+WeaponSystem19+WeaponSystem20+WeaponSystem21,AK630,CIWS,WeaponMagazineCIWS,Ammunition1,wp_cal_30mm,24000
wp_rkr_kirov,vessels,WeaponSystem22,CSA_Mk2_Noisemaker_Ejector,Noisemaker,NoisemakerMagazine,Ammunition1,usn_adc_mk1_noisemaker,20
wp_rkr_kresta1,vessels,WeaponSystem1,SA-N-1,Missile,WeaponMagazine_SA-N-1_1,Ammunition1,wp_sa-n-1c,32
wp_rkr_kresta1,vessels,WeaponSystem2,SA-N-1,Missile,WeaponMagazine_SA-N-1_2,Ammunition1,wp_sa-n-1c,32
wp_rkr_kresta1,vessels,,,,WeaponMagazine_SA-N-1Early_1,Ammunition1,wp_sa-n-1,32
wp_rkr_kresta1,vessels,,,,WeaponMagazine_SA-N-1Early_2,Ammunition1,wp_sa-n-1,32
wp_rkr_kresta1,vessels,WeaponSystem5,RBU6000,RBU,WeaponMagazine_RBU6000_port,Ammunition1,wp_rgb-60,72
wp_rkr_kresta1,vessels,WeaponSystem6,RBU6000,RBU,WeaponMagazine_RBU6000_starboard,Ammunition1,wp_rgb-60,72
wp_rkr_kresta1,vessels,WeaponSystem7,RBU1000,RBU,WeaponMagazine_RBU1000_port,Ammunition1,wp_rgb-10,30
wp_rkr_kresta1,vessels,WeaponSystem8,RBU1000,RBU,WeaponMagazine_RBU1000_starboard,Ammunition1,wp_rgb-10,30
wp_rkr_kresta1,vessels,WeaponSystem11,AK725,Gun,WeaponMagazine_AK725_1,Ammunition1,wp_cal_57mm,1100
wp_rkr_kresta1,vessels,WeaponSystem12,AK725,Gun,WeaponMagazine_AK725_2,Ammunition1,wp_cal_57mm,1100
wp_rkr_kresta1,vessels,WeaponSystem13,CSA_Mk2_Noisemaker_Ejector,Noisemaker,NoisemakerMagazine,Ammunition1,usn_adc_mk1_noisemaker,20
wp_rkr_kynda,vessels,WeaponSystem1,SA-N-1,Missile,WeaponMagazine_SA-N-1,Ammunition1,wp_sa-n-1c,16
wp_rkr_kynda,vessels,,,,WeaponMagazine_ShaddockFront,Ammunition1,wp_ss-n-3b,4
wp_rkr_kynda,vessels,,,,WeaponMagazine_ShaddockRear,Ammunition1,wp_ss-n-3b,4
wp_rkr_kynda,vessels,WeaponSystem4,RBU6000,RBU,WeaponMagazine_RBU6000_port,Ammunition1,wp_rgb-60,48
wp_rkr_kynda,vessels,WeaponSystem5,RBU6000,RBU,WeaponMagazine_RBU6000_starboard,Ammunition1,wp_rgb-60,48
wp_rkr_kynda,vessels,WeaponSystem8,AK726,Gun,WeaponMagazine_AK726_1,Ammunition1,wp_cal_76mm,525
wp_rkr_kynda,vessels,WeaponSystem9,AK726,Gun,WeaponMagazine_AK726_2,Ammunition1,wp_cal_76mm,525
wp_rkr_kynda,vessels,WeaponSystem14,CSA_Mk2_Noisemaker_Ejector,Noisemaker,NoisemakerMagazine,Ammunition1,usn_adc_mk1_noisemaker,20
wp_rkr_slava,vessels,WeaponSystem1,SA-N-6,Missile,WeaponMagazine_SA-N-6,Ammunition1,wp_sa-n-6,64
wp_rkr_slava,vessels,WeaponSystem2,SA-N-4,Missile,WeaponMagazine_SA-N-4_1,Ammunition1,wp_sa-n-4,20
wp_rkr_slava,vessels,WeaponSystem3,SA-N-4,Missile,WeaponMagazine_SA-N-4_2,Ammunition1,wp_sa-n-4,20
wp_rkr_slava,vessels,WeaponSystem6,RBU6000,RBU,WeaponMagazine_RBU6000_port,Ammunition1,wp_rgb-60,48
wp_rkr_slava,vessels,WeaponSystem7,RBU6000,RBU,WeaponMagazine_RBU6000_starboard,Ammunition1,wp_rgb-60,48
wp_rkr_slava,vessels,WeaponSystem10,130mm_AK-130,Gun,WeaponMagazine_AK130,Ammunition1,wp_cal_130mm,500
wp_rkr_slava,vessels,WeaponSystem11+WeaponSystem12,AK630,CIWS,WeaponMagazineCIWS_1,Ammunition1,wp_cal_30mm,24000
wp_rkr_slava,vessels,WeaponSystem13+WeaponSystem14+WeaponSystem15+WeaponSystem16,AK630,CIWS,WeaponMagazineCIWS_2,Ammunition1,wp_cal_30mm,48000
wp_rkr_slava,vessels,WeaponSystem17,CSA_Mk2_Noisemaker_Ejector,Noisemaker,NoisemakerMagazine,Ammunition1,usn_adc_mk1_noisemaker,20
wp_skr_krivak1,vessels,WeaponSystem1,SA-N-4,Missile,WeaponMagazine_SA-N-4_1,Ammunition1,wp_sa-n-4,20
wp_skr_krivak1,vessels,WeaponSystem2,SA-N-4,Missile,WeaponMagazine_SA-N-4_2,Ammunition1,wp_sa-n-4,20
wp_skr_krivak1,vessels,WeaponSystem4,RBU6000,RBU,WeaponMagazine_RBU6000_port,Ammunition1,wp_rgb-60,48
wp_skr_krivak1,vessels,WeaponSystem5,RBU6000,RBU,WeaponMagazine_RBU6000_starboard,Ammunition1,wp_rgb-60,48
wp_skr_krivak1,vessels,WeaponSystem8,AK726,Gun,WeaponMagazine_AK726_1,Ammunition1,wp_cal_76mm,1000
wp_skr_krivak1,vessels,WeaponSystem9,AK726,Gun,WeaponMagazine_AK726_2,Ammunition1,wp_cal_76mm,1000
wp_skr_krivak1,vessels,WeaponSystem10,CSA_Mk2_Noisemaker_Ejector,Noisemaker,NoisemakerMagazine,Ammunition1,usn_adc_mk1_noisemaker,20
wp_skr_krivak2,vessels,WeaponSystem1,SA-N-4,Missile,WeaponMagazine_SA-N-4_1,Ammunition1,wp_sa-n-4,20
wp_skr_krivak2,vessels,WeaponSystem2,SA-N-4,Missile,WeaponMagazine_SA-N-4_2,Ammunition1,wp_sa-n-4,20
wp_skr_krivak2,vessels,WeaponSystem4,RBU6000,RBU,WeaponMagazine_RBU6000_port,Ammunition1,wp_rgb-60,48
wp_skr_krivak2,vessels,WeaponSystem5,RBU6000,RBU,WeaponMagazine_RBU6000_starboard,Ammunition1,wp_rgb-60,48
wp_skr_krivak2,vessels,WeaponSystem8,100mm_AK-100,Gun,WeaponMagazine_AK100_1,Ammunition1,wp_cal_100mm,625
wp_skr_krivak2,vessels,WeaponSystem9,100mm_AK-100,Gun,WeaponMagazine_AK100_2,Ammunition1,wp_cal_100mm,625
wp_skr_krivak2,vessels,WeaponSystem10,CSA_Mk2_Noisemaker_Ejector,Noisemaker,NoisemakerMagazine,Ammunition1,usn_adc_mk1_noisemaker,20
wp_skr_petya2,vessels,WeaponSystem1,RBU6000,RBU,WeaponMagazine_RBU6000_port,Ammunition1,wp_rgb-60,48
wp_skr_petya2,vessels,WeaponSystem2,RBU6000,RBU,WeaponMagazine_RBU6000_starboard,Ammunition1,wp_rgb-60,48
wp_skr_petya2,vessels,WeaponSystem5,AK726,Gun,WeaponMagazine_AK726_1,Ammunition1,wp_cal_76mm,100
wp_skr_petya2,vessels,WeaponSystem6,AK726,Gun,WeaponMagazine_AK726_2,Ammunition1,wp_cal_76mm,100
wp_skr_petya2,vessels,WeaponSystem7,CSA_Mk2_Noisemaker_Ejector,Noisemaker,NoisemakerMagazine,Ammunition1,usn_adc_mk1_noisemaker,20
wp_skr_petya3,vessels,WeaponSystem1,RBU2500,RBU,WeaponMagazine_RBU2500_port,Ammunition1,wp_rgb-25,48
wp_skr_petya3,vessels,WeaponSystem2,RBU2500,RBU,WeaponMagazine_RBU2500_starboard,Ammunition1,wp_rgb-25,48
wp_skr_petya3,vessels,WeaponSystem4,AK726,Gun,WeaponMagazine_AK726_1,Ammunition1,wp_cal_76mm,100
wp_skr_petya3,vessels,WeaponSystem5,AK726,Gun,WeaponMagazine_AK726_2,Ammunition1,wp_cal_76mm,100
wp_skr_petya3,vessels,WeaponSystem6,CSA_Mk2_Noisemaker_Ejector,Noisemaker,NoisemakerMagazine,Ammunition1,usn_adc_mk1_noisemaker,20
wp_ss_foxtrot,vessels,WeaponSystem1+WeaponSystem2+WeaponSystem3+WeaponSystem4+WeaponSystem5+WeaponSystem6,NTA_533mm,Torpedo,WeaponMagazine_533mm_Fore,Ammunition1,wp_set-65,9
wp_ss_foxtrot,vessels,WeaponSystem1+WeaponSystem2+WeaponSystem3+WeaponSystem4+WeaponSystem5+WeaponSystem6,NTA_533mm,Torpedo,WeaponMagazine_533mm_Fore,Ammunition2,wp_53-65K,9
wp_ss_foxtrot,vessels,,,,WeaponMagazine_533mmLate_Fore,Ammunition1,wp_set-65,7
wp_ss_foxtrot,vessels,,,,WeaponMagazine_533mmLate_Fore,Ammunition2,wp_53-65K,7
wp_ss_foxtrot,vessels,,,,WeaponMagazine_533mmLate_Fore,Ammunition3,wp_test-71m,4
wp_ss_foxtrot,vessels,WeaponSystem7+WeaponSystem8+WeaponSystem9+WeaponSystem10,NTA_533mm,Torpedo,WeaponMagazine_533mm_Aft,Ammunition1,wp_set-65,4
wp_ss_foxtrot,vessels,WeaponSystem11+WeaponSystem12,VIPS_Noisemaker_Ejector,Noisemaker,NoisemakerMagazine,Ammunition1,wp_noisemaker,20
wp_ss_kilo,vessels,WeaponSystem1+WeaponSystem2+WeaponSystem3+WeaponSystem4+WeaponSystem5+WeaponSystem6,NTA_533mm,Torpedo,WeaponMagazine_533mm,Ammunition1,wp_test-71m,8
wp_ss_kilo,vessels,WeaponSystem1+WeaponSystem2+WeaponSystem3+WeaponSystem4+WeaponSystem5+WeaponSystem6,NTA_533mm,Torpedo,WeaponMagazine_533mm,Ammunition2,wp_53-65K,8
wp_ss_kilo,vessels,WeaponSystem1+WeaponSystem2+WeaponSystem3+WeaponSystem4+WeaponSystem5+WeaponSystem6,NTA_533mm,Torpedo,WeaponMagazine_533mm,Ammunition3,wp_mg-74,2
wp_ss_kilo,vessels,WeaponSystem7+WeaponSystem8,VIPS_Noisemaker_Ejector,Noisemaker,NoisemakerMagazine,Ammunition1,wp_noisemaker,20
wp_ss_romeo,vessels,WeaponSystem1+WeaponSystem2+WeaponSystem3+WeaponSystem4+WeaponSystem5+WeaponSystem6,NTA_533mm,Torpedo,WeaponMagazine_533mm_Fore,Ammunition1,wp_set-65,4
wp_ss_romeo,vessels,WeaponSystem1+WeaponSystem2+WeaponSystem3+WeaponSystem4+WeaponSystem5+WeaponSystem6,NTA_533mm,Torpedo,WeaponMagazine_533mm_Fore,Ammunition2,wp_53-65K,8
wp_ss_romeo,vessels,WeaponSystem7+WeaponSystem8,NTA_533mm,Torpedo,WeaponMagazine_533mm_Aft,Ammunition1,wp_set-65,2
wp_ss_romeo,vessels,WeaponSystem9+WeaponSystem10,VIPS_Noisemaker_Ejector,Noisemaker,NoisemakerMagazine,Ammunition1,wp_noisemaker,20
wp_ss_tango,vessels,WeaponSystem1+WeaponSystem2+WeaponSystem3+WeaponSystem4+WeaponSystem5+WeaponSystem6,NTA_533mm,Torpedo,WeaponMagazine_533mm_Fore,Ammunition1,wp_test-71m,8
wp_ss_tango,vessels,WeaponSystem1+WeaponSystem2+WeaponSystem3+WeaponSystem4+WeaponSystem5+WeaponSystem6,NTA_533mm,Torpedo,WeaponMagazine_533mm_Fore,Ammunition2,wp_set-65,4
wp_ss_tango,vessels,WeaponSystem1+WeaponSystem2+WeaponSystem3+WeaponSystem4+WeaponSystem5+WeaponSystem6,NTA_533mm,Torpedo,WeaponMagazine_533mm_Fore,Ammunition3,wp_53-65K,8
wp_ss_tango,vessels,WeaponSystem1+WeaponSystem2+WeaponSystem3+WeaponSystem4+WeaponSystem5+WeaponSystem6,NTA_533mm,Torpedo,WeaponMagazine_533mm_Fore,Ammunition4,wp_mg-74,4
wp_ss_tango,vessels,WeaponSystem7+WeaponSystem8,VIPS_Noisemaker_Ejector,Noisemaker,NoisemakerMagazine,Ammunition1,wp_noisemaker,20
wp_ssbn_delta3,vessels,WeaponSystem1+WeaponSystem2+WeaponSystem3+WeaponSystem4,NTA_533mm,Torpedo,WeaponMagazine_533mm,Ammunition1,wp_set-65,8
wp_ssbn_delta3,vessels,WeaponSystem1+WeaponSystem2+WeaponSystem3+WeaponSystem4,NTA_533mm,Torpedo,WeaponMagazine_533mm,Ammunition2,wp_53-65K,8
wp_ssbn_delta3,vessels,WeaponSystem5+WeaponSystem6,NTA_400mm,Torpedo,WeaponMagazine_400mm,Ammunition1,wp_mg-44,4
wp_ssbn_yankee,vessels,WeaponSystem1+WeaponSystem2+WeaponSystem3+WeaponSystem4,NTA_533mm,Torpedo,WeaponMagazine_533mm,Ammunition1,wp_set-65,8
wp_ssbn_yankee,vessels,WeaponSystem1+WeaponSystem2+WeaponSystem3+WeaponSystem4,NTA_533mm,Torpedo,WeaponMagazine_533mm,Ammunition2,wp_53-65K,8
wp_ssbn_yankee,vessels,WeaponSystem5+WeaponSystem6,NTA_400mm,Torpedo,WeaponMagazine_400mm,Ammunition1,wp_mg-44,4
wp_ssgn_charlie1,vessels,WeaponSystem4+WeaponSystem5+WeaponSystem6+WeaponSystem7,NTA_533mm,Torpedo,WeaponMagazine_533mm,Ammunition1,wp_set-65,8
wp_ssgn_charlie1,vessels,WeaponSystem4+WeaponSystem5+WeaponSystem6+WeaponSystem7,NTA_533mm,Torpedo,WeaponMagazine_533mm,Ammunition2,wp_53-65K,8
wp_ssgn_charlie1,vessels,WeaponSystem2+WeaponSystem3,NTA_400mm,Torpedo,WeaponMagazine_400mm,Ammunition1,wp_mg-44,4
wp_ssgn_charlie1,vessels,WeaponSystem8+WeaponSystem9,VIPS_Noisemaker_Ejector,Noisemaker,NoisemakerMagazine,Ammunition1,wp_noisemaker,20
wp_ssgn_charlie2,vessels,WeaponSystem8+WeaponSystem9,VIPS_Noisemaker_Ejector,Noisemaker,NoisemakerMagazine,Ammunition1,wp_noisemaker,20
wp_ssgn_echo2,vessels,WeaponSystem5+WeaponSystem6+WeaponSystem7+WeaponSystem8,NTA_533mm,Torpedo,WeaponMagazine_533mm,Ammunition1,wp_set-65,6
wp_ssgn_echo2,vessels,WeaponSystem5+WeaponSystem6+WeaponSystem7+WeaponSystem8,NTA_533mm,Torpedo,WeaponMagazine_533mm,Ammunition2,wp_53-65K,4
wp_ssgn_echo2,vessels,WeaponSystem9+WeaponSystem10,NTA_400mm,Torpedo,WeaponMagazine_400mm,Ammunition1,wp_set-40,6
wp_ssgn_echo2,vessels,,,,WeaponMagazineLate_400mm,Ammunition1,wp_mg-44,6
wp_ssgn_echo2,vessels,WeaponSystem11+WeaponSystem12,VIPS_Noisemaker_Ejector,Noisemaker,NoisemakerMagazine,Ammunition1,wp_noisemaker,20
wp_ssgn_oscar1,vessels,WeaponSystem8+WeaponSystem9,VIPS_Noisemaker_Ejector,Noisemaker,NoisemakerMagazine,Ammunition1,wp_noisemaker,20
wp_ssn_alfa,vessels,WeaponSystem7+WeaponSystem8,VIPS_Noisemaker_Ejector,Noisemaker,NoisemakerMagazine,Ammunition1,wp_noisemaker,20
wp_ssn_november,vessels,WeaponSystem1+WeaponSystem2+WeaponSystem3+WeaponSystem4+WeaponSystem5+WeaponSystem6+WeaponSystem7+WeaponSystem8,NTA_533mm,Torpedo,WeaponMagazine_533mm,Ammunition1,wp_set-65,10
wp_ssn_november,vessels,WeaponSystem1+WeaponSystem2+WeaponSystem3+WeaponSystem4+WeaponSystem5+WeaponSystem6+WeaponSystem7+WeaponSystem8,NTA_533mm,Torpedo,WeaponMagazine_533mm,Ammunition2,wp_53-65K,10
wp_ssn_november,vessels,WeaponSystem9+WeaponSystem10,VIPS_Noisemaker_Ejector,Noisemaker,NoisemakerMagazine,Ammunition1,wp_noisemaker,20
wp_ssn_victor1,vessels,WeaponSystem1+WeaponSystem2+WeaponSystem3+WeaponSystem4+WeaponSystem5+WeaponSystem6,NTA_533mm,Torpedo,WeaponMagazine_533mm,Ammunition1,wp_set-65,9
wp_ssn_victor1,vessels,WeaponSystem1+WeaponSystem2+WeaponSystem3+WeaponSystem4+WeaponSystem5+WeaponSystem6,NTA_533mm,Torpedo,WeaponMagazine_533mm,Ammunition2,wp_53-65K,9
wp_ssn_victor1,vessels,WeaponSystem7+WeaponSystem8,VIPS_Noisemaker_Ejector,Noisemaker,NoisemakerMagazine,Ammunition1,wp_noisemaker,20
wp_ssn_victor2,vessels,WeaponSystem1+WeaponSystem2,NTA_650mm,Torpedo,WeaponMagazine_650mm,Ammunition1,wp_65-76,6
wp_ssn_victor2,vessels,WeaponSystem3+WeaponSystem4+WeaponSystem5+WeaponSystem6,NTA_533mm,Torpedo,WeaponMagazine_533mm,Ammunition1,wp_set-65,8
wp_ssn_victor2,vessels,WeaponSystem3+WeaponSystem4+WeaponSystem5+WeaponSystem6,NTA_533mm,Torpedo,WeaponMagazine_533mm,Ammunition2,wp_53-65K,8
wp_ssn_victor2,vessels,WeaponSystem3+WeaponSystem4+WeaponSystem5+WeaponSystem6,NTA_533mm,Torpedo,WeaponMagazine_533mm,Ammunition3,wp_mg-74,4
wp_ssn_victor2,vessels,,,,WeaponMagazine_533mmLate,Ammunition1,wp_test-71m,4
wp_ssn_victor2,vessels,,,,WeaponMagazine_533mmLate,Ammunition2,wp_set-65,4
wp_ssn_victor2,vessels,,,,WeaponMagazine_533mmLate,Ammunition3,wp_53-65K,4
wp_ssn_victor2,vessels,,,,WeaponMagazine_533mmLate,Ammunition4,wp_mg-74,4
wp_ssn_victor2,vessels,,,,WeaponMagazine_533mmLate,Ammunition5,wp_ss-n-16,4
wp_ssn_victor2,vessels,WeaponSystem7+WeaponSystem8,VIPS_Noisemaker_Ejector,Noisemaker,NoisemakerMagazine,Ammunition1,wp_noisemaker,20
wp_ssn_victor3,vessels,WeaponSystem1+WeaponSystem2,NTA_650mm,Torpedo,WeaponMagazine_650mm,Ammunition1,wp_65-76,6
wp_ssn_victor3,vessels,WeaponSystem3+WeaponSystem4+WeaponSystem5+WeaponSystem6,NTA_533mm,Torpedo,WeaponMagazine_533mm,Ammunition1,wp_test-71m,6
wp_ssn_victor3,vessels,WeaponSystem3+WeaponSystem4+WeaponSystem5+WeaponSystem6,NTA_533mm,Torpedo,WeaponMagazine_533mm,Ammunition2,wp_uset-80,6
wp_ssn_victor3,vessels,WeaponSystem3+WeaponSystem4+WeaponSystem5+WeaponSystem6,NTA_533mm,Torpedo,WeaponMagazine_533mm,Ammunition3,wp_ss-n-16,4
wp_ssn_victor3,vessels,WeaponSystem3+WeaponSystem4+WeaponSystem5+WeaponSystem6,NTA_533mm,Torpedo,WeaponMagazine_533mm,Ammunition4,wp_mg-74,4
wp_ssn_victor3,vessels,WeaponSystem7+WeaponSystem8,VIPS_Noisemaker_Ejector,Noisemaker,NoisemakerMagazine,Ammunition1,wp_noisemaker,20
wp_takr_kiev,vessels,WeaponSystem1,SA-N-3,Missile,WeaponMagazine_SA-N-3_1,Ammunition1,wp_sa-n-3,40
wp_takr_kiev,vessels,WeaponSystem2,SA-N-3,Missile,WeaponMagazine_SA-N-3_2,Ammunition1,wp_sa-n-3,40
wp_takr_kiev,vessels,WeaponSystem3,SA-N-4,Missile,WeaponMagazine_SA-N-4_1,Ammunition1,wp_sa-n-4,20
wp_takr_kiev,vessels,WeaponSystem4,SA-N-4,Missile,WeaponMagazine_SA-N-4_2,Ammunition1,wp_sa-n-4,20
wp_takr_kiev,vessels,,,,WeaponMagazine_Basalt,Ammunition1,wp_ss-n-12,8
wp_takr_kiev,vessels,WeaponSystem9,RBU6000,RBU,WeaponMagazine_RBU6000_front,Ammunition1,wp_rgb-60,72
wp_takr_kiev,vessels,WeaponSystem10,RBU6000,RBU,WeaponMagazine_RBU6000_rear,Ammunition1,wp_rgb-60,72
wp_takr_kiev,vessels,WeaponSystem13,AK726,Gun,WeaponMagazine_AK726_1,Ammunition1,wp_cal_76mm,700
wp_takr_kiev,vessels,WeaponSystem14,AK726,Gun,WeaponMagazine_AK726_2,Ammunition1,wp_cal_76mm,700
wp_takr_kiev,vessels,WeaponSystem15+WeaponSystem16+WeaponSystem17+WeaponSystem18+WeaponSystem19+WeaponSystem20+WeaponSystem21+WeaponSystem22,AK630,CIWS,WeaponMagazineCIWS,Ammunition1,wp_cal_30mm,64000
wp_takr_kiev,vessels,WeaponSystem23,CSA_Mk2_Noisemaker_Ejector,Noisemaker,NoisemakerMagazine,Ammunition1,usn_adc_mk1_noisemaker,20
