alias,category,variant,nation,service_date,hullnumber
civ_707,aircraft,Default,US,1958,
civ_707,aircraft,Squadron1,US,,
civ_707,aircraft,Squadron2,US,,
civ_707,aircraft,Squadron3,US,,
civ_707,aircraft,Squadron4,UK,,
civ_707,aircraft,Squadron5,Germany,,
civ_707,aircraft,Squadron6,Japan,,
civ_707,aircraft,Squadron7,South_Korea,,
civ_707,aircraft,Squadron8,Australia,,
civ_c340,aircraft,Default,US,1972,
civ_dc-10,aircraft,Default,US,1971,
civ_dc-10,aircraft,Squadron1,US,,
civ_dc-10,aircraft,Squadron2,US,,
civ_dc-10,aircraft,Squadron3,US,,
civ_dc-10,aircraft,Squadron4,France,,
civ_dc-10,aircraft,Squadron5,Germany,,
civ_dc-10,aircraft,Squadron6,UK,,
civ_dc-10,aircraft,Squadron7,UK,,
civ_dc-10,aircraft,Squadron8,Thailand,,
civ_dc-10,aircraft,Squadron9,Singapore,,
civ_dc-10,aircraft,Squadron10,Japan,,
civ_dc-10,aircraft,Squadron11,Italy,,
civ_h700,aircraft,Default,US,1977,
civ_il-18,aircraft,Default,Soviet,1958,
civ_il-18,aircraft,Squadron1,Soviet,,
civ_il-18,aircraft,Squadron2,DDR,,
civ_il-18,aircraft,Squadron3,Poland,,
civ_il-18,aircraft,Squadron4,Czech,,
civ_il-18,aircraft,Squadron5,Cuba,,
civ_il-18,aircraft,Squadron6,North_Korea,,
civ_il-18,aircraft,Squadron7,Romania,,
civ_il-18,aircraft,Squadron8,Vietnam,,
civ_il-18,aircraft,Squadron9,Ghana,,
civ_il-18,aircraft,Squadron10,Mali,,
civ_il-18,aircraft,Squadron11,Soviet,,
civ_il-62,aircraft,Default,Soviet,1967,
civ_il-62,aircraft,Squadron1,Soviet,,
civ_il-62,aircraft,Squadron2,DDR,,
civ_il-62,aircraft,Squadron3,Poland,,
civ_il-62,aircraft,Squadron4,Czech,,
civ_il-62,aircraft,Squadron5,North_Korea,,
civ_tu-154,aircraft,Default,Soviet,1972,
civ_tu-154,aircraft,Squadron1,Soviet,,
civ_tu-154,aircraft,Squadron2,DDR,,
civ_tu-154,aircraft,Squadron3,Poland,,
civ_tu-154,aircraft,Squadron4,Cuba,,
civ_tu-154,aircraft,Squadron5,North_Korea,,
civ_tu-154,aircraft,Squadron6,Romania,,
civ_v35,aircraft,Default,US,1966,
fr_alouette_II,aircraft,Default,France,1957,
fr_alouette_II,aircraft,Squadron1,France,,
fr_alouette_II,aircraft,Squadron2,Belgium,,
fr_alouette_II,aircraft,Squadron3,Germany,,
fr_alouette_II,aircraft,Squadron4,Portugal,,
fr_alouette_II,aircraft,Squadron5,Spain,,
fr_alouette_II,aircraft,Squadron6,Switzerland,,
fr_alouette_II,aircraft,Squadron7,Sweden,,
fr_alouette_II,aircraft,Squadron8,Turkey,,
fr_alouette_II,aircraft,Squadron9,Brazil,,
fr_alouette_II,aircraft,Squadron10,Philippines,,
fr_as-350,aircraft,Default,France,1966|1992,
fr_as-350,aircraft,Squadron1,Australia,,
fr_as-350,aircraft,Squadron2,US,,
fr_f1a,aircraft,Default,France,1974,
fr_f1a,aircraft,Squadron1,Libya,1978,
fr_f1a,aircraft,Squadron2,South_Africa,1975,
fr_f1a,aircraft,Squadron3,France,,
fr_f1a,aircraft,Squadron4,France,,
fr_f1a,aircraft,Squadron5,France,,
fr_f1a,aircraft,Squadron6,France,,
fr_f1c,aircraft,Default,France,1974,
fr_f1c,aircraft,Squadron1,Greece,,
fr_f1c,aircraft,Squadron2,Greece,,
fr_f1c,aircraft,Squadron3,Jordan,,
fr_f1c,aircraft,Squadron4,South_Africa,,
fr_f1c,aircraft,Squadron5,Spain,,
fr_f1c,aircraft,Squadron6,Spain,,
fr_f1c,aircraft,Squadron7,Kuwait,,
fr_f1c,aircraft,Squadron8,France,,
fr_f1c,aircraft,Squadron9,France,,
fr_f1c,aircraft,Squadron10,France,,
fr_f1c,aircraft,Squadron11,France,,
fr_f1e,aircraft,Default,France,1974,
fr_f1e,aircraft,Squadron1,Ecuador,,
fr_f1e,aircraft,Squadron2,Iraq,,
fr_f1e,aircraft,Squadron3,Iraq,,
fr_f1e,aircraft,Squadron4,Jordan,,
fr_f1e,aircraft,Squadron5,Libya,,
fr_f1e,aircraft,Squadron6,Spain,,
fr_f1e,aircraft,Squadron7,Qatar,,
fr_f1e,aircraft,Squadron8,France,,
fr_f1e,aircraft,Squadron9,France,,
fr_f1e,aircraft,Squadron10,France,,
fr_f1e,aircraft,Squadron11,France,,
fr_h700,aircraft,Default,US,1977,
fr_mirage_iii,aircraft,Default,France,1974,
fr_mirage_iii,aircraft,Squadron1,Australia,1967|1986,
fr_mirage_iii,aircraft,Squadron2,Australia,1965|1988,
fr_mirage_iii,aircraft,Squadron3,Australia,1969|1987,
fr_mirage_iii,aircraft,Squadron4,Australia,1969|1988,
fr_mirage_iii,aircraft,Squadron5,Switzerland,,
fr_mirage_iii,aircraft,Squadron6,Argentina,,
fr_sa-321,aircraft,Default,Iraq,1966,
fr_sa-321,aircraft,Squadron1,Iraq,1977,
fr_sa-321,aircraft,Squadron2,France,,
fr_sa-321,aircraft,Squadron3,France,,
fr_sa-321,aircraft,Squadron4,France,,
iaf_f-4e_kurnass,aircraft,Default,Israel,1969,
iaf_f-4e_kurnass,aircraft,Squadron1,Israel,,
iaf_f-4e_kurnass,aircraft,Squadron2,Israel,,
iaf_f-4e_kurnass,aircraft,Squadron3,Israel,,
iaf_f-4e_kurnass,aircraft,Squadron4,Israel,,
iaf_f-4e_kurnass,aircraft,Squadron5,Israel,,
iaf_md500,aircraft,Default,Israel,1967,
iaf_md500,aircraft,Squadron1,Israel,,
iaf_md500,aircraft,Squadron2,Israel,,
iaf_md500,aircraft,Squadron3,US,,
iqaf_md500,aircraft,Default,Iraq,1967,
iqaf_md500,aircraft,Squadron1,Iraq,,
iqaf_md500,aircraft,Squadron2,Iraq,,
iqaf_md500,aircraft,Squadron3,Iraq,,
iqaf_md500,aircraft,Squadron4,US,,
iriaf_ah-1j,aircraft,Default,Iran,1971,
iriaf_ah-1j,aircraft,Squadron1,Iran,,
iriaf_ah-1j,aircraft,Squadron2,Iran,,
iriaf_ah-1j,aircraft,Squadron3,Iran,,
iriaf_f-14a,aircraft,Default,Iran,1976,
iriaf_f-14a,aircraft,Squadron1,Iran,,
iriaf_f-14a,aircraft,Squadron2,Iran,,
iriaf_f-14a,aircraft,Squadron3,Iran,,
iriaf_f-4d,aircraft,Default,Iran,1968,
iriaf_f-4d,aircraft,Squadron1,Iran,,
iriaf_f-4d,aircraft,Squadron2,Iran,,
iriaf_f-4e,aircraft,Default,Iran,1971,
iriaf_f-4e,aircraft,Squadron1,Iran,,
iriaf_f-4e,aircraft,Squadron2,Iran,,
iriaf_f-4e,aircraft,Squadron3,Iran,,
iriaf_f-4e,aircraft,Squadron4,Iran,,
iriaf_f-4e,aircraft,Squadron5,Iran,,
iriaf_f-4e,aircraft,Squadron6,Iran,,
iriaf_f-4e,aircraft,Squadron7,Iran,,
iriaf_f-4e,aircraft,Squadron8,Iran,,
iriaf_f-4e,aircraft,Squadron9,Iran,,
iriaf_f-4e,aircraft,Squadron10,Iran,,
iriaf_f-4e,aircraft,Squadron11,Iran,,
irina_sh-3d,aircraft,Default,Iran,1970,
irina_sh-3d,aircraft,Squadron1,Iran,,
irina_sh-3d,aircraft,Squadron2,Iran,,
irina_sh-3d,aircraft,Squadron3,Iran,,
jasdf_f-1,aircraft,Default,Japan,1977,
jasdf_f-1,aircraft,Squadron1,Japan,,
jasdf_f-1,aircraft,Squadron2,Japan,,
jasdf_f-1,aircraft,Squadron3,Japan,,
jasdf_f-4ej,aircraft,Default,Japan,1972,
jasdf_f-4ej,aircraft,Squadron1,Japan,,
jasdf_f-4ej,aircraft,Squadron2,Japan,,
jasdf_f-4ej,aircraft,Squadron3,Japan,,
jasdf_f-4ej,aircraft,Squadron4,Japan,,
jasdf_f-4ej,aircraft,Squadron5,Japan,,
jasdf_f-4ej,aircraft,Squadron6,Japan,,
jasdf_t-2,aircraft,Default,Japan,1975,
jasdf_t-2,aircraft,Squadron1,Japan,,
jasdf_t-2,aircraft,Squadron2,Japan,,
jasdf_t-2,aircraft,Squadron3,Japan,,
jasdf_t-2,aircraft,Squadron4,Japan,,
jasdf_t-2,aircraft,Squadron5,Japan,,
jasdf_t-2,aircraft,Squadron6,Japan,,
jmsdf_hss-2,aircraft,Default,Japan,1964,
jmsdf_hss-2,aircraft,Squadron1,Japan,,
jmsdf_ps-1,aircraft,Default,Japan,1971,
jmsdf_ps-1,aircraft,Squadron1,Japan,,
jmsdf_us-1,aircraft,Default,Japan,1975,
jmsdf_us-1,aircraft,Squadron1,Japan,,
pla_f-5,aircraft,Default,China,1957,
pla_f-5,aircraft,Squadron1,North_Korea,,
pla_f-5,aircraft,Squadron2,Pakistan,,
pla_f-5,aircraft,Squadron3,China,,
pla_f-5,aircraft,Squadron4,China,,
pla_h-6a,aircraft,Default,China,1968,
pla_h-6a,aircraft,Squadron1,China,,
pla_h-6a,aircraft,Squadron2,China,,
pla_h-6a,aircraft,Squadron3,China,,
pla_h-6a,aircraft,Squadron4,China,,
pla_h-6a,aircraft,Squadron5,China,,
pla_h-6a,aircraft,Squadron6,China,,
pla_h-6d,aircraft,Default,China,1980,
pla_h-6d,aircraft,Squadron1,China,,
pla_h-6d,aircraft,Squadron2,China,,
pla_h-6d,aircraft,Squadron3,China,,
pla_h-6d,aircraft,Squadron4,China,,
pla_h-6d,aircraft,Squadron5,China,,
pla_h-6d,aircraft,Squadron6,China,,
pla_j-5,aircraft,Default,China,1957,
pla_j-5,aircraft,Squadron1,China,,
pla_j-7c,aircraft,Default,China,1989,
pla_j-7c,aircraft,Squadron1,China,,
pla_j-7c,aircraft,Squadron2,China,,
pla_j-7c,aircraft,Squadron3,North_Korea,,
pla_q-5,aircraft,Default,China,1970,
pla_q-5,aircraft,Squadron1,China,,
pla_q-5,aircraft,Squadron2,China,,
pla_q-5,aircraft,Squadron3,China,,
pla_q-5,aircraft,Squadron4,China,,
pla_q-5,aircraft,Squadron5,China,,
pla_q-5,aircraft,Squadron6,China,,
pla_q-5,aircraft,Squadron7,China,,
pla_q-5,aircraft,Squadron8,China,,
pla_q-5,aircraft,Squadron9,Pakistan,,
pla_q-5,aircraft,Squadron10,Cuba,,
pla_q-5a,aircraft,Default,China,1983,
pla_q-5a,aircraft,Squadron1,China,,
pla_q-5a,aircraft,Squadron2,China,,
pla_q-5a,aircraft,Squadron3,China,,
pla_q-5a,aircraft,Squadron4,China,,
pla_q-5a,aircraft,Squadron5,China,,
pla_q-5a,aircraft,Squadron6,China,,
pla_q-5a,aircraft,Squadron7,China,,
pla_q-5a,aircraft,Squadron8,China,,
pla_z-8,aircraft,Default,China,1985,
pla_z-8,aircraft,Squadron1,China,,
pla_z-8,aircraft,Squadron2,China,,
pla_z-8,aircraft,Squadron3,China,,
pla_z-8,aircraft,Squadron4,China,,
pla_z-8,aircraft,Squadron5,China,,
pla_z-8,aircraft,Squadron6,China,,
pla_z-8,aircraft,Squadron7,China,,
pla_z-8,aircraft,Squadron8,North_Korea,,
plan_sh-5,aircraft,Default,China,1986,
plan_sh-5,aircraft,Squadron1,China,,
raaf_f-111c,aircraft,Default,Australia,1979,
raaf_f-111c,aircraft,Squadron1,Australia,1973|2009,
raaf_f-111c,aircraft,Squadron2,Australia,1973|2010,
ran_a-4g,aircraft,Default,US,1959|1975,
ran_a-4g,aircraft,Squadron1,Australia,,
ran_a-4g,aircraft,Squadron2,NewZealand,,
usaf_b-52d,aircraft,Default,US,1956|1983,
usaf_b-52d,aircraft,Squadron1,US,,
usaf_b-52d,aircraft,Squadron2,US,,
usaf_b-52g,aircraft,Default,US,1958|2013,
usaf_b-52g,aircraft,Squadron1,US,,
usaf_b-52g,aircraft,Squadron2,US,,
usaf_b-52g,aircraft,Squadron3,US,,
usaf_b-52g,aircraft,Squadron4,US,,
usaf_c-141b,aircraft,Default,US,1965|2006,
usaf_c-141b,aircraft,Squadron1,US,,
usaf_c-141b,aircraft,Squadron2,US,,
usaf_e-3a,aircraft,Default,US,1977,
usaf_e-3a,aircraft,Squadron1,US,,
usaf_e-3a,aircraft,Squadron2,US,,
usaf_f-15a,aircraft,Default,US,1972|1997,
usaf_f-15a,aircraft,Squadron1,US,,
usaf_f-15a,aircraft,Squadron2,US,,
usaf_f-15a,aircraft,Squadron3,US,,
usaf_f-15a,aircraft,Squadron4,US,,
usaf_f-15a,aircraft,Squadron5,US,,
usaf_f-15a,aircraft,Squadron6,US,,
usaf_f-15a,aircraft,Squadron7,US,,
usaf_f-15c,aircraft,Default,US,1979|2025,
usaf_f-15c,aircraft,Squadron1,US,,
usaf_f-15c,aircraft,Squadron2,US,,
usaf_f-15c,aircraft,Squadron3,US,,
usaf_f-15c,aircraft,Squadron4,US,,
usaf_f-15c,aircraft,Squadron5,US,,
usaf_f-15c,aircraft,Squadron6,US,,
usaf_f-15c,aircraft,Squadron7,US,,
usaf_f-15c,aircraft,Squadron8,US,,
usaf_f-15c,aircraft,Squadron9,US,,
usaf_f-15c,aircraft,Squadron10,US,,
usaf_f-15c,aircraft,Squadron11,US,,
usaf_f-15c,aircraft,Squadron12,US,,
usaf_f-4d,aircraft,Default,US,1966|1990,
usaf_f-4d,aircraft,Squadron1,US,,
usaf_f-4d,aircraft,Squadron2,US,,
usaf_f-4d,aircraft,Squadron3,US,,
usaf_f-4d,aircraft,Squadron4,US,,
usaf_f-4d,aircraft,Squadron5,US,,
usaf_f-4d,aircraft,Squadron6,US,,
usaf_f-4d,aircraft,Squadron7,US,,
usaf_f-4d,aircraft,Squadron8,US,,
usaf_f-4d,aircraft,Squadron9,US,,
usaf_f-4e,aircraft,Default,US,1967|1996,
usaf_f-4e,aircraft,Squadron1,US,,
usaf_f-4e,aircraft,Squadron2,US,,
usaf_f-4e,aircraft,Squadron3,US,,
usaf_f-4e,aircraft,Squadron4,US,,
usaf_f-4e,aircraft,Squadron5,US,,
usaf_f-4e,aircraft,Squadron6,US,,
usaf_f-4e,aircraft,Squadron7,US,,
usaf_f-4e,aircraft,Squadron8,US,,
usaf_f-4e,aircraft,Squadron9,US,,
usaf_f-4e,aircraft,Squadron10,US,,
usaf_f-4e,aircraft,Squadron11,US,,
usaf_f-4e,aircraft,Squadron12,US,,
usaf_f-5a,aircraft,Default,US,1962,
usaf_f-5a,aircraft,Squadron1,Greece,,
usaf_f-5a,aircraft,Squadron2,Greece,,
usaf_f-5a,aircraft,Squadron3,Greece,,
usaf_f-5a,aircraft,Squadron4,Netherlands,,
usaf_f-5a,aircraft,Squadron5,Netherlands,,
usaf_f-5a,aircraft,Squadron6,Netherlands,,
usaf_f-5a,aircraft,Squadron7,Netherlands,,
usaf_f-5a,aircraft,Squadron8,Norway,,
usaf_f-5a,aircraft,Squadron9,Norway,,
usaf_f-5a,aircraft,Squadron10,Norway,,
usaf_f-5a,aircraft,Squadron11,Philippines,,
usaf_f-5a,aircraft,Squadron12,South_Vietnam,,
usaf_f-5a,aircraft,Squadron13,South_Vietnam,,
usaf_f-5a,aircraft,Squadron14,South_Vietnam,,
usaf_f-5a,aircraft,Squadron15,South_Vietnam,,
usaf_f-5a,aircraft,Squadron16,South_Vietnam,,
usaf_f-5a,aircraft,Squadron17,South_Vietnam,,
usaf_f-5a,aircraft,Squadron18,South_Vietnam,,
usaf_f-5a,aircraft,Squadron19,Spain,,
usaf_f-5a,aircraft,Squadron20,Turkey,,
usaf_f-5a,aircraft,Squadron21,Turkey,,
usaf_f-5a,aircraft,Squadron22,US,,
usaf_f-5a,aircraft,Squadron23,US,,
usaf_f-5a,aircraft,Squadron24,US,,
usaf_f-5e,aircraft,Default,US,1972,
usaf_f-5e,aircraft,Squadron1,Iran,,
usaf_f-5e,aircraft,Squadron2,Iran,,
usaf_f-5e,aircraft,Squadron3,Iran,,
usaf_f-5e,aircraft,Squadron4,Iran,,
usaf_f-5e,aircraft,Squadron5,Iran,,
usaf_f-5e,aircraft,Squadron6,Iran,,
usaf_f-5e,aircraft,Squadron7,Iran,,
usaf_f-5e,aircraft,Squadron8,Iran,,
usaf_f-5e,aircraft,Squadron9,Iran,,
usaf_f-5e,aircraft,Squadron10,Iran,,
usaf_f-5e,aircraft,Squadron11,Brazil,,
usaf_f-5e,aircraft,Squadron12,Brazil,,
usaf_f-5e,aircraft,Squadron13,Chile,,
usaf_f-5e,aircraft,Squadron14,Indonesia,,
usaf_f-5e,aircraft,Squadron15,Jordan,,
usaf_f-5e,aircraft,Squadron16,Jordan,,
usaf_f-5e,aircraft,Squadron17,Jordan,,
usaf_f-5e,aircraft,Squadron18,Malaysia,,
usaf_f-5e,aircraft,Squadron19,Mexico,,
usaf_f-5e,aircraft,Squadron20,Morocco,,
usaf_f-5e,aircraft,Squadron21,Morocco,,
usaf_f-5e,aircraft,Squadron22,RoC,,
usaf_f-5e,aircraft,Squadron23,RoC,,
usaf_f-5e,aircraft,Squadron24,RoC,,
usaf_f-5e,aircraft,Squadron25,RoC,,
usaf_f-5e,aircraft,Squadron26,RoC,,
usaf_f-5e,aircraft,Squadron27,RoC,,
usaf_f-5e,aircraft,Squadron28,RoC,,
usaf_f-5e,aircraft,Squadron29,RoC,,
usaf_f-5e,aircraft,Squadron30,RoC,,
usaf_f-5e,aircraft,Squadron31,RoC,,
usaf_f-5e,aircraft,Squadron32,RoC,,
usaf_f-5e,aircraft,Squadron33,RoC,,
usaf_f-5e,aircraft,Squadron34,RoC,,
usaf_f-5e,aircraft,Squadron35,Saudi,,
usaf_f-5e,aircraft,Squadron36,Saudi,,
usaf_f-5e,aircraft,Squadron37,Saudi,,
usaf_f-5e,aircraft,Squadron38,Saudi,,
usaf_f-5e,aircraft,Squadron39,South_Korea,,
usaf_f-5e,aircraft,Squadron40,South_Korea,,
usaf_f-5e,aircraft,Squadron41,South_Korea,,
usaf_f-5e,aircraft,Squadron42,South_Korea,,
usaf_f-5e,aircraft,Squadron43,South_Korea,,
usaf_f-5e,aircraft,Squadron44,South_Korea,,
usaf_f-5e,aircraft,Squadron45,South_Korea,,
usaf_f-5e,aircraft,Squadron46,South_Korea,,
usaf_f-5e,aircraft,Squadron47,Switzerland,,
usaf_f-5e,aircraft,Squadron48,Switzerland,,
usaf_f-5e,aircraft,Squadron49,Switzerland,,
usaf_f-5e,aircraft,Squadron50,Switzerland,,
usaf_f-5e,aircraft,Squadron51,Switzerland,,
usaf_f-5e,aircraft,Squadron52,Sudan,,
usaf_f-5e,aircraft,Squadron53,Thailand,,
usaf_f-5e,aircraft,Squadron54,Thailand,,
usaf_f-5e,aircraft,Squadron55,Thailand,,
usaf_f-5e,aircraft,Squadron56,Thailand,,
usaf_f-5e,aircraft,Squadron57,Tunisia,,
usaf_f-5e,aircraft,Squadron58,Vietnam,,
usaf_f-5e,aircraft,Squadron59,US,,
usaf_f-5e,aircraft,Squadron60,US,,
usaf_hh-3,aircraft,Default,US,1966|1992,
usaf_hh-3,aircraft,Squadron1,US,,
usaf_hh-3,aircraft,Squadron2,US,,
usaf_kc-135a,aircraft,Default,US,1958,
usaf_kc-135a,aircraft,Squadron1,US,,
usaf_kc-135a,aircraft,Squadron2,US,,
usaf_kc-135a,aircraft,Squadron3,US,,
usaf_kc-135a,aircraft,Squadron4,UK,,
usaf_kc-135a,aircraft,Squadron5,Germany,,
usaf_kc-135a,aircraft,Squadron6,Japan,,
usaf_kc-135a,aircraft,Squadron7,South_Korea,,
usaf_kc-135a,aircraft,Squadron8,Australia,,
usaf_vc-137c,aircraft,Default,US,1972|2001,
usaf_vc-137c,aircraft,Squadron1,US,,
usmc_ah-1t,aircraft,Default,US,1977|1995,
usmc_ah-1t,aircraft,Squadron1,US,,
usmc_ah-1t,aircraft,Squadron2,US,,
usmc_ah-1t,aircraft,Squadron3,US,,
usmc_ah-1t,aircraft,Squadron4,US,,
usmc_ah-1t,aircraft,Squadron5,US,,
usmc_ah-1t,aircraft,Squadron6,US,,
usmc_ah-1t,aircraft,Squadron7,US,,
usmc_ah-1t,aircraft,Squadron8,US,,
usmc_av-8a,aircraft,Default,US,1971|1987,
usmc_av-8a,aircraft,Squadron1,US,,
usmc_av-8a,aircraft,Squadron2,US,,
usmc_av-8a,aircraft,Squadron3,US,,
usmc_av-8a,aircraft,Squadron4,US,,
usmc_av-8a,aircraft,Squadron5,US,,
usn_a-3b,aircraft,Default,US,1956|1991,
usn_a-3b,aircraft,Squadron1,US,,
usn_a-3b,aircraft,Squadron2,US,,
usn_a-3b,aircraft,Squadron3,US,,
usn_a-3b,aircraft,Squadron4,US,,
usn_a-3b,aircraft,Squadron5,US,,
usn_a-6e,aircraft,Default,US,1979|1997,
usn_a-6e,aircraft,Squadron1,US,,
usn_a-6e,aircraft,Squadron2,US,,
usn_a-6e,aircraft,Squadron3,US,,
usn_a-6e,aircraft,Squadron4,US,,
usn_a-6e,aircraft,Squadron5,US,,
usn_a-6e,aircraft,Squadron6,US,,
usn_a-6e,aircraft,Squadron7,US,,
usn_a-6e,aircraft,Squadron8,US,,
usn_a-6e,aircraft,Squadron9,US,,
usn_a-6e,aircraft,Squadron10,US,,
usn_a-6e,aircraft,Squadron11,US,,
usn_a-7e,aircraft,Default,US,1969|1991,
usn_a-7e,aircraft,Squadron1,US,,
usn_a-7e,aircraft,Squadron2,US,,
usn_a-7e,aircraft,Squadron3,US,,
usn_a-7e,aircraft,Squadron4,US,,
usn_a-7e,aircraft,Squadron5,US,,
usn_a-7e,aircraft,Squadron6,US,,
usn_a-7e,aircraft,Squadron7,US,,
usn_a-7e,aircraft,Squadron8,US,,
usn_a-7e,aircraft,Squadron9,US,,
usn_a-7e,aircraft,Squadron10,US,,
usn_a-7e,aircraft,Squadron11,US,,
usn_a-7e,aircraft,Squadron12,US,,
usn_a-7e,aircraft,Squadron13,US,,
usn_a-7e,aircraft,Squadron14,US,,
usn_a-7e,aircraft,Squadron15,US,,
usn_a-7e,aircraft,Squadron16,US,,
usn_a-7e,aircraft,Squadron17,US,,
usn_a-7e,aircraft,Squadron18,US,,
usn_a-7e,aircraft,Squadron19,US,,
usn_a-7e,aircraft,Squadron20,US,,
usn_a-7e,aircraft,Squadron21,US,,
usn_a-7e,aircraft,Squadron22,US,,
usn_a-7e,aircraft,Squadron23,US,,
usn_ch-46,aircraft,Default,US,1964|2015,
usn_ch-46,aircraft,Squadron1,US,,
usn_ch-46,aircraft,Squadron2,US,,
usn_ch-46,aircraft,Squadron3,US,,
usn_ch-46,aircraft,Squadron4,US,,
usn_ch-46,aircraft,Squadron5,US,,
usn_ch-46,aircraft,Squadron6,US,,
usn_ch-46,aircraft,Squadron7,US,,
usn_ch-46,aircraft,Squadron8,US,,
usn_ch-46,aircraft,Squadron9,US,,
usn_ch-46,aircraft,Squadron10,US,,
usn_e-2c,aircraft,Default,US,1973|1990,
usn_e-2c,aircraft,Squadron1,US,,
usn_e-2c,aircraft,Squadron2,US,,
usn_e-2c,aircraft,Squadron3,US,,
usn_e-2c,aircraft,Squadron4,US,,
usn_e-2c,aircraft,Squadron5,US,,
usn_e-2c,aircraft,Squadron6,US,,
usn_e-2c,aircraft,Squadron7,US,,
usn_e-2c,aircraft,Squadron8,US,,
usn_e-2c,aircraft,Squadron9,US,,
usn_e-2c,aircraft,Squadron10,US,,
usn_ea-6b,aircraft,Default,US,1976|1990,
usn_ea-6b,aircraft,Squadron1,US,,
usn_ea-6b,aircraft,Squadron2,US,,
usn_ea-6b,aircraft,Squadron3,US,,
usn_ea-6b,aircraft,Squadron4,US,,
usn_ea-6b,aircraft,Squadron5,US,,
usn_ea-6b,aircraft,Squadron6,US,,
usn_ea-6b,aircraft,Squadron7,US,,
usn_ea-6b,aircraft,Squadron8,US,,
usn_ea-6b,aircraft,Squadron9,US,,
usn_ea-6b,aircraft,Squadron10,US,,
usn_eka-3b,aircraft,Default,US,1967|1976,
usn_eka-3b,aircraft,Squadron1,US,,
usn_eka-3b,aircraft,Squadron2,US,,
usn_f-14a,aircraft,Default,US,1975|1991,
usn_f-14a,aircraft,Squadron1,US,,
usn_f-14a,aircraft,Squadron2,US,,
usn_f-14a,aircraft,Squadron3,US,,
usn_f-14a,aircraft,Squadron4,US,,
usn_f-14a,aircraft,Squadron5,US,,
usn_f-14a,aircraft,Squadron6,US,,
usn_f-14a,aircraft,Squadron7,US,,
usn_f-14a,aircraft,Squadron8,US,,
usn_f-14a,aircraft,Squadron9,US,,
usn_f-14a,aircraft,Squadron10,US,,
usn_f-14a,aircraft,Squadron11,US,,
usn_f-14a,aircraft,Squadron12,US,,
usn_f-14a,aircraft,Squadron13,US,,
usn_f-14a,aircraft,Squadron14,US,,
usn_f-14a,aircraft,Squadron15,US,,
usn_f-14a,aircraft,Squadron16,US,,
usn_f-14a,aircraft,Squadron17,US,,
usn_f-14a,aircraft,Squadron18,US,,
usn_f-14a,aircraft,Squadron19,US,,
usn_f-14a,aircraft,Squadron20,US,,
usn_f-14a,aircraft,Squadron21,US,,
usn_f-4j,aircraft,Default,US,1966|1997,
usn_f-4j,aircraft,Squadron1,US,,
usn_f-4j,aircraft,Squadron2,US,,
usn_f-4j,aircraft,Squadron3,US,,
usn_f-4j,aircraft,Squadron4,US,,
usn_f-4j,aircraft,Squadron5,US,,
usn_f-4j,aircraft,Squadron6,US,,
usn_f-4j,aircraft,Squadron7,US,,
usn_f-4j,aircraft,Squadron8,US,,
usn_f-4j,aircraft,Squadron9,US,,
usn_f-4j,aircraft,Squadron10,US,,
usn_f-4j,aircraft,Squadron11,US,,
usn_f-4j,aircraft,Squadron12,US,,
usn_f-4j,aircraft,Squadron13,US,,
usn_f-4j,aircraft,Squadron14,US,,
usn_f-4j,aircraft,Squadron15,US,,
usn_f-4j,aircraft,Squadron16,US,,
usn_f-4j,aircraft,Squadron17,US,,
usn_f-4j,aircraft,Squadron18,US,,
usn_f-4j,aircraft,Squadron19,US,,
usn_f-4j,aircraft,Squadron20,US,,
usn_fa-18a,aircraft,Default,US,1984|1997,
usn_fa-18a,aircraft,Squadron1,US,,
usn_fa-18a,aircraft,Squadron2,US,,
usn_fa-18a,aircraft,Squadron3,US,,
usn_fa-18a,aircraft,Squadron4,US,,
usn_fa-18a,aircraft,Squadron5,US,,
usn_fa-18a,aircraft,Squadron6,US,,
usn_fa-18a,aircraft,Squadron7,Australia,,
usn_fa-18a,aircraft,Squadron8,Australia,,
usn_fa-18a,aircraft,Squadron9,Australia,,
usn_fa-18a,aircraft,Squadron10,Canada,,
usn_fa-18a,aircraft,Squadron13,Canada,,
usn_fa-18a,aircraft,Squadron14,Canada,,
usn_fa-18a,aircraft,Squadron15,Canada,,
usn_fa-18a,aircraft,Squadron16,Canada,,
usn_fa-18a,aircraft,Squadron17,Canada,,
usn_fa-18a,aircraft,Squadron18,Canada,,
usn_fa-18a,aircraft,Squadron19,Spain,,
usn_fa-18a,aircraft,Squadron20,Spain,,
usn_fa-18a,aircraft,Squadron21,Spain,,
usn_fa-18a,aircraft,Squadron22,Spain,,
usn_ka-3b,aircraft,Default,US,1956|1991,
usn_ka-3b,aircraft,Squadron1,US,,
usn_ka-3b,aircraft,Squadron2,US,,
usn_p-2h,aircraft,Default,US,1954|1982,
usn_p-2h,aircraft,Squadron1,US,,
usn_p-2h,aircraft,Squadron2,US,,
usn_p-2h,aircraft,Squadron3,US,,
usn_p-2h,aircraft,Squadron4,US,,
usn_p-2h,aircraft,Squadron5,Japan,,
usn_p-2h,aircraft,Squadron6,Japan,,
usn_p-2h,aircraft,Squadron7,France,,
usn_p-2h,aircraft,Squadron8,Canada,,
usn_p-2h,aircraft,Squadron9,Portugal,,
usn_p-2h,aircraft,Squadron10,Australia,,
usn_p-2h,aircraft,Squadron11,Netherlands,,
usn_p-2h,aircraft,Squadron12,US,,
usn_p-2h,aircraft,Squadron13,US,,
usn_p-3c,aircraft,Default,US,1977|1995,
usn_p-3c,aircraft,Squadron1,US,,
usn_p-3c,aircraft,Squadron2,US,,
usn_p-3c,aircraft,Squadron3,US,,
usn_p-3c,aircraft,Squadron4,US,,
usn_p-3c,aircraft,Squadron5,US,,
usn_p-3c,aircraft,Squadron6,US,,
usn_p-3c,aircraft,Squadron7,US,,
usn_p-3c,aircraft,Squadron8,US,,
usn_p-3c,aircraft,Squadron9,US,,
usn_p-3c,aircraft,Squadron10,US,,
usn_p-3c,aircraft,Squadron11,US,,
usn_p-3c,aircraft,Squadron12,US,,
usn_p-3c,aircraft,Squadron13,US,,
usn_p-3c,aircraft,Squadron14,US,,
usn_p-3c,aircraft,Squadron15,US,,
usn_p-3c,aircraft,Squadron16,US,,
usn_p-3c,aircraft,Squadron17,US,,
usn_p-3c,aircraft,Squadron18,US,,
usn_p-3c,aircraft,Squadron19,US,,
usn_p-3c,aircraft,Squadron20,US,,
usn_p-3c,aircraft,Squadron21,Japan,,
usn_p-3c,aircraft,Squadron22,Japan,,
usn_p-3c,aircraft,Squadron23,Japan,,
usn_p-3c,aircraft,Squadron24,Japan,,
usn_p-3c,aircraft,Squadron25,Japan,,
usn_p-3c,aircraft,Squadron26,Japan,,
usn_p-3c,aircraft,Squadron27,Japan,,
usn_p-3c,aircraft,Squadron28,Japan,,
usn_p-3c,aircraft,Squadron29,Japan,,
usn_p-3c,aircraft,Squadron30,Norway,,
usn_p-3c,aircraft,Squadron31,Australia,,
usn_p-3c,aircraft,Squadron32,Australia,,
usn_p-3c,aircraft,Squadron33,NewZealand,,
usn_p-3c,aircraft,Squadron34,US,,
usn_qh-50c,aircraft,Default,US,1962|1970,
usn_qh-50c,aircraft,Squadron1,US,,
usn_qh-50d,aircraft,Default,US,1966|1970,
usn_qh-50d,aircraft,Squadron1,US,1966|1970,
usn_qh-50d,aircraft,Squadron2,Japan,1966|1976,
usn_ra-3b,aircraft,Default,US,1956|1991,
usn_ra-3b,aircraft,Squadron1,US,,
usn_ra-3b,aircraft,Squadron2,US,,
usn_ra-5c,aircraft,Default,US,1962|1979,
usn_ra-5c,aircraft,Squadron1,US,,
usn_ra-5c,aircraft,Squadron2,US,,
usn_ra-5c,aircraft,Squadron3,US,,
usn_ra-5c,aircraft,Squadron4,US,,
usn_ra-5c,aircraft,Squadron5,US,,
usn_ra-5c,aircraft,Squadron6,US,,
usn_ra-5c,aircraft,Squadron7,US,,
usn_ra-5c,aircraft,Squadron8,US,,
usn_ra-5c,aircraft,Squadron9,US,,
usn_ra-5c,aircraft,Squadron10,US,,
usn_s-3a,aircraft,Default,US,1974|1990,
usn_s-3a,aircraft,Squadron1,US,,
usn_s-3a,aircraft,Squadron2,US,,
usn_s-3a,aircraft,Squadron3,US,,
usn_s-3a,aircraft,Squadron4,US,,
usn_s-3a,aircraft,Squadron5,US,,
usn_s-3a,aircraft,Squadron6,US,,
usn_s-3a,aircraft,Squadron7,US,,
usn_s-3a,aircraft,Squadron8,US,,
usn_s-3a,aircraft,Squadron9,US,,
usn_s-3a,aircraft,Squadron10,US,,
usn_sh-2f,aircraft,Default,US,1973|2001,
usn_sh-2f,aircraft,Squadron1,US,,
usn_sh-2f,aircraft,Squadron2,US,,
usn_sh-2f,aircraft,Squadron3,US,,
usn_sh-2f,aircraft,Squadron4,US,,
usn_sh-2f,aircraft,Squadron5,US,,
usn_sh-2f,aircraft,Squadron6,US,,
usn_sh-2f,aircraft,Squadron7,US,,
usn_sh-2f,aircraft,Squadron8,US,,
usn_sh-2f,aircraft,Squadron9,US,,
usn_sh-2f,aircraft,Squadron10,US,,
usn_sh-2f,aircraft,Squadron11,US,,
usn_sh-3h,aircraft,Default,US,1975|2006,
usn_sh-3h,aircraft,Squadron1,US,,
usn_sh-3h,aircraft,Squadron2,Iran,,
usn_v-19a,aircraft,Default,US,1980,
usn_v-19a,aircraft,Squadron1,US,,
usn_v-19a,aircraft,Squadron2,US,,
usn_v-19a,aircraft,Squadron3,US,,
wp_il-38,aircraft,Default,Soviet,1969,
wp_il-38,aircraft,Squadron1,Soviet,,
wp_il-38,aircraft,Squadron2,Soviet,,
wp_il-38,aircraft,Squadron3,Soviet,,
wp_ka-25,aircraft,Default,Soviet,1967,
wp_ka-25,aircraft,Squadron1,Soviet,,
wp_ka-25,aircraft,Squadron2,Soviet,,
wp_ka-25,aircraft,Squadron3,Soviet,,
wp_ka-25,aircraft,Squadron4,Soviet,,
wp_ka-25ts,aircraft,Default,Soviet,1971,
wp_ka-25ts,aircraft,Squadron1,Soviet,,
wp_ka-25ts,aircraft,Squadron2,Soviet,,
wp_ka-25ts,aircraft,Squadron3,Soviet,,
wp_ka-25ts,aircraft,Squadron4,Soviet,,
wp_ka-27,aircraft,Default,Soviet,1977,
wp_ka-27,aircraft,Squadron1,Soviet,,
wp_ka-27,aircraft,Squadron2,Soviet,,
wp_ka-27,aircraft,Squadron3,Soviet,,
wp_ka-27,aircraft,Squadron4,Soviet,,
wp_ka-27,aircraft,Squadron5,Soviet,,
wp_ka-27,aircraft,Squadron6,Soviet,,
wp_ka-27,aircraft,Squadron7,Soviet,,
wp_ka-27,aircraft,Squadron8,Soviet,,
wp_ka-29,aircraft,Default,Soviet,1985,
wp_ka-29,aircraft,Squadron1,Soviet,,
wp_ka-29,aircraft,Squadron2,Soviet,,
wp_ka-29,aircraft,Squadron3,Soviet,,
wp_lim-6,aircraft,Default,Poland,1963,
wp_lim-6,aircraft,Squadron1,DDR,,
wp_lim-6,aircraft,Squadron2,Poland,,
wp_lim-6,aircraft,Squadron3,Poland,,
wp_lim-6,aircraft,Squadron4,Poland,,
wp_mi-14,aircraft,Default,Soviet,1973,
wp_mi-14,aircraft,Squadron1,Soviet,,
wp_mi-14,aircraft,Squadron2,Soviet,,
wp_mi-14,aircraft,Squadron3,Soviet,,
wp_mi-14,aircraft,Squadron4,Soviet,,
wp_mi-14,aircraft,Squadron5,DDR,,
wp_mi-14,aircraft,Squadron6,Poland,,
wp_mig-17,aircraft,Default,Soviet,1951,
wp_mig-17,aircraft,Squadron1,Vietnam,,
wp_mig-17,aircraft,Squadron2,Vietnam,,
wp_mig-17,aircraft,Squadron3,Vietnam,,
wp_mig-17,aircraft,Squadron4,Vietnam,,
wp_mig-17,aircraft,Squadron5,Vietnam,,
wp_mig-17,aircraft,Squadron6,Vietnam,,
wp_mig-17,aircraft,Squadron7,Vietnam,,
wp_mig-17,aircraft,Squadron8,Vietnam,,
wp_mig-17,aircraft,Squadron9,Vietnam,,
wp_mig-17,aircraft,Squadron10,Vietnam,,
wp_mig-17,aircraft,Squadron11,Egypt,,
wp_mig-17,aircraft,Squadron12,Syria,,
wp_mig-17,aircraft,Squadron13,Algeria,,
wp_mig-17,aircraft,Squadron14,Algeria,,
wp_mig-17,aircraft,Squadron15,Cuba,,
wp_mig-21,aircraft,Default,Soviet,1970,
wp_mig-21,aircraft,Squadron1,Soviet,,
wp_mig-21,aircraft,Squadron2,Soviet,,
wp_mig-21,aircraft,Squadron3,Soviet,,
wp_mig-21,aircraft,Squadron4,Soviet,,
wp_mig-21,aircraft,Squadron5,Soviet,,
wp_mig-21,aircraft,Squadron6,Soviet,,
wp_mig-21,aircraft,Squadron7,Soviet,,
wp_mig-21,aircraft,Squadron8,Soviet,,
wp_mig-21,aircraft,Squadron9,Soviet,,
wp_mig-21,aircraft,Squadron10,Soviet,,
wp_mig-21,aircraft,Squadron11,Soviet,,
wp_mig-21,aircraft,Squadron12,Soviet,,
wp_mig-21,aircraft,Squadron13,Soviet,,
wp_mig-21,aircraft,Squadron14,Soviet,,
wp_mig-21,aircraft,Squadron15,DDR,,
wp_mig-21,aircraft,Squadron16,DDR,,
wp_mig-21,aircraft,Squadron17,DDR,,
wp_mig-21,aircraft,Squadron18,DDR,,
wp_mig-21,aircraft,Squadron19,DDR,,
wp_mig-21,aircraft,Squadron20,Poland,,
wp_mig-21,aircraft,Squadron21,Poland,,
wp_mig-21,aircraft,Squadron22,Vietnam,,
wp_mig-21,aircraft,Squadron23,Vietnam,,
wp_mig-21,aircraft,Squadron24,Egypt,,
wp_mig-21,aircraft,Squadron25,Egypt,,
wp_mig-21,aircraft,Squadron26,Egypt,,
wp_mig-21,aircraft,Squadron27,Egypt,,
wp_mig-21,aircraft,Squadron28,Egypt,,
wp_mig-21,aircraft,Squadron29,Egypt,,
wp_mig-21,aircraft,Squadron30,Egypt,,
wp_mig-21,aircraft,Squadron31,Egypt,,
wp_mig-21,aircraft,Squadron32,Egypt,,
wp_mig-21,aircraft,Squadron33,Egypt,,
wp_mig-21,aircraft,Squadron34,Egypt,,
wp_mig-21,aircraft,Squadron35,Egypt,,
wp_mig-21,aircraft,Squadron36,Egypt,,
wp_mig-21,aircraft,Squadron37,Egypt,,
wp_mig-21,aircraft,Squadron38,Syria,,
wp_mig-21,aircraft,Squadron39,Syria,,
wp_mig-21,aircraft,Squadron40,Syria,,
wp_mig-21,aircraft,Squadron41,Syria,,
wp_mig-21,aircraft,Squadron42,Syria,,
wp_mig-21,aircraft,Squadron43,Syria,,
wp_mig-21,aircraft,Squadron44,Syria,,
wp_mig-21,aircraft,Squadron45,Syria,,
wp_mig-21,aircraft,Squadron46,Syria,,
wp_mig-21,aircraft,Squadron47,Syria,,
wp_mig-21,aircraft,Squadron48,Syria,,
wp_mig-21,aircraft,Squadron49,Syria,,
wp_mig-21,aircraft,Squadron50,Syria,,
wp_mig-21,aircraft,Squadron51,Cuba,,
wp_mig-21,aircraft,Squadron52,South_Yemen,,
wp_mig-23a,aircraft,Default,Soviet,1983,
wp_mig-23a,aircraft,Squadron1,Soviet,,
wp_mig-23a,aircraft,Squadron2,Soviet,,
wp_mig-23a,aircraft,Squadron3,Soviet,,
wp_mig-23a,aircraft,Squadron4,Soviet,,
wp_mig-23a,aircraft,Squadron5,Soviet,,
wp_mig-23a,aircraft,Squadron6,Soviet,,
wp_mig-23mld,aircraft,Default,Soviet,1982,
wp_mig-23mld,aircraft,Squadron1,Soviet,,
wp_mig-23mld,aircraft,Squadron2,Soviet,,
wp_mig-23mld,aircraft,Squadron3,Soviet,,
wp_mig-23mld,aircraft,Squadron4,Soviet,,
wp_mig-23mld,aircraft,Squadron5,Soviet,,
wp_mig-23mld,aircraft,Squadron6,Soviet,,
wp_mig-23mld,aircraft,Squadron7,Soviet,,
wp_mig-23mld,aircraft,Squadron8,Soviet,,
wp_mig-23mld,aircraft,Squadron9,Soviet,,
wp_mig-23mld,aircraft,Squadron10,Soviet,,
wp_mig-23mld,aircraft,Squadron11,Soviet,,
wp_mig-23mld,aircraft,Squadron12,Soviet,,
wp_mig-23mld,aircraft,Squadron13,Soviet,,
wp_mig-23mld,aircraft,Squadron14,Soviet,,
wp_mig-23mld,aircraft,Squadron15,Soviet,,
wp_mig-23mld,aircraft,Squadron16,Soviet,,
wp_mig-23mld,aircraft,Squadron17,Soviet,,
wp_mig-23mld,aircraft,Squadron18,Soviet,,
wp_mig-23mld,aircraft,Squadron19,Soviet,,
wp_mig-23mld,aircraft,Squadron20,Soviet,,
wp_mig-23mld,aircraft,Squadron21,DDR,,
wp_mig-23mld,aircraft,Squadron22,Cuba,,
wp_mig-23ms,aircraft,Default,Soviet,1973,
wp_mig-23ms,aircraft,Squadron1,Iraq,,
wp_mig-23ms,aircraft,Squadron2,Iraq,,
wp_mig-23ms,aircraft,Squadron3,Iraq,,
wp_mig-23ms,aircraft,Squadron4,Libya,,
wp_mig-23ms,aircraft,Squadron5,Libya,,
wp_mig-23ms,aircraft,Squadron6,Libya,,
wp_mig-23ms,aircraft,Squadron7,Syria,,
wp_mig-23ms,aircraft,Squadron8,Syria,,
wp_mig-23ms,aircraft,Squadron9,Syria,,
wp_mig-25bm,aircraft,Default,Soviet,1977,
wp_mig-25bm,aircraft,Squadron1,Soviet,,
wp_mig-25bm,aircraft,Squadron2,Soviet,,
wp_mig-25bm,aircraft,Squadron3,Soviet,,
wp_mig-25p,aircraft,Default,Soviet,1970,
wp_mig-25p,aircraft,Squadron1,Iraq,,
wp_mig-25p,aircraft,Squadron2,Libya,,
wp_mig-25p,aircraft,Squadron3,Libya,,
wp_mig-25p,aircraft,Squadron4,Soviet,,
wp_mig-25p,aircraft,Squadron5,Soviet,,
wp_mig-25pd,aircraft,Default,Soviet,1978,
wp_mig-25pd,aircraft,Squadron1,Soviet,,
wp_mig-25pd,aircraft,Squadron2,Soviet,,
wp_mig-25pd,aircraft,Squadron3,Soviet,,
wp_mig-25pd,aircraft,Squadron4,Soviet,,
wp_mig-25pd,aircraft,Squadron5,Soviet,,
wp_mig-25pd,aircraft,Squadron6,Soviet,,
wp_mig-25pu,aircraft,Default,Soviet,1970,
wp_mig-25pu,aircraft,Squadron1,Soviet,,
wp_mig-25rb,aircraft,Default,Soviet,1970,
wp_mig-25rb,aircraft,Squadron1,Iraq,,
wp_mig-25rb,aircraft,Squadron2,Libya,,
wp_mig-25rb,aircraft,Squadron3,Soviet,,
wp_mig-25rb,aircraft,Squadron4,Soviet,,
wp_mig-25rb,aircraft,Squadron5,Soviet,,
wp_mig-25rb,aircraft,Squadron6,Soviet,,
wp_mig-27,aircraft,Default,Soviet,1972,
wp_mig-27,aircraft,Squadron1,Soviet,,
wp_mig-27,aircraft,Squadron2,Soviet,,
wp_mig-27,aircraft,Squadron3,Soviet,,
wp_mig-27,aircraft,Squadron4,Soviet,,
wp_mig-27,aircraft,Squadron5,Soviet,,
wp_mig-27,aircraft,Squadron6,Soviet,,
wp_mig-27,aircraft,Squadron7,Soviet,,
wp_mig-27,aircraft,Squadron8,Soviet,,
wp_mig-28,aircraft,Default,Soviet,1986,
wp_mig-28,aircraft,Squadron1,Soviet,,
wp_mig-28,aircraft,Squadron2,Cuba,,
wp_p-42,aircraft,Default,Soviet,1983,
wp_p-42,aircraft,Squadron1,Soviet,,
wp_p-42,aircraft,Squadron2,Soviet,,
wp_p-42,aircraft,Squadron3,Soviet,,
wp_p-42_rldn,aircraft,Default,Soviet,1983,
wp_p-42_rldn,aircraft,Squadron1,Soviet,,
wp_p-42_rldn,aircraft,Squadron2,Soviet,,
wp_p-42_rldn,aircraft,Squadron3,Soviet,,
wp_su-15,aircraft,Default,Soviet,1965,
wp_su-15,aircraft,Squadron1,Soviet,,
wp_su-15,aircraft,Squadron2,Soviet,,
wp_su-15,aircraft,Squadron3,Soviet,,
wp_su-15,aircraft,Squadron4,Soviet,,
wp_su-15,aircraft,Squadron5,Soviet,,
wp_su-15,aircraft,Squadron6,Soviet,,
wp_su-15,aircraft,Squadron7,Soviet,,
wp_su-15,aircraft,Squadron8,Soviet,,
wp_su-15,aircraft,Squadron9,Soviet,,
wp_su-15,aircraft,Squadron10,Soviet,,
wp_su-15,aircraft,Squadron11,Soviet,,
wp_su-15,aircraft,Squadron12,Soviet,,
wp_su-15,aircraft,Squadron13,Soviet,,
wp_su-15,aircraft,Squadron14,Soviet,,
wp_su-15,aircraft,Squadron15,Soviet,,
wp_su-15,aircraft,Squadron16,Soviet,,
wp_su-15,aircraft,Squadron17,Soviet,,
wp_su-24a,aircraft,Default,Soviet,1972,
wp_su-24a,aircraft,Squadron1,Soviet,,
wp_su-24a,aircraft,Squadron2,Soviet,,
wp_su-24a,aircraft,Squadron3,Soviet,,
wp_su-24a,aircraft,Squadron4,Soviet,,
wp_su-24m,aircraft,Default,Soviet,1979,
wp_su-24m,aircraft,Squadron1,Soviet,,
wp_su-24m,aircraft,Squadron2,Soviet,,
wp_su-24m,aircraft,Squadron3,Soviet,,
wp_taifun,aircraft,Default,Soviet,1983,
wp_taifun,aircraft,Squadron1,Soviet,,
wp_taifun,aircraft,Squadron2,Soviet,,
wp_taifun,aircraft,Squadron3,Soviet,,
wp_taifun_ew,aircraft,Default,Soviet,1983,
wp_taifun_ew,aircraft,Squadron1,Soviet,,
wp_taifun_ew,aircraft,Squadron2,Soviet,,
wp_taifun_ew,aircraft,Squadron3,Soviet,,
wp_tu-142m,aircraft,Default,Soviet,1975,
wp_tu-142m,aircraft,Squadron1,Soviet,,
wp_tu-142m,aircraft,Squadron2,Soviet,,
wp_tu-142m,aircraft,Squadron3,Soviet,,
wp_tu-142m,aircraft,Squadron4,Soviet,,
wp_tu-16,aircraft,Default,Soviet,1954,
wp_tu-16,aircraft,Squadron1,Soviet,,
wp_tu-16,aircraft,Squadron2,Soviet,,
wp_tu-16,aircraft,Squadron3,Soviet,,
wp_tu-16,aircraft,Squadron4,Egypt,,
wp_tu-16,aircraft,Squadron5,Egypt,,
wp_tu-16,aircraft,Squadron6,Iraq,,
wp_tu-16k,aircraft,Default,Soviet,1959,
wp_tu-16k,aircraft,Squadron1,Soviet,,
wp_tu-16k,aircraft,Squadron2,Soviet,,
wp_tu-16k,aircraft,Squadron3,Soviet,,
wp_tu-16k,aircraft,Squadron4,Soviet,,
wp_tu-16k,aircraft,Squadron5,Soviet,,
wp_tu-16k,aircraft,Squadron6,Soviet,,
wp_tu-16k,aircraft,Squadron7,Soviet,,
wp_tu-16k,aircraft,Squadron8,Soviet,,
wp_tu-16k,aircraft,Squadron9,Soviet,,
wp_tu-16k,aircraft,Squadron10,Soviet,,
wp_tu-16k,aircraft,Squadron11,Soviet,,
wp_tu-16k,aircraft,Squadron12,Soviet,,
wp_tu-16n,aircraft,Default,Soviet,1959,
wp_tu-16n,aircraft,Squadron1,Soviet,,
wp_tu-16n,aircraft,Squadron2,Soviet,,
wp_tu-16n,aircraft,Squadron3,Soviet,,
wp_tu-16n,aircraft,Squadron4,Soviet,,
wp_tu-16n,aircraft,Squadron5,Soviet,,
wp_tu-16n,aircraft,Squadron6,Soviet,,
wp_tu-16n,aircraft,Squadron7,Soviet,,
wp_tu-16n,aircraft,Squadron8,Soviet,,
wp_tu-16n,aircraft,Squadron9,Soviet,,
wp_tu-16n,aircraft,Squadron10,Soviet,,
wp_tu-16n,aircraft,Squadron11,Soviet,,
wp_tu-16n,aircraft,Squadron12,Soviet,,
wp_tu-16p,aircraft,Default,Soviet,1959,
wp_tu-16p,aircraft,Squadron1,Soviet,,
wp_tu-16p,aircraft,Squadron2,Soviet,,
wp_tu-16p,aircraft,Squadron3,Soviet,,
wp_tu-16p,aircraft,Squadron4,Soviet,,
wp_tu-16p,aircraft,Squadron5,Soviet,,
wp_tu-16p,aircraft,Squadron6,Soviet,,
wp_tu-22m2,aircraft,Default,Soviet,1976,
wp_tu-22m2,aircraft,Squadron1,Soviet,,
wp_tu-22m2,aircraft,Squadron2,Soviet,,
wp_tu-22m2,aircraft,Squadron3,Soviet,,
wp_tu-22m2,aircraft,Squadron4,Soviet,,
wp_tu-22m2,aircraft,Squadron5,Soviet,,
wp_tu-22m2,aircraft,Squadron6,Soviet,,
wp_tu-22m2,aircraft,Squadron7,Soviet,,
wp_tu-22m2,aircraft,Squadron8,Soviet,,
wp_tu-22m2,aircraft,Squadron9,Soviet,,
wp_tu-22m2,aircraft,Squadron10,Soviet,,
wp_tu-22m2,aircraft,Squadron11,Soviet,,
wp_tu-22m2,aircraft,Squadron12,Soviet,,
wp_tu-22m2,aircraft,Squadron13,Soviet,,
wp_tu-22m2,aircraft,Squadron14,Soviet,,
wp_tu-95rt,aircraft,Default,Soviet,1963,
wp_tu-95rt,aircraft,Squadron1,Soviet,,
wp_tu-95rt,aircraft,Squadron2,Soviet,,
wp_tu-95rt,aircraft,Squadron3,Soviet,,
wp_tu-95rt,aircraft,Squadron4,Soviet,,
wp_yak-38,aircraft,Default,Soviet,1976,
wp_yak-38,aircraft,Squadron1,Soviet,,
wp_yak-38,aircraft,Squadron2,Soviet,,
wp_yak-38,aircraft,Squadron3,Soviet,,
wp_yak-38,aircraft,Squadron4,Soviet,,
bio_blue_whale,biologic,Default,Unknown,,
bio_fin_whale,biologic,Default,Unknown,,
bio_humpback_whale,biologic,Default,Unknown,,
airfield_small_1,land_units,Default,US,,
airfield_small_1,land_units,Variant1,US,,
airfield_small_1,land_units,Variant2,Vietnam,,
airfield_small_1,land_units,Variant3,China,,
airfield_small_1,land_units,Variant4,China,,
airfield_small_1,land_units,Variant5,Japan,,
civ_car_pickup_1983_type63,land_units,Default,Terrorists,,
civ_car_pickup_1983_type63,land_units,Variant1,Syria,,
civ_car_pickup_1983_type63,land_units,Variant2,Iraq,,
civ_car_pickup_1983_type63,land_units,Variant3,Iran,,
civ_car_pickup_1983_type63,land_units,Variant4,Egypt,,
civ_car_pickup_1983_type63,land_units,Variant5,Pakistan,,
civ_car_pickup_1983_type63,land_units,Variant6,South_Yemen,,
civ_car_pickup_1983_type63,land_units,Variant7,North_Korea,,
civ_car_pickup_1983_type63,land_units,Variant8,Cuba,,
civ_car_pickup_1983_type63,land_units,Variant9,Terrorists,,
civ_car_pickup_1983_ub-16,land_units,Default,Terrorists,,
civ_car_pickup_1983_ub-16,land_units,Variant1,Syria,,
civ_car_pickup_1983_ub-16,land_units,Variant2,Iraq,,
civ_car_pickup_1983_ub-16,land_units,Variant3,Iran,,
civ_car_pickup_1983_ub-16,land_units,Variant4,Egypt,,
civ_car_pickup_1983_ub-16,land_units,Variant5,Pakistan,,
civ_car_pickup_1983_ub-16,land_units,Variant6,South_Yemen,,
civ_car_pickup_1983_ub-16,land_units,Variant7,North_Korea,,
civ_car_pickup_1983_ub-16,land_units,Variant8,Cuba,,
civ_car_pickup_1983_ub-16,land_units,Variant9,Terrorists,,
civ_car_pickup_1983_zu-23,land_units,Default,Terrorists,,
civ_car_pickup_1983_zu-23,land_units,Variant1,Syria,,
civ_car_pickup_1983_zu-23,land_units,Variant2,Iraq,,
civ_car_pickup_1983_zu-23,land_units,Variant3,Iran,,
civ_car_pickup_1983_zu-23,land_units,Variant4,Egypt,,
civ_car_pickup_1983_zu-23,land_units,Variant5,Pakistan,,
civ_car_pickup_1983_zu-23,land_units,Variant6,South_Yemen,,
civ_car_pickup_1983_zu-23,land_units,Variant7,North_Korea,,
civ_car_pickup_1983_zu-23,land_units,Variant8,Cuba,,
civ_car_pickup_1983_zu-23,land_units,Variant9,Terrorists,,
civ_comm_buildings,land_units,Default,US,,
civ_radiostation,land_units,Default,US,,
civ_spar_rig,land_units,Default,US,,
civ_tgt_bridge_3_part,land_units,Default,Unknown,,
civ_tgt_bridge_3_part,land_units,Variant1,Unknown,,
civ_tgt_bridge_6_part,land_units,Default,Unknown,,
civ_tgt_bridge_6_part,land_units,Variant1,Unknown,,
civ_tgt_bridge_arches_6_part,land_units,Default,Unknown,,
civ_tgt_bridge_arches_6_part,land_units,Variant1,Unknown,,
fin_100_56_TK,land_units,Default,Finland,,
fin_100_56_TK,land_units,Variant1,Finland,,
iqa_mbt_t-55_70,land_units,Default,Iraq,,
iqa_mbt_t-55_70,land_units,Variant1,Iraq,,
iqa_mbt_t-55_70,land_units,Variant2,Iraq,,
is_airbase_akureyri,land_units,Default,Iceland,,
is_airbase_akureyri,land_units,Variant1,Iceland,,
is_airbase_akureyri,land_units,Variant2,UK,,
is_airbase_isafjordur,land_units,Default,Iceland,,
is_airbase_isafjordur,land_units,Variant1,Iceland,,
is_airbase_keflavik,land_units,Default,Iceland,,
is_airbase_keflavik,land_units,Variant1,Iceland,,
is_airbase_reykjavik,land_units,Default,Iceland,,
is_airbase_reykjavik,land_units,Variant1,Iceland,,
is_airbase_reykjavik,land_units,Variant2,UK,,
jsdf_apc_type60,land_units,Default,Japan,,
jsdf_apc_type60,land_units,Variant1,Japan,,
jsdf_apc_type60,land_units,Variant2,Japan,,
jsdf_apc_type73,land_units,Default,Japan,,
jsdf_apc_type73,land_units,Variant1,Japan,,
jsdf_mbt_type74,land_units,Default,Japan,,
jsdf_mbt_type74,land_units,Variant1,Japan,,
jsdf_mbt_type74,land_units,Variant2,Japan,,
jsdf_sam_type81,land_units,Default,Japan,,
jsdf_sam_type81,land_units,Variant1,Japan,,
nato_aaa_gdf,land_units,Default,Switzerland,,
nato_aaa_gdf,land_units,Variant1,Switzerland,,
nato_aaa_gdf,land_units,Variant2,UK,,
nato_aaa_gdf,land_units,Variant3,Spain,,
nato_aaa_gdf,land_units,Variant4,Italy,,
nato_aaa_gdf,land_units,Variant5,Belgium,,
nato_aaa_gdf,land_units,Variant6,Denmark,,
nato_aaa_gdf,land_units,Variant7,Germany,,
nato_aaa_gdf,land_units,Variant8,Japan,,
nato_ewr_station,land_units,Default,US,,
nato_ewr_station,land_units,Variant1,US,,
nato_ewr_station,land_units,Variant2,UK,,
nato_ewr_station,land_units,Variant3,France,,
nato_ewr_station,land_units,Variant4,Spain,,
nato_ewr_station,land_units,Variant5,Greece,,
nato_ewr_station,land_units,Variant6,Canada,,
nato_ewr_station,land_units,Variant7,Australia,,
nato_ewr_station,land_units,Variant8,Germany,,
nato_fps-20_radar,land_units,Default,US,,
nato_fps-20_radar,land_units,Variant1,US,,
nato_fps-20_radar,land_units,Variant2,Philippines,,
nato_fps-6_radar,land_units,Default,US,,
nato_fps-6_radar,land_units,Variant1,US,,
nato_fps-6_radar,land_units,Variant2,Philippines,,
nato_large_ewr_station,land_units,Default,US,,
nato_large_ewr_station,land_units,Variant1,UK,,
nato_radar,land_units,Default,US,,
nato_radar,land_units,Variant1,US,,
nato_radar,land_units,Variant2,UK,,
nato_radar,land_units,Variant3,Spain,,
nato_radar,land_units,Variant4,Italy,,
nato_radar,land_units,Variant5,Belgium,,
nato_radar,land_units,Variant6,Denmark,,
nato_radar,land_units,Variant7,Germany,,
nato_sam_skyguard,land_units,Default,Switzerland,,
nato_sam_skyguard,land_units,Variant1,Egypt,,
nato_sam_skyguard,land_units,Variant2,Greece,,
nato_sam_skyguard,land_units,Variant3,Spain,,
nato_sam_skyguard,land_units,Variant4,Italy,,
nato_sam_skyguard,land_units,Variant5,RoC,,
nato_sam_skyguard,land_units,Variant6,Thailand,,
nato_small_airbase,land_units,Default,US,,
nato_small_airbase,land_units,Variant1,US,,
nato_tps-27_radar,land_units,Default,US,,
nato_tps-27_radar,land_units,Variant1,US,,
nato_tps-27_radar,land_units,Variant2,UK,,
nato_tps-27_radar,land_units,Variant3,Spain,,
nato_tps-27_radar,land_units,Variant4,Italy,,
nato_tps-27_radar,land_units,Variant5,Belgium,,
nato_tps-27_radar,land_units,Variant6,Denmark,,
nato_tps-27_radar,land_units,Variant7,Germany,,
nato_very_small_airbase,land_units,Default,US,,
nato_very_small_airbase,land_units,Variant1,US,,
nv_130mm_coastal_artillery,land_units,Default,Vietnam,,
nv_130mm_coastal_artillery,land_units,Variant1,Vietnam,,
nv_bofors,land_units,Default,Vietnam,,
nv_bofors,land_units,Variant1,Vietnam,,
nv_coastal_artillery,land_units,Default,Vietnam,,
nv_coastal_artillery,land_units,Variant1,Vietnam,,
nv_headquarters,land_units,Default,Vietnam,,
nv_headquarters,land_units,Variant1,Vietnam,,
nv_ks-19,land_units,Default,Vietnam,,
nv_ks-19,land_units,Variant1,Vietnam,,
nv_ks-19,land_units,Variant2,Soviet,,
nv_mlrs_grad_emplacement,land_units,Default,Vietnam,,
nv_mlrs_grad_emplacement,land_units,Variant1,Vietnam,,
nv_pt_boats_docks,land_units,Default,Vietnam,,
nv_pt_boats_docks,land_units,Variant1,Vietnam,,
nv_pt_boats_docks_small,land_units,Default,Vietnam,,
nv_pt_boats_docks_small,land_units,Variant1,Vietnam,,
nv_s-60,land_units,Default,Vietnam,,
nv_s-60,land_units,Variant1,Vietnam,,
nv_watchtower,land_units,Default,Vietnam,,
nv_watchtower,land_units,Variant1,Vietnam,,
nv_zu-23,land_units,Default,Vietnam,,
nv_zu-23,land_units,Variant1,Vietnam,,
oil_terminal_1,land_units,Default,Vietnam,,
oil_terminal_1,land_units,Variant1,Vietnam,,
oil_terminal_2,land_units,Default,Vietnam,,
oil_terminal_2,land_units,Variant1,Vietnam,,
oil_terminal_3,land_units,Default,Vietnam,,
oil_terminal_3,land_units,Variant1,Vietnam,,
pla_aaa_type55,land_units,Default,China,,
pla_aaa_type55,land_units,Variant1,China,,
pla_aaa_type55,land_units,Variant2,China,,
pla_aaa_type55,land_units,Variant3,Vietnam,,
pla_aaa_type65,land_units,Default,China,,
pla_aaa_type65,land_units,Variant1,China,,
pla_aaa_type65,land_units,Variant2,China,,
pla_aaa_type65,land_units,Variant3,Vietnam,,
pla_apc_type63,land_units,Default,China,,
pla_apc_type63,land_units,Variant1,China,,
pla_hy-1_launcher,land_units,Default,China,,
pla_hy-1_launcher,land_units,Variant1,China,,
pla_hy-1_launcher,land_units,Variant2,Iran,,
pla_hy-1_launcher,land_units,Variant3,Iraq,,
pla_hy-1_launcher,land_units,Variant4,North_Korea,,
pla_hy-2_launcher,land_units,Default,China,,
pla_hy-2_launcher,land_units,Variant1,China,,
pla_hy-2_launcher,land_units,Variant2,Iran,,
pla_hy-2_launcher,land_units,Variant3,Iraq,,
pla_hy-2_launcher,land_units,Variant4,North_Korea,,
pla_hy-3_launcher,land_units,Default,China,,
pla_hy-3_launcher,land_units,Variant1,China,,
pla_hy-4_launcher,land_units,Default,China,,
pla_hy-4_launcher,land_units,Variant1,China,,
pla_hy-4_launcher,land_units,Variant2,Iran,,
pla_lt_type_63,land_units,Default,China,,
pla_lt_type_63,land_units,Variant1,China,,
pla_lt_type_63,land_units,Variant2,Vietnam,,
pla_lt_type_63,land_units,Variant3,North_Korea,,
pla_lt_type_63,land_units,Variant4,Iraq,,
pla_lt_type_63,land_units,Variant5,Pakistan,,
pla_lt_type_63,land_units,Variant6,Myanmar,,
pla_lt_type_63,land_units,Variant7,Sri_Lanka,,
pla_spaag_type63,land_units,Default,China,,
pla_spaag_type63,land_units,Variant1,China,,
pla_spaag_type63,land_units,Variant2,Vietnam,,
port_ashdod,land_units,Default,Israel,,
port_ashdod,land_units,Variant1,Israel,,
port_belfast,land_units,Default,UK,,
port_belfast,land_units,Variant1,UK,,
port_chennai,land_units,Default,India,,
port_chennai,land_units,Variant1,India,,
port_cochin,land_units,Default,India,,
port_cochin,land_units,Variant1,India,,
port_diu,land_units,Default,India,,
port_diu,land_units,Variant1,India,,
port_dover,land_units,Default,UK,,
port_dover,land_units,Variant1,UK,,
port_dublin,land_units,Default,Ireland,,
port_dublin,land_units,Variant1,Ireland,,
port_eastcoast_charleston,land_units,Default,US,,
port_eastcoast_charleston,land_units,Variant1,US,,
port_eastcoast_halifax,land_units,Default,Canada,,
port_eastcoast_halifax,land_units,Variant1,Canada,,
port_eastcoast_jacksonville,land_units,Default,US,,
port_eastcoast_jacksonville,land_units,Variant1,US,,
port_eastcoast_mayport,land_units,Default,US,,
port_eastcoast_mayport,land_units,Variant1,US,,
port_eastcoast_newport,land_units,Default,US,,
port_eastcoast_newport,land_units,Variant1,US,,
port_eastcoast_norfolk,land_units,Default,US,,
port_eastcoast_norfolk,land_units,Variant1,US,,
port_felixstowe,land_units,Default,UK,,
port_felixstowe,land_units,Variant1,UK,,
port_haifa,land_units,Default,Israel,,
port_haifa,land_units,Variant1,Israel,,
port_hmnb_clyde,land_units,Default,UK,,
port_hmnb_clyde,land_units,Variant1,UK,,
port_holyhead,land_units,Default,UK,,
port_holyhead,land_units,Variant1,UK,,
port_karachi,land_units,Default,Pakistan,,
port_karachi,land_units,Variant1,Pakistan,,
port_latakia,land_units,Default,Syria,,
port_latakia,land_units,Variant1,Syria,,
port_liverpool,land_units,Default,UK,,
port_liverpool,land_units,Variant1,UK,,
port_lossiemouth,land_units,Default,UK,,
port_lossiemouth,land_units,Variant1,UK,,
port_milford_haven,land_units,Default,UK,,
port_milford_haven,land_units,Variant1,UK,,
port_mumbai,land_units,Default,India,,
port_mumbai,land_units,Variant1,India,,
port_pg_asaluyeh,land_units,Default,Iran,,
port_pg_asaluyeh,land_units,Variant1,Iran,,
port_pg_bandar_abbas,land_units,Default,Iran,,
port_pg_bandar_abbas,land_units,Variant1,Iran,,
port_pg_bandar_lengeh,land_units,Default,Iran,,
port_pg_bandar_lengeh,land_units,Variant1,Iran,,
port_pg_bushehr,land_units,Default,Iran,,
port_pg_bushehr,land_units,Variant1,Iran,,
port_pg_dammam,land_units,Default,Iceland,,
port_pg_dammam,land_units,Variant1,Iceland,,
port_pg_fujairah,land_units,Default,Iceland,,
port_pg_fujairah,land_units,Variant1,Iceland,,
port_pg_kish,land_units,Default,Iran,,
port_pg_kish,land_units,Variant1,Iran,,
port_pg_kuwait,land_units,Default,Kuwait,,
port_pg_kuwait,land_units,Variant1,Kuwait,,
port_pg_minah_al_ahmadi,land_units,Default,Iceland,,
port_pg_minah_al_ahmadi,land_units,Variant1,Iceland,,
port_pg_umm_quasr,land_units,Default,Iraq,,
port_pg_umm_quasr,land_units,Variant1,Iraq,,
port_plymouth,land_units,Default,UK,,
port_plymouth,land_units,Variant1,UK,,
port_portsmouth,land_units,Default,UK,,
port_portsmouth,land_units,Variant1,UK,,
port_telaviv,land_units,Default,Israel,,
port_telaviv,land_units,Variant1,Israel,,
port_ussr_kandalaksha,land_units,Default,Soviet,,
port_ussr_kandalaksha,land_units,Variant1,Soviet,,
port_ussr_severomorsk,land_units,Default,Soviet,,
port_ussr_severomorsk,land_units,Variant1,Soviet,,
port_weymouth,land_units,Default,UK,,
port_weymouth,land_units,Variant1,UK,,
raf_rapier_launcher,land_units,Default,UK,,
raf_rapier_launcher,land_units,Variant1,UK,,
raf_rapier_launcher,land_units,Variant2,Turkey,,
raf_rapier_launcher,land_units,Variant3,Libya,,
raf_rapier_launcher,land_units,Variant4,Iran,,
swe_ersta,land_units,Default,Norway,,
swe_ersta,land_units,Variant1,Norway,,
tgt_ammo_depot_small,land_units,Default,Soviet,,
tgt_ammo_depot_small,land_units,Variant1,Soviet,,
tgt_fueltanks_large,land_units,Default,Vietnam,,
tgt_fueltanks_large,land_units,Variant1,Vietnam,,
tgt_fueltanks_large_brown,land_units,Default,Vietnam,,
tgt_fueltanks_large_brown,land_units,Variant1,Vietnam,,
tgt_fueltanks_medium,land_units,Default,Vietnam,,
tgt_fueltanks_medium,land_units,Variant1,Vietnam,,
tgt_fueltanks_medium_sandy,land_units,Default,Vietnam,,
tgt_fueltanks_medium_sandy,land_units,Variant1,Vietnam,,
tgt_fueltanks_small,land_units,Default,Vietnam,,
tgt_fueltanks_small,land_units,Variant1,Vietnam,,
tgt_fueltanks_small_brown,land_units,Default,Vietnam,,
tgt_fueltanks_small_brown,land_units,Variant1,Vietnam,,
tgt_industry_buildings_1,land_units,Default,Vietnam,,
tgt_industry_buildings_1,land_units,Variant1,Vietnam,,
tgt_industry_buildings_2,land_units,Default,Vietnam,,
tgt_industry_buildings_2,land_units,Variant1,Vietnam,,
tgt_industry_buildings_2_brown,land_units,Default,Vietnam,,
tgt_industry_buildings_2_brown,land_units,Variant1,Vietnam,,
tgt_industry_buildings_3,land_units,Default,Vietnam,,
tgt_industry_buildings_3,land_units,Variant1,Vietnam,,
tgt_industry_buildings_4,land_units,Default,Vietnam,,
tgt_industry_buildings_4,land_units,Variant1,Vietnam,,
tgt_refinery_small,land_units,Default,Vietnam,,
tgt_refinery_small,land_units,Variant1,Vietnam,,
tgt_refinery_small_2,land_units,Default,Vietnam,,
tgt_refinery_small_2,land_units,Variant1,Vietnam,,
tgt_refinery_small_3,land_units,Default,Vietnam,,
tgt_refinery_small_3,land_units,Variant1,Vietnam,,
us_cobra_dane_ewr,land_units,Default,US,,
us_cobra_dane_ewr,land_units,Variant1,US,,
usa_aaa_m42,land_units,Default,US,,
usa_aaa_m42,land_units,Variant1,US,,
usa_aaa_m42,land_units,Variant2,Germany,,
usa_aaa_m42,land_units,Variant3,South_Vietnam,,
usa_aaa_m42,land_units,Variant4,Pakistan,,
usa_aaa_m42,land_units,Variant5,Japan,,
usa_aaa_m51,land_units,Default,US,,
usa_aaa_m51,land_units,Variant1,US,,
usa_aaa_m51,land_units,Variant2,Japan,,
usa_aaa_vulcan,land_units,Default,US,,
usa_aaa_vulcan,land_units,Variant1,US,,
usa_aaa_vulcan,land_units,Variant2,US,,
usa_aaa_vulcan,land_units,Variant3,US,,
usa_aaa_vulcan,land_units,Variant4,Israel,,
usa_apc_aav7,land_units,Default,US,,
usa_apc_aav7,land_units,Variant1,US,,
usa_apc_aav7,land_units,Variant2,Brazil,,
usa_apc_aav7,land_units,Variant3,Japan,,
usa_apc_aav7,land_units,Variant4,Spain,,
usa_apc_aav7,land_units,Variant5,Italy,,
usa_apc_aav7,land_units,Variant6,South_Korea,,
usa_apc_aav7,land_units,Variant7,Thailand,,
usa_apc_m113,land_units,Default,US,,
usa_apc_m113,land_units,Variant1,US,,
usa_apc_m113,land_units,Variant2,US,,
usa_apc_m113,land_units,Variant3,US,,
usa_apc_m113,land_units,Variant4,Germany,,
usa_apc_m113,land_units,Variant5,Iran,,
usa_apc_m113,land_units,Variant6,Israel,,
usa_apc_m113,land_units,Variant7,Pakistan,,
usa_apc_m113,land_units,Variant8,South_Korea,,
usa_apc_m113,land_units,Variant9,Turkey,,
usa_car_hemtt,land_units,Default,US,,
usa_car_hemtt,land_units,Variant1,US,,
usa_car_hmmwv,land_units,Default,US,,
usa_car_hmmwv,land_units,Variant1,US,,
usa_car_hmmwv,land_units,Variant2,US,,
usa_car_hmmwv,land_units,Variant3,US,,
usa_car_hmmwv_m2,land_units,Default,US,,
usa_car_hmmwv_m2,land_units,Variant1,US,,
usa_car_hmmwv_m2,land_units,Variant2,US,,
usa_car_hmmwv_m2,land_units,Variant3,US,,
usa_car_hmmwv_tow,land_units,Default,US,,
usa_car_hmmwv_tow,land_units,Variant1,US,,
usa_car_hmmwv_tow,land_units,Variant2,US,,
usa_car_hmmwv_tow,land_units,Variant3,US,,
usa_car_m923,land_units,Default,US,,
usa_car_m923,land_units,Variant1,US,,
usa_ifv_bradley,land_units,Default,US,,
usa_ifv_bradley,land_units,Variant1,US,,
usa_ifv_bradley,land_units,Variant2,US,,
usa_ifv_bradley,land_units,Variant3,US,,
usa_mbt_abrams,land_units,Default,US,,
usa_mbt_abrams,land_units,Variant1,US,,
usa_mbt_abrams,land_units,Variant2,US,,
usa_mbt_m60,land_units,Default,US,,
usa_mbt_m60,land_units,Variant1,US,,
usa_mbt_m60,land_units,Variant2,Iraq,,
usa_mbt_m60,land_units,Variant3,Iran,,
usa_mbt_m60,land_units,Variant4,Israel,,
usa_mbt_m60,land_units,Variant5,Egypt,,
usa_mim-23_fcr,land_units,Default,US,,
usa_mim-23_fcr,land_units,Variant1,US,,
usa_mim-23_launcher,land_units,Default,US,,
usa_mim-23_launcher,land_units,Variant1,US,,
usa_mim-23_radar,land_units,Default,US,,
usa_mim-23_radar,land_units,Variant1,US,,
usa_mlrs_m270,land_units,Default,US,,
usa_mlrs_m270,land_units,Variant1,US,,
usa_mlrs_m270,land_units,Variant2,UK,,
usa_mlrs_m270,land_units,Variant3,Germany,,
usa_mlrs_m270,land_units,Variant4,Japan,,
usa_mlrs_m270,land_units,Variant5,Israel,,
usa_radar_tps-43,land_units,Default,US,,
usa_radar_tps-43,land_units,Variant1,US,,
usa_radar_tps-43,land_units,Variant2,Argentina,,
usa_radar_tps-43,land_units,Variant3,Spain,,
usa_radar_tps-63,land_units,Default,US,,
usa_radar_tps-63,land_units,Variant1,US,,
usa_radar_tps-63,land_units,Variant2,Egypt,,
usa_radar_tps-63,land_units,Variant3,Israel,,
usa_radar_tps-63,land_units,Variant4,Jordan,,
usa_radar_tps-63,land_units,Variant5,Kuwait,,
usa_radar_tps-63,land_units,Variant6,Morocco,,
usa_radar_tps-63,land_units,Variant7,South_Korea,,
usa_radar_tps-63,land_units,Variant8,Turkey,,
usa_sam_site_nike_hercules,land_units,Default,US,,
usa_sam_site_nike_hercules,land_units,Variant1,US,,
usa_spa_m109a2,land_units,Default,US,,
usa_spa_m109a2,land_units,Variant1,US,,
usa_spa_m109a2,land_units,Variant2,Pakistan,,
usa_spa_m110a1,land_units,Default,US,,
usa_spa_m110a1,land_units,Variant1,US,,
usa_spa_m110a1,land_units,Variant2,UK,,
usa_spa_m110a1,land_units,Variant3,Germany,,
usa_spa_m110a1,land_units,Variant4,Japan,,
usa_spa_m110a1,land_units,Variant5,Israel,,
usa_spa_m110a1,land_units,Variant6,Pakistan,,
usa_spa_m110a1,land_units,Variant7,Egypt,,
usa_spa_m110a1,land_units,Variant8,Greece,,
usa_spa_m110a1,land_units,Variant9,Turkey,,
usa_spa_m110a1,land_units,Variant10,Belgium,,
usa_spa_m110a1,land_units,Variant11,Spain,,
usa_spa_m110a1,land_units,Variant12,Italy,,
usa_spa_m110a1,land_units,Variant13,Jordan,,
usa_spa_m110a1,land_units,Variant14,Iran,,
usa_spa_m110a1,land_units,Variant15,South_Korea,,
usa_spa_m110a1,land_units,Variant16,Morocco,,
warehouses_1,land_units,Default,Vietnam,,
warehouses_1,land_units,Variant1,Vietnam,,
warehouses_2,land_units,Default,Vietnam,,
warehouses_2,land_units,Variant1,Vietnam,,
warehouses_3,land_units,Default,Vietnam,,
warehouses_3,land_units,Variant1,Vietnam,,
wp_aaa_61K,land_units,Default,Soviet,,
wp_aaa_61K,land_units,Variant1,Soviet,,
wp_aaa_61K,land_units,Variant2,Cuba,,
wp_aaa_61K,land_units,Variant3,Vietnam,,
wp_aaa_61K,land_units,Variant4,Iraq,,
wp_aaa_61K,land_units,Variant5,Iran,,
wp_aaa_61K,land_units,Variant6,North_Korea,,
wp_aaa_61K,land_units,Variant7,Poland,,
wp_aaa_61K,land_units,Variant8,Syria,,
wp_aaa_61K,land_units,Variant9,Pakistan,,
wp_aaa_ural_61K,land_units,Default,Soviet,,
wp_aaa_ural_61K,land_units,Variant1,Soviet,,
wp_aaa_ural_61K,land_units,Variant2,Cuba,,
wp_aaa_ural_61K,land_units,Variant3,Vietnam,,
wp_aaa_ural_61K,land_units,Variant4,Iraq,,
wp_aaa_ural_61K,land_units,Variant5,Iran,,
wp_aaa_ural_61K,land_units,Variant6,North_Korea,,
wp_aaa_ural_61K,land_units,Variant7,Poland,,
wp_aaa_ural_61K,land_units,Variant8,Syria,,
wp_aaa_ural_61K,land_units,Variant9,Pakistan,,
wp_aaa_ural_s-60,land_units,Default,Soviet,,
wp_aaa_ural_s-60,land_units,Variant1,Soviet,,
wp_aaa_ural_s-60,land_units,Variant2,Cuba,,
wp_aaa_ural_s-60,land_units,Variant3,Vietnam,,
wp_aaa_ural_s-60,land_units,Variant4,Iraq,,
wp_aaa_ural_s-60,land_units,Variant5,Iran,,
wp_aaa_ural_s-60,land_units,Variant6,North_Korea,,
wp_aaa_ural_s-60,land_units,Variant7,Poland,,
wp_aaa_ural_s-60,land_units,Variant8,Syria,,
wp_aaa_ural_s-60,land_units,Variant9,Pakistan,,
wp_aaa_ural_zu-23,land_units,Default,Soviet,,
wp_aaa_ural_zu-23,land_units,Variant1,Soviet,,
wp_aaa_ural_zu-23,land_units,Variant2,Cuba,,
wp_aaa_ural_zu-23,land_units,Variant3,Vietnam,,
wp_aaa_ural_zu-23,land_units,Variant4,Iraq,,
wp_aaa_ural_zu-23,land_units,Variant5,Iran,,
wp_aaa_ural_zu-23,land_units,Variant6,North_Korea,,
wp_aaa_ural_zu-23,land_units,Variant7,Poland,,
wp_aaa_ural_zu-23,land_units,Variant8,Syria,,
wp_aaa_ural_zu-23,land_units,Variant9,Pakistan,,
wp_airbase_1,land_units,Default,Soviet,,
wp_airbase_1,land_units,Variant1,Soviet,,
wp_airbase_2,land_units,Default,Soviet,,
wp_airbase_2,land_units,Variant1,Soviet,,
wp_airbase_2,land_units,Variant2,Soviet,,
wp_airbase_2,land_units,Variant3,Soviet,,
wp_airbase_2,land_units,Variant4,Soviet,,
wp_airbase_2,land_units,Variant5,Syria,,
wp_airbase_3,land_units,Default,Soviet,,
wp_airbase_3,land_units,Variant1,Soviet,,
wp_airbase_3,land_units,Variant2,Soviet,,
wp_airbase_3,land_units,Variant3,Soviet,,
wp_airbase_3,land_units,Variant4,Poland,,
wp_airbase_3,land_units,Variant5,Poland,,
wp_airbase_3,land_units,Variant6,DDR,,
wp_airbase_3,land_units,Variant7,DDR,,
wp_airbase_3,land_units,Variant8,Vietnam,,
wp_airbase_3,land_units,Variant9,Vietnam,,
wp_airbase_3,land_units,Variant10,Egypt,,
wp_airbase_3,land_units,Variant11,Egypt,,
wp_airbase_3,land_units,Variant12,Syria,,
wp_airbase_3,land_units,Variant13,Syria,,
wp_airbase_3,land_units,Variant14,Algeria,,
wp_airbase_4,land_units,Default,Soviet,,
wp_airbase_4,land_units,Variant1,Soviet,,
wp_airbase_5,land_units,Default,Soviet,,
wp_airbase_5,land_units,Variant1,Soviet,,
wp_asc_redut,land_units,Default,Soviet,,
wp_asc_redut,land_units,Variant1,Soviet,,
wp_asc_rubezh,land_units,Default,Soviet,,
wp_asc_rubezh,land_units,Variant1,Soviet,,
wp_car_ural,land_units,Default,Soviet,,
wp_car_ural,land_units,Variant1,Soviet,,
wp_car_ural_command,land_units,Default,Soviet,,
wp_car_ural_command,land_units,Variant1,Soviet,,
wp_cross_slot,land_units,Default,China,,
wp_cross_slot,land_units,Variant1,China,,
wp_cross_slot,land_units,Variant2,Vietnam,,
wp_cross_slot,land_units,Variant3,Soviet,,
wp_large_pvo_airbase,land_units,Default,Soviet,,
wp_large_pvo_airbase,land_units,Variant1,Soviet,,
wp_large_pvo_airbase,land_units,Variant2,Iran,,
wp_lt_pt-76,land_units,Default,Soviet,,
wp_lt_pt-76,land_units,Variant1,Soviet,,
wp_lt_pt-76,land_units,Variant2,Vietnam,,
wp_lt_pt-76,land_units,Variant3,Egypt,,
wp_lt_pt-76,land_units,Variant4,Iraq,,
wp_lt_pt-76,land_units,Variant5,India,,
wp_lt_pt-76,land_units,Variant6,Syria,,
wp_lt_pt-76,land_units,Variant7,Cuba,,
wp_lt_pt-76,land_units,Variant8,North_Korea,,
wp_lt_pt-76,land_units,Variant9,China,,
wp_lt_pt-76,land_units,Variant10,Poland,,
wp_lt_pt-76,land_units,Variant11,DDR,,
wp_lt_pt-76,land_units,Variant12,Bulgaria,,
wp_lt_pt-76,land_units,Variant13,Hungary,,
wp_lt_pt-76,land_units,Variant14,Germany,,
wp_lt_pt-76,land_units,Variant15,Israel,,
wp_lt_pt-76,land_units,Variant16,Pakistan,,
wp_lt_pt-76,land_units,Variant17,Finland,,
wp_mbt_t-55,land_units,Default,Soviet,,
wp_mbt_t-55,land_units,Variant1,Soviet,,
wp_mbt_t-55,land_units,Variant2,DDR,,
wp_mbt_t-55,land_units,Variant3,Czech,,
wp_mbt_t-55,land_units,Variant4,Iraq,,
wp_mbt_t-55,land_units,Variant5,Poland,,
wp_mbt_t-55,land_units,Variant6,Syria,,
wp_mbt_t-55,land_units,Variant7,Soviet,,
wp_mbt_t-55,land_units,Variant8,Egypt,,
wp_mbt_t-55m,land_units,Default,Soviet,,
wp_mbt_t-55m,land_units,Variant1,Soviet,,
wp_mbt_t-55m,land_units,Variant2,DDR,,
wp_mbt_t-55m,land_units,Variant3,Czech,,
wp_mbt_t-55m,land_units,Variant4,Iraq,,
wp_mbt_t-55m,land_units,Variant5,Poland,,
wp_mbt_t-55m,land_units,Variant6,Syria,,
wp_mbt_t-55m,land_units,Variant7,Soviet,,
wp_mbt_t-55m,land_units,Variant8,Egypt,,
wp_mbt_t-72a,land_units,Default,Soviet,,
wp_mbt_t-72a,land_units,Variant1,Soviet,,
wp_mbt_t-72a,land_units,Variant2,DDR,,
wp_mbt_t-72a,land_units,Variant3,Czech,,
wp_mbt_t-72a,land_units,Variant4,Iraq,,
wp_mbt_t-72a,land_units,Variant5,Poland,,
wp_mbt_t-72a,land_units,Variant6,Syria,,
wp_mbt_t-72a,land_units,Variant7,Egypt,,
wp_mlrs_bm-21,land_units,Default,Soviet,,
wp_mlrs_bm-21,land_units,Variant1,Cuba,,
wp_mlrs_bm-21,land_units,Variant2,DDR,,
wp_mlrs_bm-21,land_units,Variant3,Egypt,,
wp_mlrs_bm-21,land_units,Variant4,India,,
wp_mlrs_bm-21,land_units,Variant5,Iran,,
wp_mlrs_bm-21,land_units,Variant6,Iraq,,
wp_mlrs_bm-21,land_units,Variant7,Libya,,
wp_mlrs_bm-21,land_units,Variant8,North_Korea,,
wp_mlrs_bm-21,land_units,Variant9,Syria,,
wp_mlrs_bm-21,land_units,Variant10,Vietnam,,
wp_mlrs_bm-21,land_units,Variant11,Poland,,
wp_p-10_radar,land_units,Default,Soviet,,
wp_p-10_radar,land_units,Variant1,Soviet,,
wp_p-14_radar,land_units,Default,Soviet,,
wp_p-14_radar,land_units,Variant1,Soviet,,
wp_p-15_radar,land_units,Default,Soviet,,
wp_p-15_radar,land_units,Variant1,Soviet,,
wp_p-18_radar,land_units,Default,Soviet,,
wp_p-18_radar,land_units,Variant1,Soviet,,
wp_p-19_radar,land_units,Default,Soviet,,
wp_p-19_radar,land_units,Variant1,Soviet,,
wp_p-35_radar,land_units,Default,Soviet,,
wp_p-35_radar,land_units,Variant1,Soviet,,
wp_sa-10_flaplid,land_units,Default,Soviet,,
wp_sa-10_flaplid,land_units,Variant1,Soviet,,
wp_sa-10_tel,land_units,Default,Soviet,,
wp_sa-10_tel,land_units,Variant1,Soviet,,
wp_sa-11_launcher,land_units,Default,Soviet,,
wp_sa-11_launcher,land_units,Variant1,Soviet,,
wp_sa-11_launcher,land_units,Variant2,Soviet,,
wp_sa-11_launcher,land_units,Variant3,Soviet,,
wp_sa-11_radar,land_units,Default,Soviet,,
wp_sa-11_radar,land_units,Variant1,Soviet,,
wp_sa-11_radar,land_units,Variant2,Soviet,,
wp_sa-11_radar,land_units,Variant3,Soviet,,
wp_sa-13_launcher,land_units,Default,Soviet,,
wp_sa-13_launcher,land_units,Variant1,Soviet,,
wp_sa-13_launcher,land_units,Variant2,India,,
wp_sa-13_launcher,land_units,Variant3,Poland,,
wp_sa-13_launcher,land_units,Variant4,Syria,,
wp_sa-3_launcher,land_units,Default,Soviet,,
wp_sa-3_launcher,land_units,Variant1,Soviet,,
wp_sa-3_launcher,land_units,Variant2,DDR,,
wp_sa-3_launcher,land_units,Variant3,Czech,,
wp_sa-3_launcher,land_units,Variant4,Poland,,
wp_sa-3_launcher,land_units,Variant5,Vietnam,,
wp_sa-3_launcher,land_units,Variant6,India,,
wp_sa-3_launcher,land_units,Variant7,Iraq,,
wp_sa-3_launcher,land_units,Variant8,Egypt,,
wp_sa-4_launcher,land_units,Default,Soviet,,
wp_sa-4_launcher,land_units,Variant1,Soviet,,
wp_sa-4_launcher,land_units,Variant2,DDR,,
wp_sa-4_launcher,land_units,Variant3,Czech,,
wp_sa-4_launcher,land_units,Variant4,Poland,,
wp_sa-4_longtruck,land_units,Default,Soviet,,
wp_sa-4_longtruck,land_units,Variant1,Soviet,,
wp_sa-4_longtruck,land_units,Variant2,DDR,,
wp_sa-4_longtruck,land_units,Variant3,Czech,,
wp_sa-4_longtruck,land_units,Variant4,Poland,,
wp_sa-4_pathand,land_units,Default,Soviet,,
wp_sa-4_pathand,land_units,Variant1,Soviet,,
wp_sa-4_pathand,land_units,Variant2,DDR,,
wp_sa-4_pathand,land_units,Variant3,Czech,,
wp_sa-4_pathand,land_units,Variant4,Poland,,
wp_sa-5_launcher,land_units,Default,Soviet,,
wp_sa-5_launcher,land_units,Variant1,Soviet,,
wp_sa-5_squarepair,land_units,Default,Soviet,,
wp_sa-5_squarepair,land_units,Variant1,Soviet,,
wp_sa-6_launcher,land_units,Default,Soviet,,
wp_sa-6_launcher,land_units,Variant1,Soviet,,
wp_sa-6_launcher,land_units,Variant2,DDR,,
wp_sa-6_launcher,land_units,Variant3,Czech,,
wp_sa-6_launcher,land_units,Variant4,Libya,,
wp_sa-6_launcher,land_units,Variant5,Iraq,,
wp_sa-6_launcher,land_units,Variant6,Egypt,,
wp_sa-6_launcher,land_units,Variant7,Syria,,
wp_sa-6_straightflush,land_units,Default,Soviet,,
wp_sa-6_straightflush,land_units,Variant1,Soviet,,
wp_sa-6_straightflush,land_units,Variant2,DDR,,
wp_sa-6_straightflush,land_units,Variant3,Czech,,
wp_sa-6_straightflush,land_units,Variant4,Libya,,
wp_sa-6_straightflush,land_units,Variant5,Iraq,,
wp_sa-6_straightflush,land_units,Variant6,Egypt,,
wp_sa-6_straightflush,land_units,Variant7,Syria,,
wp_sa-7_launcher,land_units,Default,Soviet,,
wp_sa-7_launcher,land_units,Variant1,Soviet,,
wp_sa-7_launcher,land_units,Variant2,India,,
wp_sa-7_launcher,land_units,Variant3,Poland,,
wp_sa-7_launcher,land_units,Variant4,Syria,,
wp_sa-8_launcher,land_units,Default,Soviet,,
wp_sa-8_launcher,land_units,Variant1,Soviet,,
wp_sa-8_launcher,land_units,Variant2,India,,
wp_sa-8_launcher,land_units,Variant3,Poland,,
wp_sa-8_launcher,land_units,Variant4,Syria,,
wp_sam_site_sa-10,land_units,Default,Soviet,,
wp_sam_site_sa-10,land_units,Variant1,Soviet,,
wp_sam_site_sa-11,land_units,Default,Soviet,,
wp_sam_site_sa-11,land_units,Variant1,Soviet,,
wp_sam_site_sa-11,land_units,Variant2,Soviet,,
wp_sam_site_sa-11,land_units,Variant3,Soviet,,
wp_sam_site_sa-11_small,land_units,Default,Soviet,,
wp_sam_site_sa-11_small,land_units,Variant1,Soviet,,
wp_sam_site_sa-11_small,land_units,Variant2,Soviet,,
wp_sam_site_sa-11_small,land_units,Variant3,Soviet,,
wp_sam_site_sa-2,land_units,Default,Soviet,,
wp_sam_site_sa-2,land_units,Variant1,Soviet,,
wp_sam_site_sa-2,land_units,Variant2,India,,
wp_sam_site_sa-2,land_units,Variant3,Poland,,
wp_sam_site_sa-2,land_units,Variant4,Syria,,
wp_sam_site_sa-2_modernized,land_units,Default,Soviet,,
wp_sam_site_sa-2_modernized,land_units,Variant1,Soviet,,
wp_sam_site_sa-2_modernized,land_units,Variant2,India,,
wp_sam_site_sa-2_modernized,land_units,Variant3,Poland,,
wp_sam_site_sa-2_modernized,land_units,Variant4,Syria,,
wp_sam_site_sa-3,land_units,Default,Soviet,,
wp_sam_site_sa-3,land_units,Variant1,Soviet,,
wp_sam_site_sa-3,land_units,Variant2,DDR,,
wp_sam_site_sa-3,land_units,Variant3,Czech,,
wp_sam_site_sa-3,land_units,Variant4,Poland,,
wp_sam_site_sa-3,land_units,Variant5,Vietnam,,
wp_sam_site_sa-3,land_units,Variant6,India,,
wp_sam_site_sa-3,land_units,Variant7,Iraq,,
wp_sam_site_sa-3,land_units,Variant8,Egypt,,
wp_sam_site_sa-3,land_units,Variant9,Syria,,
wp_sam_site_sa-5,land_units,Default,Soviet,,
wp_sam_site_sa-5,land_units,Variant1,Soviet,,
wp_silkworm_launcher,land_units,Default,China,,
wp_silkworm_launcher,land_units,Variant1,China,,
wp_silkworm_launcher,land_units,Variant2,Iran,,
wp_son-9,land_units,Default,Vietnam,,
wp_son-9,land_units,Variant1,Vietnam,,
wp_son-9,land_units,Variant2,Soviet,,
wp_spa_2s3,land_units,Default,Soviet,,
wp_spa_2s3,land_units,Variant1,Soviet,,
wp_spa_2s3,land_units,Variant2,DDR,,
wp_spa_2s3,land_units,Variant3,Iraq,,
wp_spa_2s3,land_units,Variant4,Hungary,,
wp_zsu-57,land_units,Default,Soviet,,
wp_zsu-57,land_units,Variant1,Soviet,,
wp_zsu-57,land_units,Variant2,Cuba,,
wp_zsu-57,land_units,Variant3,DDR,,
wp_zsu-57,land_units,Variant4,Egypt,,
wp_zsu-57,land_units,Variant5,Finland,,
wp_zsu-57,land_units,Variant6,Hungary,,
wp_zsu-57,land_units,Variant7,Iran,,
wp_zsu-57,land_units,Variant8,Iraq,,
wp_zsu-57,land_units,Variant9,North_Korea,,
wp_zsu-57,land_units,Variant10,Poland,,
wp_zsu-57,land_units,Variant11,Romania,,
wp_zsu-57,land_units,Variant12,Syria,,
wp_zsu-57,land_units,Variant13,Vietnam,,
all_assault_raft,vessels,Default,Unknown,1970,transparent
all_assault_raft,vessels,Variant1,US,1970,transparent
all_assault_raft,vessels,Variant2,Soviet,1970,transparent
all_assault_raft,vessels,Variant3,UK,1970,transparent
all_life_raft,vessels,Default,Unknown,,transparent
all_life_raft_open,vessels,Default,Unknown,,transparent
all_life_raft_single,vessels,Default,Unknown,,transparent
all_pod_president,vessels,Default,Unknown,,transparent
civ_fv_crabboat,vessels,Default,US,,transparent
civ_fv_crabboat,vessels,Variant1,US,,
civ_fv_crabboat,vessels,Variant2,US,,
civ_fv_crabboat,vessels,Variant3,US,,
civ_fv_crabboat,vessels,Variant4,US,,
civ_fv_crabboat,vessels,Variant5,US,,
civ_fv_dhow,vessels,Default,Iraq,,transparent
civ_fv_dhow,vessels,Variant1,Iraq,,transparent
civ_fv_dhow,vessels,Variant2,Greece,,transparent
civ_fv_dhow,vessels,Variant3,Cyprus,,transparent
civ_fv_dhow,vessels,Variant4,Egypt,,transparent
civ_fv_fishingboat_a,vessels,Default,US,,transparent
civ_fv_fishingboat_a,vessels,Variant1,US,,
civ_fv_fishingboat_a,vessels,Variant2,US,,
civ_fv_fishingboat_a,vessels,Variant3,US,,
civ_fv_fishingboat_a,vessels,Variant4,US,,
civ_fv_fishingboat_a,vessels,Variant5,US,,
civ_fv_fishingboat_b,vessels,Default,Norway,,transparent
civ_fv_fishingboat_b,vessels,Variant1,Iceland,,
civ_fv_fishingboat_b,vessels,Variant2,Norway,,
civ_fv_fishingboat_b,vessels,Variant3,Denmark,,
civ_fv_fishingboat_b,vessels,Variant4,Sweden,,
civ_fv_fishingboat_b,vessels,Variant5,Finland,,
civ_fv_fishingboat_b,vessels,Variant6,Soviet,,
civ_fv_fishingboat_b,vessels,Variant7,Poland,,
civ_fv_fishingboat_b,vessels,Variant8,DDR,,
civ_fv_fishingboat_c,vessels,Default,Japan,,transparent
civ_fv_fishingboat_c,vessels,Variant1,Japan,,
civ_fv_fishingboat_d,vessels,Default,Japan,,transparent
civ_fv_fishingboat_d,vessels,Variant1,Japan,,
civ_fv_okean,vessels,Default,Soviet,1957,transparent
civ_fv_okean,vessels,Variant1,Soviet,,
civ_fv_okean,vessels,Variant2,Cuba,,
civ_fv_okean,vessels,Variant3,DDR,,
civ_fv_okean,vessels,Variant4,UK,,
civ_fv_okean,vessels,Variant5,France,,
civ_fv_okean,vessels,Variant6,Spain,,
civ_fv_okean,vessels,Variant7,Germany,,
civ_fv_okean,vessels,Variant8,Poland,,
civ_fv_sampan,vessels,Default,Vietnam,,transparent
civ_fv_sampan,vessels,Variant1,Vietnam,,transparent
civ_fv_sidetrawler,vessels,Default,Norway,,transparent
civ_fv_sidetrawler,vessels,Variant1,Norway,,
civ_fv_sterntrawler_a,vessels,Default,Norway,,transparent
civ_fv_sterntrawler_a,vessels,Variant1,Soviet,,
civ_fv_sterntrawler_a,vessels,Variant2,DDR,,
civ_fv_sterntrawler_b,vessels,Default,UK,,transparent
civ_fv_sterntrawler_b,vessels,Variant1,UK,,
civ_fv_sterntrawler_b,vessels,Variant2,DDR,,
civ_fv_sterntrawler_b,vessels,Variant3,Canada,,
civ_fv_sterntrawler_c,vessels,Default,France,,transparent
civ_fv_sterntrawler_c,vessels,Variant1,France,,
civ_fv_sterntrawler_c,vessels,Variant2,Soviet,,
civ_fv_sterntrawler_c,vessels,Variant3,Canada,,
civ_fv_sterntrawler_d,vessels,Default,Japan,,transparent
civ_fv_sterntrawler_d,vessels,Variant1,Japan,,
civ_ms_act_1,vessels,Default,Australia,1969,transparent
civ_ms_act_1,vessels,Variant1,Australia,,act_001
civ_ms_act_1,vessels,Variant2,Australia,,act_002
civ_ms_act_1,vessels,Variant3,Australia,,act_003
civ_ms_act_1,vessels,Variant4,Australia,,act_004
civ_ms_act_1,vessels,Variant5,Australia,,act_005
civ_ms_act_1,vessels,Variant6,Australia,,act_006
civ_ms_act_1,vessels,Variant7,Australia,,anl_001
civ_ms_act_1,vessels,Variant8,Australia,,bsl_001
civ_ms_act_1,vessels,Variant9,Australia,,bsl_002
civ_ms_act_1,vessels,Variant10,Australia,,bsl_003
civ_ms_act_1,vessels,Variant11,Australia,,bsl_004
civ_ms_amra,vessels,Default,UK,1969,transparent
civ_ms_amra,vessels,Variant1,UK,,amra_001
civ_ms_amra,vessels,Variant2,UK,,amra_002
civ_ms_amra,vessels,Variant3,UK,,amra_003
civ_ms_amra,vessels,Variant4,UK,,amra_004
civ_ms_amra,vessels,Variant5,UK,,amra_005
civ_ms_amra,vessels,Variant6,UK,,amra_006
civ_ms_amra,vessels,Variant7,UK,,amra_007
civ_ms_amra,vessels,Variant8,UK,,amra_008
civ_ms_amra,vessels,Variant9,UK,,amra_009
civ_ms_amra,vessels,Variant10,UK,,amra_010
civ_ms_amra,vessels,Variant11,UK,,amra_011
civ_ms_amra,vessels,Variant12,UK,,amra_012
civ_ms_amra,vessels,Variant13,South_Korea,,amra_013
civ_ms_amra,vessels,Variant14,South_Korea,,amra_014
civ_ms_amra,vessels,Variant15,Netherlands,,amra_015
civ_ms_amra,vessels,Variant16,Netherlands,,amra_016
civ_ms_amra,vessels,Variant17,Netherlands,,amra_017
civ_ms_amra,vessels,Variant18,Netherlands,,amra_018
civ_ms_amra,vessels,Variant19,Netherlands,,amra_019
civ_ms_andizhan,vessels,Default,Soviet,1958,transparent
civ_ms_andizhan,vessels,Variant1,Soviet,,andi_001
civ_ms_andizhan,vessels,Variant2,Soviet,,andi_002
civ_ms_andizhan,vessels,Variant3,Soviet,,andi_003
civ_ms_andizhan,vessels,Variant4,Soviet,,andi_004
civ_ms_andizhan,vessels,Variant5,Soviet,,andi_005
civ_ms_andizhan,vessels,Variant6,Soviet,,andi_006
civ_ms_andizhan,vessels,Variant7,Soviet,,andi_007
civ_ms_andizhan,vessels,Variant8,Soviet,,andi_008
civ_ms_andizhan,vessels,Variant9,Soviet,,andi_009
civ_ms_andizhan,vessels,Variant10,Soviet,,andi_010
civ_ms_andizhan,vessels,Variant11,Soviet,,andi_011
civ_ms_andizhan,vessels,Variant12,Soviet,,andi_012
civ_ms_andizhan,vessels,Variant13,Soviet,,andi_013
civ_ms_andizhan,vessels,Variant14,Soviet,,andi_014
civ_ms_andizhan,vessels,Variant15,Soviet,,andi_015
civ_ms_andizhan,vessels,Variant16,Soviet,,andi_016
civ_ms_andizhan,vessels,Variant17,Soviet,,andi_017
civ_ms_andizhan,vessels,Variant18,Soviet,,andi_018
civ_ms_andizhan,vessels,Variant19,Soviet,,andi_019
civ_ms_andizhan,vessels,Variant20,Soviet,,andi_020
civ_ms_andizhan,vessels,Variant21,Soviet,,andi_021
civ_ms_andizhan,vessels,Variant22,Soviet,,andi_022
civ_ms_andizhan,vessels,Variant23,Soviet,,andi_023
civ_ms_andizhan,vessels,Variant24,Soviet,,andi_024
civ_ms_andizhan,vessels,Variant25,Soviet,,andi_025
civ_ms_andizhan,vessels,Variant26,Soviet,,andi_026
civ_ms_andizhan,vessels,Variant27,Soviet,,andi_027
civ_ms_andizhan,vessels,Variant28,Soviet,,andi_028
civ_ms_andizhan,vessels,Variant29,Soviet,,andi_029
civ_ms_andizhan,vessels,Variant30,Soviet,,andi_030
civ_ms_andizhan,vessels,Variant31,Soviet,,andi_031
civ_ms_andizhan,vessels,Variant32,Soviet,,andi_032
civ_ms_andizhan,vessels,Variant33,Soviet,,andi_033
civ_ms_andizhan,vessels,Variant34,Soviet,,andi_034
civ_ms_andizhan,vessels,Variant35,Soviet,,andi_035
civ_ms_andizhan,vessels,Variant36,Soviet,,andi_036
civ_ms_andizhan,vessels,Variant37,Soviet,,andi_037
civ_ms_andizhan,vessels,Variant38,Soviet,,andi_038
civ_ms_andizhan,vessels,Variant39,Soviet,,andi_039
civ_ms_andizhan,vessels,Variant40,Soviet,,andi_040
civ_ms_andizhan,vessels,Variant41,Soviet,,andi_041
civ_ms_andizhan,vessels,Variant42,Soviet,,andi_042
civ_ms_andizhan,vessels,Variant43,Vietnam,,andi_043
civ_ms_andizhan,vessels,Variant44,Vietnam,,andi_044
civ_ms_andizhan,vessels,Variant45,Vietnam,,andi_045
civ_ms_andizhan,vessels,Variant46,Vietnam,,andi_046
civ_ms_bulk,vessels,Default,UK,,transparent
civ_ms_bulk,vessels,Variant1,Japan,,bulk_001
civ_ms_bulk,vessels,Variant2,Japan,,bulk_002
civ_ms_bulk,vessels,Variant3,Japan,,bulk_003
civ_ms_bulk,vessels,Variant4,Japan,,bulk_004
civ_ms_bulk,vessels,Variant5,Japan,,bulk_005
civ_ms_bulk,vessels,Variant6,Japan,,bulk_006
civ_ms_bulk,vessels,Variant7,Japan,,bulk_007
civ_ms_bulk,vessels,Variant8,Japan,,bulk_008
civ_ms_bulk,vessels,Variant9,Japan,,bulk_009
civ_ms_bulk,vessels,Variant10,Japan,,bulk_010
civ_ms_bulk,vessels,Variant11,Japan,,bulk_011
civ_ms_bulk,vessels,Variant12,Japan,,bulk_012
civ_ms_bulk,vessels,Variant13,Japan,,bulk_013
civ_ms_bulk,vessels,Variant14,Japan,,bulk_014
civ_ms_bulk,vessels,Variant15,Japan,,bulk_015
civ_ms_bulk,vessels,Variant16,UK,,bulk_016
civ_ms_bulk,vessels,Variant17,UK,,bulk_017
civ_ms_bulk,vessels,Variant18,UK,,bulk_018
civ_ms_bulk,vessels,Variant19,UK,,bulk_019
civ_ms_bulk,vessels,Variant20,UK,,bulk_020
civ_ms_bulk,vessels,Variant21,UK,,bulk_021
civ_ms_bulk,vessels,Variant22,UK,,bulk_022
civ_ms_bulk,vessels,Variant23,UK,,bulk_023
civ_ms_bulk,vessels,Variant24,UK,,bulk_024
civ_ms_bulk,vessels,Variant25,UK,,bulk_025
civ_ms_bulk,vessels,Variant26,UK,,bulk_026
civ_ms_bulk,vessels,Variant27,UK,,bulk_027
civ_ms_bulk,vessels,Variant28,UK,,bulk_028
civ_ms_bulk,vessels,Variant29,UK,,bulk_029
civ_ms_bulk,vessels,Variant30,UK,,bulk_030
civ_ms_bulk,vessels,Variant31,UK,,bulk_031
civ_ms_bulk,vessels,Variant32,UK,,bulk_032
civ_ms_bulk,vessels,Variant33,UK,,bulk_033
civ_ms_bulk,vessels,Variant34,UK,,bulk_034
civ_ms_bulk,vessels,Variant35,UK,,bulk_035
civ_ms_bulk,vessels,Variant36,UK,,bulk_036
civ_ms_bulk,vessels,Variant37,UK,,bulk_037
civ_ms_bulk,vessels,Variant38,Germany,,bulk_038
civ_ms_bulk,vessels,Variant39,Germany,,bulk_039
civ_ms_bulk,vessels,Variant40,Germany,,bulk_040
civ_ms_bulk,vessels,Variant41,Liberia,,bulk_041
civ_ms_bulk,vessels,Variant42,India,,bulk_042
civ_ms_bulk,vessels,Variant43,India,,bulk_043
civ_ms_bulk,vessels,Variant44,India,,bulk_044
civ_ms_bulk,vessels,Variant45,Netherlands,,bulk_045
civ_ms_bulk,vessels,Variant46,Greece,,bulk_046
civ_ms_bulk,vessels,Variant47,Greece,,bulk_047
civ_ms_bulk,vessels,Variant48,Greece,,bulk_048
civ_ms_bulk,vessels,Variant49,Greece,,bulk_049
civ_ms_bulk,vessels,Variant50,Greece,,bulk_050
civ_ms_bulk,vessels,Variant51,Greece,,bulk_051
civ_ms_bulk,vessels,Variant52,Greece,,bulk_052
civ_ms_bulk,vessels,Variant53,Greece,,bulk_053
civ_ms_bulk,vessels,Variant54,Greece,,bulk_054
civ_ms_bulk,vessels,Variant55,Greece,,bulk_055
civ_ms_bulk,vessels,Variant56,Greece,,bulk_056
civ_ms_bulk,vessels,Variant57,Greece,,bulk_057
civ_ms_bulk,vessels,Variant58,Greece,,bulk_058
civ_ms_bulk,vessels,Variant59,Greece,,bulk_059
civ_ms_bulk,vessels,Variant60,Greece,,bulk_060
civ_ms_bulk,vessels,Variant61,Greece,,bulk_061
civ_ms_bulk,vessels,Variant62,Greece,,bulk_062
civ_ms_bulk,vessels,Variant63,Liberia,,bulk_063
civ_ms_bulk,vessels,Variant64,Liberia,,bulk_064
civ_ms_bulk,vessels,Variant65,Liberia,,bulk_065
civ_ms_bulk,vessels,Variant66,Liberia,,bulk_066
civ_ms_bulk,vessels,Variant67,Liberia,,bulk_067
civ_ms_bulk,vessels,Variant68,Liberia,,bulk_068
civ_ms_bulk,vessels,Variant69,Liberia,,bulk_069
civ_ms_bulk,vessels,Variant70,Liberia,,bulk_070
civ_ms_bulk,vessels,Variant71,Liberia,,bulk_071
civ_ms_bulk,vessels,Variant72,Liberia,,bulk_072
civ_ms_bulk,vessels,Variant73,Liberia,,bulk_073
civ_ms_bulk,vessels,Variant74,Liberia,,bulk_074
civ_ms_bulk,vessels,Variant75,Liberia,,bulk_075
civ_ms_bulk,vessels,Variant76,Liberia,,bulk_076
civ_ms_bulk,vessels,Variant77,Liberia,,bulk_077
civ_ms_bulk,vessels,Variant78,Liberia,,bulk_078
civ_ms_bulk,vessels,Variant79,Liberia,,bulk_079
civ_ms_bulk,vessels,Variant80,Liberia,,bulk_080
civ_ms_bulk,vessels,Variant81,Liberia,,bulk_081
civ_ms_bulk,vessels,Variant82,Italy,,bulk_082
civ_ms_bulk,vessels,Variant83,Italy,,bulk_083
civ_ms_bulk,vessels,Variant84,Italy,,bulk_084
civ_ms_bulk,vessels,Variant85,Italy,,bulk_085
civ_ms_bulk,vessels,Variant86,Italy,,bulk_086
civ_ms_bulk,vessels,Variant87,Italy,,bulk_087
civ_ms_bulk,vessels,Variant88,Italy,,bulk_088
civ_ms_bulk,vessels,Variant89,Italy,,bulk_089
civ_ms_bulk,vessels,Variant90,Italy,,bulk_090
civ_ms_bulk,vessels,Variant91,Italy,,bulk_091
civ_ms_bulk,vessels,Variant92,Italy,,bulk_092
civ_ms_c7s68,vessels,Default,US,1968|2019,transparent
civ_ms_c7s68,vessels,Variant1,US,,c7s68_001
civ_ms_c7s68,vessels,Variant2,US,,c7s68_002
civ_ms_c7s68,vessels,Variant3,US,,c7s68_003
civ_ms_c7s68,vessels,Variant4,US,,c7s68_004
civ_ms_c7s68,vessels,Variant5,US,,c7s68_005
civ_ms_c7s68,vessels,Variant6,US,,c7s68_006
civ_ms_c7s68,vessels,Variant7,US,,c7s68_007
civ_ms_c7s68,vessels,Variant8,US,,c7s68_008
civ_ms_c7s68,vessels,Variant9,US,,c7s68_009
civ_ms_c7s68,vessels,Variant10,US,,c7s68_010
civ_ms_c7s68,vessels,Variant11,US,,c7s68_011
civ_ms_c7s68,vessels,Variant12,US,,c7s68_012
civ_ms_c7s68,vessels,Variant13,US,,c7s68_013
civ_ms_c7s68,vessels,Variant14,US,,c7s68_014
civ_ms_c7s68,vessels,Variant15,US,,c7s68_015
civ_ms_c7s68,vessels,Variant16,US,,c7s68_016
civ_ms_c7s68,vessels,Variant17,US,,c7s68_017
civ_ms_c7s68,vessels,Variant18,US,,c7s68_018
civ_ms_c7s68,vessels,Variant19,US,,c7s68_019
civ_ms_c7s68,vessels,Variant20,US,,c7s68_020
civ_ms_c8,vessels,Default,US,1968,transparent
civ_ms_c8,vessels,Variant1,US,,c8_001
civ_ms_c8,vessels,Variant2,US,,c8_002
civ_ms_c8,vessels,Variant3,US,,c8_003
civ_ms_c8,vessels,Variant4,US,,c8_004
civ_ms_c8,vessels,Variant5,US,,c8_005
civ_ms_c8,vessels,Variant6,US,,c8_006
civ_ms_c8,vessels,Variant7,US,,c8_007
civ_ms_c8,vessels,Variant8,US,,c8_008
civ_ms_c8,vessels,Variant9,US,,c8_009
civ_ms_c8,vessels,Variant10,US,,c8_010
civ_ms_c8,vessels,Variant11,US,,c8_011
civ_ms_c8,vessels,Variant12,US,,c8_012
civ_ms_c8,vessels,Variant13,US,,c8_013
civ_ms_c8,vessels,Variant14,US,,c8_014
civ_ms_c8,vessels,Variant15,US,,c8_015
civ_ms_c8,vessels,Variant16,US,,c8_016
civ_ms_c8,vessels,Variant17,US,,c8_017
civ_ms_c8,vessels,Variant18,Norway,,c8_018
civ_ms_c8,vessels,Variant19,Norway,,c8_019
civ_ms_c8,vessels,Variant20,Norway,,c8_020
civ_ms_c8,vessels,Variant21,Netherlands,,c8_021
civ_ms_c8,vessels,Variant22,Germany,,c8_022
civ_ms_c8,vessels,Variant23,US,,c8_023
civ_ms_c8,vessels,Variant24,US,,c8_024
civ_ms_c8,vessels,Variant25,US,,c8_025
civ_ms_c8,vessels,Variant26,US,,c8_026
civ_ms_car_carrier_a,vessels,Default,Norway,1975,transparent
civ_ms_car_carrier_a,vessels,Variant1,Sweden,,car_carrier_a_001
civ_ms_car_carrier_a,vessels,Variant2,Sweden,,car_carrier_a_002
civ_ms_car_carrier_a,vessels,Variant3,Sweden,,car_carrier_a_003
civ_ms_car_carrier_a,vessels,Variant4,Sweden,,car_carrier_a_004
civ_ms_car_carrier_a,vessels,Variant5,Sweden,,car_carrier_a_005
civ_ms_car_carrier_a,vessels,Variant6,Sweden,,car_carrier_a_006
civ_ms_car_carrier_a,vessels,Variant7,Sweden,,car_carrier_a_007
civ_ms_car_carrier_a,vessels,Variant8,Sweden,,car_carrier_a_008
civ_ms_car_carrier_a,vessels,Variant9,Sweden,,car_carrier_a_009
civ_ms_car_carrier_a,vessels,Variant10,Sweden,,car_carrier_a_010
civ_ms_car_carrier_a,vessels,Variant11,Sweden,,car_carrier_a_011
civ_ms_car_carrier_a,vessels,Variant12,Sweden,,car_carrier_a_012
civ_ms_car_carrier_a,vessels,Variant13,Japan,,car_carrier_a_013
civ_ms_car_carrier_a,vessels,Variant14,Japan,,car_carrier_a_014
civ_ms_car_carrier_a,vessels,Variant15,Japan,,car_carrier_a_015
civ_ms_car_carrier_a,vessels,Variant16,Japan,,car_carrier_a_016
civ_ms_car_carrier_a,vessels,Variant17,Japan,,car_carrier_a_017
civ_ms_car_carrier_a,vessels,Variant18,Japan,,car_carrier_a_018
civ_ms_car_carrier_a,vessels,Variant19,Japan,,car_carrier_a_019
civ_ms_car_carrier_a,vessels,Variant20,Japan,,car_carrier_a_020
civ_ms_car_carrier_a,vessels,Variant21,Japan,,car_carrier_a_021
civ_ms_car_carrier_a,vessels,Variant22,Panama,,car_carrier_a_022
civ_ms_car_carrier_a,vessels,Variant23,Panama,,car_carrier_a_023
civ_ms_car_carrier_a,vessels,Variant24,Norway,,car_carrier_a_024
civ_ms_car_carrier_a,vessels,Variant25,Norway,,car_carrier_a_025
civ_ms_car_carrier_a,vessels,Variant26,Norway,,car_carrier_a_026
civ_ms_car_carrier_a,vessels,Variant27,Norway,,car_carrier_a_027
civ_ms_car_carrier_a,vessels,Variant28,Norway,,car_carrier_a_028
civ_ms_car_carrier_a,vessels,Variant29,Norway,,car_carrier_a_029
civ_ms_car_carrier_a,vessels,Variant30,Norway,,car_carrier_a_030
civ_ms_car_carrier_a,vessels,Variant31,Norway,,car_carrier_a_031
civ_ms_car_carrier_a,vessels,Variant32,Norway,,car_carrier_a_032
civ_ms_car_carrier_a,vessels,Variant33,Norway,,car_carrier_a_033
civ_ms_car_carrier_a,vessels,Variant34,Norway,,car_carrier_a_034
civ_ms_car_carrier_a,vessels,Variant35,Liberia,,car_carrier_a_035
civ_ms_car_carrier_a,vessels,Variant36,Liberia,,car_carrier_a_036
civ_ms_car_carrier_a,vessels,Variant37,Liberia,,car_carrier_a_037
civ_ms_car_carrier_a,vessels,Variant38,Liberia,,car_carrier_a_038
civ_ms_car_carrier_a,vessels,Variant39,Liberia,,car_carrier_a_039
civ_ms_car_carrier_a,vessels,Variant40,Japan,,car_carrier_a_040
civ_ms_car_carrier_a,vessels,Variant41,Japan,,car_carrier_a_041
civ_ms_car_carrier_a,vessels,Variant42,Japan,,car_carrier_a_042
civ_ms_car_carrier_a,vessels,Variant43,Liberia,,car_carrier_a_043
civ_ms_car_carrier_a,vessels,Variant44,Liberia,,car_carrier_a_044
civ_ms_car_carrier_a,vessels,Variant45,Norway,,car_carrier_a_045
civ_ms_car_carrier_a,vessels,Variant46,Norway,,car_carrier_a_046
civ_ms_car_carrier_a,vessels,Variant47,Norway,,car_carrier_a_047
civ_ms_car_carrier_a,vessels,Variant48,Greece,,car_carrier_a_048
civ_ms_car_carrier_a,vessels,Variant49,Greece,,car_carrier_a_049
civ_ms_car_carrier_a,vessels,Variant50,Greece,,car_carrier_a_050
civ_ms_car_carrier_a,vessels,Variant51,Greece,,car_carrier_a_051
civ_ms_car_carrier_a,vessels,Variant52,Greece,,car_carrier_a_052
civ_ms_car_carrier_a,vessels,Variant53,Greece,,car_carrier_a_053
civ_ms_car_carrier_a,vessels,Variant54,Greece,,car_carrier_a_054
civ_ms_encounter,vessels,Default,UK,1969,transparent
civ_ms_encounter,vessels,Variant1,UK,,enc_001
civ_ms_encounter,vessels,Variant2,UK,,enc_002
civ_ms_encounter,vessels,Variant3,UK,,enc_003
civ_ms_encounter,vessels,Variant4,UK,,enc_004
civ_ms_encounter,vessels,Variant5,UK,,enc_005
civ_ms_encounter,vessels,Variant6,UK,,enc_006
civ_ms_encounter,vessels,Variant7,UK,,enc_007
civ_ms_freighter_a,vessels,Default,US,1966,transparent
civ_ms_freighter_a,vessels,Variant1,US,,mormac_001
civ_ms_freighter_a,vessels,Variant2,US,,mormac_002
civ_ms_freighter_a,vessels,Variant3,US,,mormac_003
civ_ms_freighter_a,vessels,Variant4,US,,mormac_004
civ_ms_freighter_a,vessels,Variant5,US,,mormac_005
civ_ms_freighter_a,vessels,Variant6,US,,mormac_006
civ_ms_freighter_a,vessels,Variant7,US,,usl_001
civ_ms_freighter_a,vessels,Variant8,US,,usl_002
civ_ms_freighter_a,vessels,Variant9,US,,usl_003
civ_ms_freighter_a,vessels,Variant10,US,,usl_004
civ_ms_freighter_a,vessels,Variant11,US,,usl_005
civ_ms_freighter_a,vessels,Variant12,US,,usl_006
civ_ms_freighter_a,vessels,Variant13,US,,usl_007
civ_ms_freighter_a,vessels,Variant14,US,,usl_008
civ_ms_freighter_a,vessels,Variant15,US,,usl_009
civ_ms_freighter_a,vessels,Variant16,US,,usl_010
civ_ms_freighter_a,vessels,Variant17,US,,usl_011
civ_ms_freighter_a,vessels,Variant18,US,,usl_012
civ_ms_freighter_a,vessels,Variant19,US,,usl_013
civ_ms_freighter_a,vessels,Variant20,US,,usl_014
civ_ms_freighter_a,vessels,Variant21,US,,usl_015
civ_ms_freighter_a,vessels,Variant22,US,,usl_016
civ_ms_freighter_a,vessels,Variant23,US,,grace_001
civ_ms_freighter_a,vessels,Variant24,US,,grace_002
civ_ms_freighter_a,vessels,Variant25,US,,grace_003
civ_ms_freighter_a,vessels,Variant26,US,,grace_004
civ_ms_freighter_a,vessels,Variant27,US,,grace_005
civ_ms_freighter_a,vessels,Variant28,US,,grace_006
civ_ms_freighter_a,vessels,Variant29,US,,lukas_001
civ_ms_freighter_a,vessels,Variant30,US,,lukas_002
civ_ms_freighter_a,vessels,Variant31,US,,lukas_003
civ_ms_freighter_a,vessels,Variant32,US,,lukas_004
civ_ms_freighter_a,vessels,Variant33,US,,lukas_005
civ_ms_freighter_a,vessels,Variant34,US,,usn_ak-5041
civ_ms_freighter_a,vessels,Variant35,US,,usn_ak-5042
civ_ms_freighter_a,vessels,Variant36,US,,usn_ak-5043
civ_ms_freighter_a,vessels,Variant37,US,,usn_ak-5051
civ_ms_freighter_a,vessels,Variant38,US,,usn_ak-5074
civ_ms_freighter_a,vessels,Variant39,US,,usn_ak-5075
civ_ms_freighter_a,vessels,Variant40,US,,usn_ak-5077
civ_ms_freighter_a,vessels,Variant41,US,,usn_ak-2039
civ_ms_freighter_a,vessels,Variant42,US,,usn_ak-5009
civ_ms_freighter_a,vessels,Variant43,US,,usn_ak-5010
civ_ms_freighter_a,vessels,Variant44,US,,usn_ak-5011
civ_ms_freighter_a,vessels,Variant45,US,,usn_ak-5012
civ_ms_freighter_a,vessels,Variant46,US,,usn_ak-5013
civ_ms_freighter_a,vessels,Variant47,US,,usn_ak-5022
civ_ms_freighter_a,vessels,Variant48,US,,usn_ak-5029
civ_ms_freighter_a,vessels,Variant49,US,,usn_ak-5036
civ_ms_freighter_a,vessels,Variant50,US,,usn_ak-5037
civ_ms_freighter_a,vessels,Variant51,US,,usn_ak-5038
civ_ms_freighter_a,vessels,Variant52,US,,usn_ak-5039
civ_ms_freighter_a,vessels,Variant53,US,,usn_ak-5040
civ_ms_freighter_b,vessels,Default,US,1965,transparent
civ_ms_freighter_b,vessels,Variant1,US,,apl_001
civ_ms_freighter_b,vessels,Variant2,US,,apl_002
civ_ms_freighter_b,vessels,Variant3,US,,apl_003
civ_ms_freighter_b,vessels,Variant4,US,,apl_004
civ_ms_freighter_b,vessels,Variant5,US,,apl_005
civ_ms_freighter_b,vessels,Variant6,US,,apl_006
civ_ms_freighter_b,vessels,Variant7,US,,apl_007
civ_ms_freighter_b,vessels,Variant8,US,,apl_007
civ_ms_freighter_b,vessels,Variant9,US,,apl_008
civ_ms_freighter_b,vessels,Variant10,US,,apl_009
civ_ms_freighter_b,vessels,Variant11,US,,apl_010
civ_ms_freighter_b,vessels,Variant12,US,,apl_011
civ_ms_freighter_b,vessels,Variant13,Australia,,apl_012
civ_ms_freighter_b,vessels,Variant14,Australia,,apl_013
civ_ms_freighter_b,vessels,Variant15,Japan,,apl_014
civ_ms_freighter_b,vessels,Variant16,Japan,,apl_015
civ_ms_freighter_d,vessels,Default,Brazil,1970,transparent
civ_ms_freighter_d,vessels,Variant1,Japan,,fr_d_001
civ_ms_freighter_d,vessels,Variant2,Japan,,fr_d_002
civ_ms_freighter_d,vessels,Variant3,Japan,,fr_d_003
civ_ms_freighter_d,vessels,Variant4,Japan,,fr_d_004
civ_ms_freighter_d,vessels,Variant5,Japan,,fr_d_005
civ_ms_freighter_d,vessels,Variant6,Japan,,fr_d_006
civ_ms_freighter_d,vessels,Variant7,Japan,,fr_d_007
civ_ms_freighter_d,vessels,Variant8,Netherlands,,fr_d_008
civ_ms_freighter_d,vessels,Variant9,Netherlands,,fr_d_009
civ_ms_freighter_d,vessels,Variant10,Netherlands,,fr_d_010
civ_ms_freighter_d,vessels,Variant11,Netherlands,,fr_d_011
civ_ms_freighter_d,vessels,Variant12,Netherlands,,fr_d_012
civ_ms_freighter_d,vessels,Variant13,Netherlands,,fr_d_013
civ_ms_freighter_d,vessels,Variant14,Netherlands,,fr_d_014
civ_ms_freighter_d,vessels,Variant15,Netherlands,,fr_d_015
civ_ms_freighter_d,vessels,Variant16,Netherlands,,fr_d_016
civ_ms_freighter_d,vessels,Variant17,Spain,,fr_d_017
civ_ms_freighter_d,vessels,Variant18,Spain,,fr_d_018
civ_ms_freighter_d,vessels,Variant19,Myanmar,,fr_d_019
civ_ms_freighter_d,vessels,Variant20,Myanmar,,fr_d_020
civ_ms_freighter_d,vessels,Variant21,Myanmar,,fr_d_021
civ_ms_freighter_d,vessels,Variant22,Myanmar,,fr_d_022
civ_ms_freighter_d,vessels,Variant23,Myanmar,,fr_d_023
civ_ms_freighter_d,vessels,Variant24,Myanmar,,fr_d_024
civ_ms_freighter_d,vessels,Variant25,Brazil,,fr_d_025
civ_ms_freighter_d,vessels,Variant26,Brazil,,fr_d_026
civ_ms_freighter_d,vessels,Variant27,Brazil,,fr_d_027
civ_ms_freighter_d,vessels,Variant28,Brazil,,fr_d_028
civ_ms_freighter_d,vessels,Variant29,Brazil,,fr_d_029
civ_ms_freighter_d,vessels,Variant30,Brazil,,fr_d_030
civ_ms_freighter_d,vessels,Variant31,Brazil,,fr_d_031
civ_ms_freighter_d,vessels,Variant32,Brazil,,fr_d_032
civ_ms_freighter_d,vessels,Variant33,Brazil,,fr_d_033
civ_ms_freighter_d,vessels,Variant34,Brazil,,fr_d_034
civ_ms_freighter_d,vessels,Variant35,Brazil,,fr_d_035
civ_ms_freighter_d,vessels,Variant36,Brazil,,fr_d_036
civ_ms_freighter_d,vessels,Variant37,Brazil,,fr_d_037
civ_ms_freighter_d,vessels,Variant38,Brazil,,fr_d_038
civ_ms_freighter_d,vessels,Variant39,Brazil,,fr_d_039
civ_ms_freighter_d,vessels,Variant40,Brazil,,fr_d_040
civ_ms_freighter_d,vessels,Variant41,Brazil,,fr_d_041
civ_ms_freighter_d,vessels,Variant42,Brazil,,fr_d_042
civ_ms_freighter_d,vessels,Variant43,Netherlands,,fr_d_043
civ_ms_freighter_d,vessels,Variant44,Netherlands,,fr_d_044
civ_ms_freighter_d,vessels,Variant45,Netherlands,,fr_d_045
civ_ms_freighter_d,vessels,Variant46,Netherlands,,fr_d_046
civ_ms_freighter_d,vessels,Variant47,Denmark,,fr_d_047
civ_ms_freighter_d,vessels,Variant48,Denmark,,fr_d_048
civ_ms_freighter_d,vessels,Variant49,Denmark,,fr_d_049
civ_ms_freighter_d,vessels,Variant50,Poland,,fr_d_050
civ_ms_freighter_d,vessels,Variant51,Poland,,fr_d_051
civ_ms_freighter_d,vessels,Variant52,Poland,,fr_d_052
civ_ms_freighter_d,vessels,Variant53,Poland,,fr_d_053
civ_ms_irkutsk,vessels,Default,Soviet,1975,transparent
civ_ms_irkutsk,vessels,Variant1,Soviet,,irk_001
civ_ms_irkutsk,vessels,Variant2,Soviet,,irk_002
civ_ms_irkutsk,vessels,Variant3,Soviet,,irk_003
civ_ms_irkutsk,vessels,Variant4,Soviet,,irk_004
civ_ms_irkutsk,vessels,Variant5,Soviet,,irk_005
civ_ms_irkutsk,vessels,Variant6,Soviet,,irk_006
civ_ms_irkutsk,vessels,Variant7,Soviet,,irk_007
civ_ms_irkutsk,vessels,Variant8,Soviet,,irk_008
civ_ms_irkutsk,vessels,Variant9,Soviet,,irk_009
civ_ms_irkutsk,vessels,Variant10,Soviet,,irk_010
civ_ms_irkutsk,vessels,Variant11,Finland,,irk_011
civ_ms_irkutsk,vessels,Variant12,Soviet,,irk_012
civ_ms_irkutsk,vessels,Variant13,Soviet,,irk_013
civ_ms_irkutsk,vessels,Variant14,Soviet,,irk_014
civ_ms_irkutsk,vessels,Variant15,Soviet,,irk_015
civ_ms_irkutsk,vessels,Variant16,Soviet,,irk_016
civ_ms_irkutsk,vessels,Variant17,Soviet,,irk_017
civ_ms_irkutsk,vessels,Variant18,Soviet,,irk_018
civ_ms_irkutsk,vessels,Variant19,Soviet,,irk_019
civ_ms_irkutsk,vessels,Variant20,Soviet,,irk_020
civ_ms_irkutsk,vessels,Variant21,Soviet,,irk_021
civ_ms_irkutsk,vessels,Variant22,Soviet,,irk_022
civ_ms_irkutsk,vessels,Variant23,Soviet,,irk_023
civ_ms_irkutsk,vessels,Variant24,Soviet,,irk_024
civ_ms_irkutsk,vessels,Variant25,Soviet,,irk_025
civ_ms_ivan_franko,vessels,Default,Soviet,1964,transparent
civ_ms_ivan_franko,vessels,Variant1,Soviet,,ivan_franko_001
civ_ms_ivan_franko,vessels,Variant2,Soviet,,ivan_franko_002
civ_ms_ivan_franko,vessels,Variant3,Soviet,,ivan_franko_003
civ_ms_ivan_franko,vessels,Variant4,Soviet,,ivan_franko_004
civ_ms_ivan_franko,vessels,Variant5,Soviet,,ivan_franko_005
civ_ms_ivan_franko,vessels,Variant6,Greece,,ivan_franko_006
civ_ms_kommunist,vessels,Default,Soviet,1968,transparent
civ_ms_kommunist,vessels,Variant1,Soviet,,kom_001
civ_ms_kommunist,vessels,Variant2,Soviet,,kom_002
civ_ms_kommunist,vessels,Variant3,Soviet,,kom_003
civ_ms_kommunist,vessels,Variant4,Soviet,,kom_004
civ_ms_kommunist,vessels,Variant5,Soviet,,kom_005
civ_ms_kommunist,vessels,Variant6,Soviet,,kom_006
civ_ms_kommunist,vessels,Variant7,Soviet,,kom_007
civ_ms_kommunist,vessels,Variant8,Soviet,,kom_008
civ_ms_kommunist,vessels,Variant9,Soviet,,kom_009
civ_ms_kommunist,vessels,Variant10,Soviet,,kom_010
civ_ms_kommunist,vessels,Variant11,Soviet,,kom_011
civ_ms_kommunist,vessels,Variant12,Soviet,,kom_012
civ_ms_kommunist,vessels,Variant13,Soviet,,kom_013
civ_ms_kommunist,vessels,Variant14,Soviet,,kom_014
civ_ms_kommunist,vessels,Variant15,Soviet,,kom_015
civ_ms_kommunist,vessels,Variant16,Soviet,,kom_016
civ_ms_kommunist,vessels,Variant17,Soviet,,kom_017
civ_ms_kommunist,vessels,Variant18,Soviet,,kom_018
civ_ms_kommunist,vessels,Variant19,Soviet,,kom_019
civ_ms_kommunist,vessels,Variant20,Soviet,,kom_020
civ_ms_mairangi_bay,vessels,Default,UK,1978,transparent
civ_ms_mairangi_bay,vessels,Variant1,NewZealand,,civ_001
civ_ms_mairangi_bay,vessels,Variant2,UK,,mai_001
civ_ms_mairangi_bay,vessels,Variant3,UK,,mai_002
civ_ms_mairangi_bay,vessels,Variant4,UK,,mai_003
civ_ms_mairangi_bay,vessels,Variant5,UK,,mai_004
civ_ms_mairangi_bay,vessels,Variant6,UK,,mai_005
civ_ms_mairangi_bay,vessels,Variant7,UK,,mai_006
civ_ms_mairangi_bay,vessels,Variant8,UK,,mai_007
civ_ms_mairangi_bay,vessels,Variant9,UK,,mai_008
civ_ms_mairangi_bay,vessels,Variant10,UK,,mai_009
civ_ms_mairangi_bay,vessels,Variant11,UK,,mai_010
civ_ms_mairangi_bay,vessels,Variant12,UK,,mai_011
civ_ms_mairangi_bay,vessels,Variant13,Australia,,mai_012
civ_ms_mairangi_bay,vessels,Variant14,Australia,,mai_013
civ_ms_mairangi_bay,vessels,Variant15,Japan,,mai_014
civ_ms_mairangi_bay,vessels,Variant16,Japan,,mai_015
civ_ms_mairangi_bay,vessels,Variant17,Japan,,mai_016
civ_ms_mairangi_bay,vessels,Variant18,Australia,,mai_017
civ_ms_mairangi_bay,vessels,Variant19,Netherlands,,mai_018
civ_ms_mairangi_bay,vessels,Variant20,UK,,mai_019
civ_ms_mairangi_bay,vessels,Variant21,UK,,mai_020
civ_ms_mairangi_bay,vessels,Variant22,UK,,mai_021
civ_ms_mairangi_bay,vessels,Variant23,US,,mai_022
civ_ms_mairangi_bay,vessels,Variant24,US,,mai_023
civ_ms_mairangi_bay,vessels,Variant25,US,,mai_024
civ_ms_mairangi_bay,vessels,Variant26,US,,mai_025
civ_ms_mairangi_bay,vessels,Variant27,US,,mai_026
civ_ms_mairangi_bay,vessels,Variant28,Israel,,mai_027
civ_ms_mairangi_bay,vessels,Variant29,Israel,,mai_028
civ_ms_mairangi_bay,vessels,Variant30,Israel,,mai_029
civ_ms_mairangi_bay,vessels,Variant31,Germany,,mai_031
civ_ms_mairangi_bay,vessels,Variant32,Germany,,mai_032
civ_ms_mairangi_bay,vessels,Variant33,Germany,,mai_033
civ_ms_mairangi_bay,vessels,Variant34,Germany,,mai_034
civ_ms_mairangi_bay,vessels,Variant35,Germany,,mai_035
civ_ms_mairangi_bay,vessels,Variant36,Germany,,mai_036
civ_ms_mairangi_bay,vessels,Variant37,Germany,,mai_037
civ_ms_mairangi_bay,vessels,Variant38,US,,mai_038
civ_ms_mairangi_bay,vessels,Variant39,US,,mai_039
civ_ms_mairangi_bay,vessels,Variant40,US,,mai_040
civ_ms_mairangi_bay,vessels,Variant41,US,,mai_041
civ_ms_mairangi_bay,vessels,Variant42,US,,mai_042
civ_ms_mairangi_bay,vessels,Variant43,US,,mai_043
civ_ms_mairangi_bay,vessels,Variant44,US,,mai_044
civ_ms_mairangi_bay,vessels,Variant45,US,,mai_045
civ_ms_mairangi_bay,vessels,Variant46,US,,mai_046
civ_ms_mairangi_bay,vessels,Variant47,US,,mai_047
civ_ms_mairangi_bay,vessels,Variant48,UK,,mai_048
civ_ms_mercur,vessels,Default,Soviet,1975,transparent
civ_ms_mercur,vessels,Variant1,Soviet,,merc_001
civ_ms_mercur,vessels,Variant2,Soviet,,merc_002
civ_ms_mercur,vessels,Variant3,Soviet,,merc_003
civ_ms_mercur,vessels,Variant4,Soviet,,merc_004
civ_ms_mercur,vessels,Variant5,Soviet,,merc_005
civ_ms_mercur,vessels,Variant6,Soviet,,merc_006
civ_ms_mercur,vessels,Variant7,Soviet,,merc_007
civ_ms_mercur,vessels,Variant8,Soviet,,merc_008
civ_ms_mercur,vessels,Variant9,Soviet,,merc_009
civ_ms_mercur,vessels,Variant10,Soviet,,merc_010
civ_ms_metallurg_anosov,vessels,Default,Soviet,1959|1994,transparent
civ_ms_metallurg_anosov,vessels,Variant1,Soviet,,met_001
civ_ms_metallurg_anosov,vessels,Variant2,Soviet,,met_002
civ_ms_metallurg_anosov,vessels,Variant3,Soviet,,met_003
civ_ms_metallurg_anosov,vessels,Variant4,Soviet,,met_004
civ_ms_metallurg_anosov,vessels,Variant5,Soviet,,met_005
civ_ms_metallurg_anosov,vessels,Variant6,Soviet,,met_006
civ_ms_metallurg_anosov,vessels,Variant7,Soviet,,met_007
civ_ms_metallurg_anosov,vessels,Variant8,Soviet,,met_008
civ_ms_metallurg_anosov,vessels,Variant9,Soviet,,met_009
civ_ms_metallurg_anosov,vessels,Variant10,Soviet,,met_010
civ_ms_metallurg_anosov,vessels,Variant11,Soviet,,met_011
civ_ms_metallurg_anosov,vessels,Variant12,Soviet,,met_012
civ_ms_metallurg_anosov,vessels,Variant13,Soviet,,met_013
civ_ms_metallurg_anosov,vessels,Variant14,Soviet,,met_014
civ_ms_metallurg_anosov,vessels,Variant15,Soviet,,met_015
civ_ms_metallurg_anosov,vessels,Variant16,Soviet,,met_016
civ_ms_metallurg_anosov,vessels,Variant17,Soviet,,met_017
civ_ms_metallurg_anosov,vessels,Variant18,Soviet,,met_018
civ_ms_metallurg_anosov,vessels,Variant19,Soviet,,met_019
civ_ms_metallurg_anosov,vessels,Variant20,Soviet,,met_020
civ_ms_metallurg_anosov,vessels,Variant21,Soviet,,met_021
civ_ms_metallurg_anosov,vessels,Variant22,Soviet,,met_022
civ_ms_metallurg_anosov,vessels,Variant23,Soviet,,met_023
civ_ms_murom,vessels,Default,Soviet,1961,transparent
civ_ms_murom,vessels,Variant1,Soviet,,mur_001
civ_ms_murom,vessels,Variant2,Soviet,,mur_002
civ_ms_murom,vessels,Variant3,Soviet,,mur_003
civ_ms_murom,vessels,Variant4,Soviet,,mur_004
civ_ms_murom,vessels,Variant5,Soviet,,mur_005
civ_ms_murom,vessels,Variant6,Soviet,,mur_006
civ_ms_murom,vessels,Variant7,Soviet,,mur_007
civ_ms_murom,vessels,Variant8,Soviet,,mur_008
civ_ms_murom,vessels,Variant9,Soviet,,mur_009
civ_ms_murom,vessels,Variant10,Soviet,,mur_010
civ_ms_murom,vessels,Variant11,Soviet,,mur_011
civ_ms_murom,vessels,Variant12,Soviet,,mur_012
civ_ms_murom,vessels,Variant13,Soviet,,mur_013
civ_ms_murom,vessels,Variant14,Soviet,,mur_014
civ_ms_murom,vessels,Variant15,Soviet,,mur_015
civ_ms_murom,vessels,Variant16,Soviet,,mur_016
civ_ms_murom,vessels,Variant17,Soviet,,mur_017
civ_ms_murom,vessels,Variant18,Soviet,,mur_018
civ_ms_murom,vessels,Variant19,Soviet,,mur_019
civ_ms_murom,vessels,Variant20,Soviet,,mur_020
civ_ms_murom,vessels,Variant21,Soviet,,mur_021
civ_ms_murom,vessels,Variant22,Soviet,,mur_022
civ_ms_murom,vessels,Variant23,Soviet,,mur_023
civ_ms_murom,vessels,Variant24,Soviet,,mur_024
civ_ms_murom,vessels,Variant25,Soviet,,mur_025
civ_ms_murom,vessels,Variant26,Soviet,,mur_026
civ_ms_murom,vessels,Variant27,Soviet,,mur_027
civ_ms_murom,vessels,Variant28,Soviet,,mur_028
civ_ms_murom,vessels,Variant29,Soviet,,mur_029
civ_ms_murom,vessels,Variant30,Soviet,,mur_030
civ_ms_poltava,vessels,Default,Soviet,1962,transparent
civ_ms_poltava,vessels,Variant1,Soviet,,pol_001
civ_ms_poltava,vessels,Variant2,Soviet,,pol_002
civ_ms_poltava,vessels,Variant3,Soviet,,pol_003
civ_ms_poltava,vessels,Variant4,Soviet,,pol_004
civ_ms_poltava,vessels,Variant5,Soviet,,pol_005
civ_ms_poltava,vessels,Variant6,Soviet,,pol_006
civ_ms_poltava,vessels,Variant7,Soviet,,pol_007
civ_ms_poltava,vessels,Variant8,Soviet,,pol_008
civ_ms_poltava,vessels,Variant9,Soviet,,pol_009
civ_ms_poltava,vessels,Variant10,Soviet,,pol_010
civ_ms_poltava,vessels,Variant11,Soviet,,pol_011
civ_ms_poltava,vessels,Variant12,Soviet,,pol_012
civ_ms_poltava,vessels,Variant13,Soviet,,pol_013
civ_ms_poltava,vessels,Variant14,Soviet,,pol_014
civ_ms_poltava,vessels,Variant15,Soviet,,pol_015
civ_ms_poltava,vessels,Variant16,Soviet,,pol_016
civ_ms_poltava,vessels,Variant17,Soviet,,pol_017
civ_ms_poltava,vessels,Variant18,Soviet,,pol_018
civ_ms_poltava,vessels,Variant19,Soviet,,pol_019
civ_ms_poltava,vessels,Variant20,Soviet,,pol_020
civ_ms_poltava,vessels,Variant21,Soviet,,pol_021
civ_ms_poltava,vessels,Variant22,Greece,,pol_022
civ_ms_poltava,vessels,Variant23,Greece,,pol_023
civ_ms_poltava,vessels,Variant24,Greece,,pol_024
civ_ms_poltava,vessels,Variant25,Greece,,pol_025
civ_ms_poltava,vessels,Variant26,Greece,,pol_026
civ_ms_poltava,vessels,Variant27,Pakistan,,pol_027
civ_ms_poltava,vessels,Variant28,Kuwait,,pol_028
civ_ms_poltava,vessels,Variant29,Kuwait,,pol_029
civ_ms_poltava,vessels,Variant30,Kuwait,,pol_030
civ_ms_poltava,vessels,Variant31,Kuwait,,pol_031
civ_ms_poltava,vessels,Variant32,Kuwait,,pol_032
civ_ms_poltava,vessels,Variant33,Kuwait,,pol_033
civ_ms_poltava,vessels,Variant34,Kuwait,,pol_034
civ_ms_poltava,vessels,Variant35,Kuwait,,pol_035
civ_ms_poltava,vessels,Variant36,Kuwait,,pol_036
civ_ms_poltava,vessels,Variant37,Kuwait,,pol_037
civ_ms_poltava,vessels,Variant38,Kuwait,,pol_038
civ_ms_poltava,vessels,Variant39,Kuwait,,pol_039
civ_ms_poltava,vessels,Variant40,Kuwait,,pol_040
civ_ms_poltava,vessels,Variant41,Iraq,,pol_041
civ_ms_poltava,vessels,Variant42,Iraq,,pol_042
civ_ms_poltava,vessels,Variant43,Iraq,,pol_043
civ_ms_poltava,vessels,Variant44,Iraq,,pol_044
civ_ms_poltava,vessels,Variant45,Hungary,,pol_045
civ_ms_poltava,vessels,Variant46,India,,pol_046
civ_ms_poltava,vessels,Variant47,India,,pol_047
civ_ms_poltava,vessels,Variant48,India,,pol_048
civ_ms_poltava,vessels,Variant49,India,,pol_049
civ_ms_poltava,vessels,Variant50,Germany,,pol_050
civ_ms_poltava,vessels,Variant51,Germany,,pol_051
civ_ms_poltava,vessels,Variant52,Germany,,pol_052
civ_ms_poltava,vessels,Variant53,Germany,,pol_053
civ_ms_poltava,vessels,Variant54,Germany,,pol_054
civ_ms_poltava,vessels,Variant55,Germany,,pol_055
civ_ms_poltava,vessels,Variant56,Germany,,pol_056
civ_ms_poltava,vessels,Variant57,Germany,,pol_057
civ_ms_poltava,vessels,Variant58,Panama,,pol_058
civ_ms_poltava,vessels,Variant59,Panama,,pol_059
civ_ms_poltava,vessels,Variant60,Panama,,pol_060
civ_ms_poltava,vessels,Variant61,Panama,,pol_061
civ_ms_poltava,vessels,Variant62,Panama,,pol_062
civ_ms_poltava,vessels,Variant63,Panama,,pol_063
civ_ms_poltava,vessels,Variant64,Singapore,,pol_064
civ_ms_poltava,vessels,Variant65,Singapore,,pol_065
civ_ms_poltava,vessels,Variant66,Liberia,,pol_066
civ_ms_poltava,vessels,Variant67,Liberia,,pol_067
civ_ms_poltava,vessels,Variant68,Liberia,,pol_068
civ_ms_poltava,vessels,Variant69,Cyprus,,pol_069
civ_ms_poltava,vessels,Variant70,Cyprus,,pol_070
civ_ms_poltava,vessels,Variant71,Cyprus,,pol_071
civ_ms_poltava,vessels,Variant72,Cyprus,,pol_072
civ_ms_poltava,vessels,Variant73,Cyprus,,pol_073
civ_ms_poltava,vessels,Variant74,Cyprus,,pol_074
civ_ms_poltava,vessels,Variant75,Cyprus,,pol_075
civ_ms_poltava,vessels,Variant76,Malta,,pol_076
civ_ms_poltava,vessels,Variant77,Malta,,pol_077
civ_ms_poltava,vessels,Variant78,Hungary,,pol_078
civ_ms_poltava,vessels,Variant79,Malta,,pol_079
civ_ms_ritina,vessels,Default,Japan,1974,transparent
civ_ms_ritina,vessels,Variant1,Italy,,ritina_001
civ_ms_ritina,vessels,Variant2,Italy,,ritina_002
civ_ms_ritina,vessels,Variant3,Italy,,ritina_003
civ_ms_ritina,vessels,Variant4,Italy,,ritina_004
civ_ms_ritina,vessels,Variant5,Italy,,ritina_005
civ_ms_ritina,vessels,Variant6,Italy,,ritina_006
civ_ms_ritina,vessels,Variant7,Italy,,ritina_007
civ_ms_ritina,vessels,Variant8,Italy,,ritina_008
civ_ms_ritina,vessels,Variant9,Italy,,ritina_009
civ_ms_ritina,vessels,Variant10,Italy,,ritina_010
civ_ms_ritina,vessels,Variant11,Italy,,ritina_011
civ_ms_ritina,vessels,Variant12,Italy,,ritina_012
civ_ms_ritina,vessels,Variant13,Italy,,ritina_013
civ_ms_ritina,vessels,Variant14,Italy,,ritina_014
civ_ms_ritina,vessels,Variant15,Italy,,ritina_015
civ_ms_ritina,vessels,Variant16,Italy,,ritina_016
civ_ms_ritina,vessels,Variant17,Italy,,ritina_017
civ_ms_ritina,vessels,Variant18,Italy,,ritina_018
civ_ms_ritina,vessels,Variant19,Italy,,ritina_019
civ_ms_ritina,vessels,Variant20,Japan,,ritina_020
civ_ms_ritina,vessels,Variant21,Japan,,ritina_021
civ_ms_ritina,vessels,Variant22,Japan,,ritina_022
civ_ms_ritina,vessels,Variant23,Japan,,ritina_023
civ_ms_ritina,vessels,Variant24,Japan,,ritina_024
civ_ms_ritina,vessels,Variant25,Japan,,ritina_025
civ_ms_ritina,vessels,Variant26,Japan,,ritina_026
civ_ms_ritina,vessels,Variant27,Japan,,ritina_027
civ_ms_ritina,vessels,Variant28,Japan,,ritina_028
civ_ms_ritina,vessels,Variant29,Japan,,ritina_029
civ_ms_ritina,vessels,Variant30,Japan,,ritina_030
civ_ms_ritina,vessels,Variant31,Japan,,ritina_031
civ_ms_ritina,vessels,Variant32,Japan,,ritina_032
civ_ms_ritina,vessels,Variant33,Liberia,,ritina_033
civ_ms_ritina,vessels,Variant34,Liberia,,ritina_034
civ_ms_ritina,vessels,Variant35,Liberia,,ritina_035
civ_ms_ritina,vessels,Variant36,Liberia,,ritina_036
civ_ms_ritina,vessels,Variant37,Liberia,,ritina_037
civ_ms_ritina,vessels,Variant38,Liberia,,ritina_038
civ_ms_ritina,vessels,Variant39,Liberia,,ritina_039
civ_ms_ritina,vessels,Variant40,Japan,,ritina_040
civ_ms_ritina,vessels,Variant41,Japan,,ritina_041
civ_ms_ritina,vessels,Variant42,Japan,,ritina_042
civ_ms_ritina,vessels,Variant43,Japan,,ritina_043
civ_ms_ritina,vessels,Variant44,Japan,,ritina_044
civ_ms_ritina,vessels,Variant45,Liberia,,ritina_045
civ_ms_ritina,vessels,Variant46,Liberia,,ritina_046
civ_ms_ritina,vessels,Variant47,Liberia,,ritina_047
civ_ms_ritina,vessels,Variant48,Liberia,,ritina_048
civ_ms_ritina,vessels,Variant49,Liberia,,ritina_049
civ_ms_ritina,vessels,Variant50,Liberia,,ritina_050
civ_ms_ritina,vessels,Variant51,Liberia,,ritina_051
civ_ms_ritina,vessels,Variant52,Liberia,,ritina_052
civ_ms_ritina,vessels,Variant53,Liberia,,ritina_053
civ_ms_ritina,vessels,Variant54,Liberia,,ritina_054
civ_ms_ritina,vessels,Variant55,Liberia,,ritina_055
civ_ms_ritina,vessels,Variant56,Liberia,,ritina_056
civ_ms_ritina,vessels,Variant57,Liberia,,ritina_057
civ_ms_ritina,vessels,Variant58,Liberia,,ritina_058
civ_ms_ritina,vessels,Variant59,Japan,,ritina_059
civ_ms_ritina,vessels,Variant60,Japan,,ritina_060
civ_ms_ritina,vessels,Variant61,Japan,,ritina_061
civ_ms_ritina,vessels,Variant62,Japan,,ritina_062
civ_ms_ritina,vessels,Variant63,Japan,,ritina_063
civ_ms_ritina,vessels,Variant64,Japan,,ritina_064
civ_ms_ritina,vessels,Variant65,Japan,,ritina_065
civ_ms_ritina,vessels,Variant66,Japan,,ritina_066
civ_ms_ritina,vessels,Variant67,Japan,,ritina_067
civ_ms_ritina,vessels,Variant68,Japan,,ritina_068
civ_ms_ritina,vessels,Variant69,Japan,,ritina_069
civ_ms_ritina,vessels,Variant70,Japan,,ritina_070
civ_ms_ritina,vessels,Variant71,Japan,,ritina_071
civ_ms_ritina,vessels,Variant72,Japan,,ritina_072
civ_ms_ritina,vessels,Variant73,Japan,,ritina_073
civ_ms_ritina,vessels,Variant74,Japan,,ritina_074
civ_ms_ritina,vessels,Variant75,Japan,,ritina_075
civ_ms_ritina,vessels,Variant76,France,,ritina_076
civ_ms_ritina,vessels,Variant77,France,,ritina_077
civ_ms_ritina,vessels,Variant78,France,,ritina_078
civ_ms_ritina,vessels,Variant79,France,,ritina_079
civ_ms_ritina,vessels,Variant80,France,,ritina_080
civ_ms_ritina,vessels,Variant81,France,,ritina_081
civ_ms_ritina,vessels,Variant82,France,,ritina_082
civ_ms_ritina,vessels,Variant83,France,,ritina_083
civ_ms_ritina,vessels,Variant84,France,,ritina_084
civ_ms_ritina,vessels,Variant85,France,,ritina_085
civ_ms_ritina,vessels,Variant86,France,,ritina_086
civ_ms_ritina,vessels,Variant87,France,,ritina_087
civ_ms_ritina,vessels,Variant88,France,,ritina_088
civ_ms_ritina,vessels,Variant89,Kuwait,,ritina_089
civ_ms_ritina,vessels,Variant90,UK,,ritina_090
civ_ms_ritina,vessels,Variant91,UK,,ritina_091
civ_ms_ritina,vessels,Variant92,UK,,ritina_092
civ_ms_ritina,vessels,Variant93,UK,,ritina_093
civ_ms_ritina,vessels,Variant94,UK,,ritina_094
civ_ms_ritina,vessels,Variant95,UK,,ritina_095
civ_ms_ritina,vessels,Variant96,UK,,ritina_096
civ_ms_ritina,vessels,Variant97,Liberia,,ritina_097
civ_ms_ritina,vessels,Variant98,Liberia,,ritina_098
civ_ms_ritina,vessels,Variant99,Liberia,,ritina_099
civ_ms_ritina,vessels,Variant100,Liberia,,ritina_100
civ_ms_ritina,vessels,Variant101,Liberia,,ritina_101
civ_ms_ritina,vessels,Variant102,Liberia,,ritina_102
civ_ms_ritina,vessels,Variant103,Liberia,,ritina_103
civ_ms_ritina,vessels,Variant104,Liberia,,ritina_104
civ_ms_ritina,vessels,Variant105,Liberia,,ritina_105
civ_ms_ritina,vessels,Variant106,Liberia,,ritina_106
civ_ms_ritina,vessels,Variant107,Liberia,,ritina_107
civ_ms_ritina,vessels,Variant108,Liberia,,ritina_108
civ_ms_ritina,vessels,Variant109,US,,ritina_109
civ_ms_ritina,vessels,Variant110,US,,ritina_110
civ_ms_ritina,vessels,Variant111,US,,ritina_111
civ_ms_ritina,vessels,Variant112,US,,ritina_112
civ_ms_ritina,vessels,Variant113,US,,ritina_113
civ_ms_ritina,vessels,Variant114,US,,ritina_114
civ_ms_ritina,vessels,Variant115,US,,ritina_115
civ_ms_ritina,vessels,Variant116,US,,ritina_116
civ_ms_ritina,vessels,Variant117,US,,ritina_117
civ_ms_ritina,vessels,Variant118,US,,ritina_118
civ_ms_ritina,vessels,Variant119,US,,ritina_119
civ_ms_ritina,vessels,Variant120,US,,ritina_120
civ_ms_ritina,vessels,Variant121,US,,ritina_121
civ_ms_roro_a,vessels,Default,US,1972,transparent
civ_ms_roro_a,vessels,Variant1,Norway,,roro_a_001
civ_ms_roro_a,vessels,Variant2,Norway,,roro_a_002
civ_ms_roro_a,vessels,Variant3,Norway,,roro_a_003
civ_ms_roro_a,vessels,Variant4,Norway,,roro_a_004
civ_ms_roro_a,vessels,Variant5,Norway,,roro_a_005
civ_ms_roro_a,vessels,Variant6,US,,roro_a_006
civ_ms_roro_a,vessels,Variant7,US,,roro_a_007
civ_ms_roro_a,vessels,Variant8,US,,roro_a_008
civ_ms_roro_a,vessels,Variant9,US,,roro_a_009
civ_ms_roro_a,vessels,Variant10,US,,roro_a_010
civ_ms_roro_a,vessels,Variant11,Soviet,,roro_a_011
civ_ms_roro_a,vessels,Variant12,Soviet,,roro_a_012
civ_ms_roro_a,vessels,Variant13,Soviet,,roro_a_013
civ_ms_roro_b,vessels,Default,Soviet,1975,transparent
civ_ms_roro_b,vessels,Variant1,Soviet,,roro_b_001
civ_ms_roro_b,vessels,Variant2,Soviet,,roro_b_002
civ_ms_roro_b,vessels,Variant3,Soviet,,roro_b_003
civ_ms_roro_b,vessels,Variant4,Soviet,,roro_b_004
civ_ms_roro_b,vessels,Variant5,Soviet,,roro_b_005
civ_ms_roro_b,vessels,Variant6,Soviet,,roro_b_006
civ_ms_roro_b,vessels,Variant7,Soviet,,roro_b_007
civ_ms_roro_b,vessels,Variant8,Soviet,,roro_b_008
civ_ms_roro_b,vessels,Variant9,Soviet,,roro_b_009
civ_ms_roro_b,vessels,Variant10,Soviet,,roro_b_010
civ_ms_roro_b,vessels,Variant11,Soviet,,roro_b_011
civ_ms_roro_b,vessels,Variant12,Soviet,,roro_b_012
civ_ms_roro_b,vessels,Variant13,Soviet,,roro_b_013
civ_ms_roro_b,vessels,Variant14,Soviet,,roro_b_014
civ_ms_roro_b,vessels,Variant15,Soviet,,roro_b_015
civ_ms_roro_b,vessels,Variant16,Soviet,,roro_b_016
civ_ms_roro_b,vessels,Variant17,Soviet,,roro_b_017
civ_ms_roro_b,vessels,Variant18,Soviet,,roro_b_018
civ_ms_roro_b,vessels,Variant19,Soviet,,roro_b_019
civ_ms_roro_b,vessels,Variant20,Soviet,,roro_b_020
civ_ms_roro_c,vessels,Default,US,1977,transparent
civ_ms_roro_c,vessels,Variant1,US,,usn_t-akr-10
civ_ms_roro_c,vessels,Variant2,US,,usn_t-akr-11
civ_ms_roro_c,vessels,Variant3,US,,usn_akr-5062
civ_ms_roro_c,vessels,Variant4,US,,usn_akr-5066
civ_ms_roro_c,vessels,Variant5,US,,usn_akr-5067
civ_ms_roro_c,vessels,Variant6,US,,usn_akr-5068
civ_ms_roro_c,vessels,Variant7,US,,usn_akr-5069
civ_ms_roro_c,vessels,Variant8,US,,usn_akr-5076
civ_ms_roro_c,vessels,Variant9,US,,usn_akr-5082
civ_ms_roro_c,vessels,Variant10,US,,usn_akr-5083
civ_ms_seabee,vessels,Default,US,1972,transparent
civ_ms_seabee,vessels,Variant1,US,,seabee_001
civ_ms_seabee,vessels,Variant2,US,,seabee_002
civ_ms_seabee,vessels,Variant3,US,,seabee_003
civ_ms_seabee,vessels,Variant4,US,,seabee_004
civ_ms_seabee,vessels,Variant5,US,,seabee_005
civ_ms_seabee,vessels,Variant6,US,,seabee_006
civ_ms_seabee,vessels,Variant7,Soviet,,seabee_007
civ_ms_seabee,vessels,Variant8,Soviet,,seabee_008
civ_ms_sealift_pacific,vessels,Default,US,1974,transparent
civ_ms_sealift_pacific,vessels,Variant1,US,,usn_t-aot-168
civ_ms_sealift_pacific,vessels,Variant2,US,,usn_t-aot-169
civ_ms_sealift_pacific,vessels,Variant3,US,,usn_t-aot-170
civ_ms_sealift_pacific,vessels,Variant4,US,,usn_t-aot-171
civ_ms_sealift_pacific,vessels,Variant5,US,,usn_t-aot-172
civ_ms_sealift_pacific,vessels,Variant6,US,,usn_t-aot-173
civ_ms_sealift_pacific,vessels,Variant7,US,,usn_t-aot-174
civ_ms_sealift_pacific,vessels,Variant8,US,,usn_t-aot-175
civ_ms_sealift_pacific,vessels,Variant9,US,,usn_t-aot-176
civ_ms_sealift_pacific,vessels,Variant10,US,,sealift_001
civ_ms_sealift_pacific,vessels,Variant11,US,,sealift_002
civ_ms_sealift_pacific,vessels,Variant12,US,,sealift_003
civ_ms_sealift_pacific,vessels,Variant13,US,,sealift_004
civ_ms_sealift_pacific,vessels,Variant14,US,,sealift_005
civ_ms_sealift_pacific,vessels,Variant15,US,,sealift_006
civ_ms_sealift_pacific,vessels,Variant16,US,,sealift_007
civ_ms_sealift_pacific,vessels,Variant17,US,,sealift_008
civ_ms_sealift_pacific,vessels,Variant18,US,,sealift_009
civ_ms_sealift_pacific,vessels,Variant19,US,,sealift_010
civ_ms_sealift_pacific,vessels,Variant20,US,,sealift_011
civ_ms_sealift_pacific,vessels,Variant21,US,,sealift_012
civ_ms_sealift_pacific,vessels,Variant22,US,,sealift_013
civ_ms_sealift_pacific,vessels,Variant23,US,,sealift_014
civ_ms_sealift_pacific,vessels,Variant24,US,,sealift_015
civ_ms_sealift_pacific,vessels,Variant25,US,,sealift_016
civ_ms_sealift_pacific,vessels,Variant26,US,,sealift_017
civ_ms_sealift_pacific,vessels,Variant27,US,,sealift_018
civ_ms_sealift_pacific,vessels,Variant28,US,,sealift_019
civ_ms_sealift_pacific,vessels,Variant29,US,,sealift_020
civ_ms_sealift_pacific,vessels,Variant30,US,,sealift_021
civ_ms_sealift_pacific,vessels,Variant31,US,,sealift_022
civ_ms_sealift_pacific,vessels,Variant32,US,,sealift_023
civ_ms_sealift_pacific,vessels,Variant33,US,,sealift_024
civ_ms_sealift_pacific,vessels,Variant34,US,,sealift_025
civ_ms_sealift_pacific,vessels,Variant35,US,,sealift_026
civ_ms_sealift_pacific,vessels,Variant36,US,,sealift_027
civ_ms_sealift_pacific,vessels,Variant37,US,,sealift_028
civ_ms_slavyansk,vessels,Default,Soviet,1967,transparent
civ_ms_slavyansk,vessels,Variant1,Soviet,,slav_001
civ_ms_slavyansk,vessels,Variant2,Soviet,,slav_002
civ_ms_slavyansk,vessels,Variant3,Soviet,,slav_003
civ_ms_slavyansk,vessels,Variant4,Soviet,,slav_004
civ_ms_slavyansk,vessels,Variant5,Soviet,,slav_005
civ_ms_slavyansk,vessels,Variant6,Soviet,,slav_006
civ_ms_slavyansk,vessels,Variant7,Soviet,,slav_007
civ_ms_slavyansk,vessels,Variant8,Soviet,,slav_008
civ_ms_slavyansk,vessels,Variant9,Soviet,,slav_009
civ_ms_slavyansk,vessels,Variant10,Soviet,,slav_010
civ_ms_slavyansk,vessels,Variant11,Soviet,,slav_011
civ_ms_slavyansk,vessels,Variant12,Soviet,,slav_012
civ_ms_slavyansk,vessels,Variant13,Soviet,,slav_013
civ_ms_slavyansk,vessels,Variant14,Soviet,,slav_014
civ_ms_slavyansk,vessels,Variant15,Soviet,,slav_015
civ_ms_slavyansk,vessels,Variant16,Soviet,,slav_016
civ_ms_slavyansk,vessels,Variant17,Soviet,,slav_017
civ_ms_slavyansk,vessels,Variant18,Soviet,,slav_018
civ_ms_slavyansk,vessels,Variant19,Soviet,,slav_019
civ_ms_slavyansk,vessels,Variant20,Soviet,,slav_020
civ_ms_slavyansk,vessels,Variant21,Soviet,,slav_021
civ_ms_slavyansk,vessels,Variant22,Soviet,,slav_022
civ_ms_slavyansk,vessels,Variant23,Soviet,,slav_023
civ_ms_slavyansk,vessels,Variant24,Soviet,,slav_024
civ_ms_slavyansk,vessels,Variant25,Soviet,,slav_025
civ_ms_slavyansk,vessels,Variant26,Soviet,,slav_026
civ_ms_slavyansk,vessels,Variant27,Soviet,,slav_027
civ_ms_slavyansk,vessels,Variant28,Soviet,,slav_028
civ_ms_slavyansk,vessels,Variant29,Soviet,,slav_029
civ_ms_slavyansk,vessels,Variant30,Soviet,,slav_030
civ_ms_slavyansk,vessels,Variant31,Soviet,,slav_031
civ_ms_slavyansk,vessels,Variant32,Soviet,,slav_032
civ_ms_slavyansk,vessels,Variant33,Soviet,,slav_033
civ_ms_super_p,vessels,Default,US,1967,transparent
civ_ms_super_p,vessels,Variant1,Liberia,,super_p_001
civ_ms_super_p,vessels,Variant2,Liberia,,super_p_002
civ_ms_super_p,vessels,Variant3,Liberia,,super_p_003
civ_ms_super_p,vessels,Variant4,Liberia,,super_p_004
civ_ms_super_p,vessels,Variant5,Liberia,,super_p_005
civ_ms_super_p,vessels,Variant6,Liberia,,super_p_006
civ_ms_super_p,vessels,Variant7,Liberia,,super_p_007
civ_ms_super_p,vessels,Variant8,Liberia,,super_p_008
civ_ms_super_p,vessels,Variant9,UK,,super_p_009
civ_ms_super_p,vessels,Variant10,UK,,super_p_010
civ_ms_super_p,vessels,Variant11,UK,,super_p_011
civ_ms_super_p,vessels,Variant12,UK,,super_p_012
civ_ms_super_p,vessels,Variant13,UK,,super_p_013
civ_ms_super_p,vessels,Variant14,UK,,super_p_014
civ_ms_super_p,vessels,Variant15,UK,,super_p_015
civ_ms_super_p,vessels,Variant16,UK,,super_p_016
civ_ms_yuniy_partizan,vessels,Default,Soviet,1974,transparent
civ_ms_yuniy_partizan,vessels,Variant1,Soviet,,yuniy_001
civ_ms_yuniy_partizan,vessels,Variant2,Soviet,,yuniy_002
civ_ms_yuniy_partizan,vessels,Variant3,Soviet,,yuniy_003
civ_ms_yuniy_partizan,vessels,Variant4,Soviet,,yuniy_004
civ_ms_yuniy_partizan,vessels,Variant5,Soviet,,yuniy_005
civ_ms_yuniy_partizan,vessels,Variant6,Soviet,,yuniy_006
civ_ms_yuniy_partizan,vessels,Variant7,Soviet,,yuniy_007
civ_ms_yuniy_partizan,vessels,Variant8,Soviet,,yuniy_008
civ_ms_yuniy_partizan,vessels,Variant9,Soviet,,yuniy_009
civ_ms_yuniy_partizan,vessels,Variant10,Soviet,,yuniy_010
civ_ms_yuniy_partizan,vessels,Variant11,Soviet,,yuniy_011
civ_ms_yuniy_partizan,vessels,Variant12,Soviet,,yuniy_012
civ_ms_yuniy_partizan,vessels,Variant13,Soviet,,yuniy_013
civ_ms_yuniy_partizan,vessels,Variant14,Soviet,,yuniy_014
civ_ms_yuniy_partizan,vessels,Variant15,Soviet,,yuniy_015
civ_ms_yuniy_partizan,vessels,Variant16,Soviet,,yuniy_016
civ_ms_yuniy_partizan,vessels,Variant17,Soviet,,yuniy_017
civ_ms_yuniy_partizan,vessels,Variant18,Soviet,,yuniy_018
civ_ms_yuniy_partizan,vessels,Variant19,Soviet,,yuniy_019
civ_ms_yuniy_partizan,vessels,Variant20,Soviet,,yuniy_020
civ_ms_yuniy_partizan,vessels,Variant21,Soviet,,yuniy_021
civ_ms_yuniy_partizan,vessels,Variant22,Soviet,,yuniy_022
civ_ms_yuniy_partizan,vessels,Variant23,Soviet,,yuniy_023
civ_ms_yuniy_partizan,vessels,Variant24,Soviet,,yuniy_024
civ_ms_yuniy_partizan,vessels,Variant25,Soviet,,yuniy_025
civ_ms_yuniy_partizan,vessels,Variant26,Soviet,,yuniy_026
civ_ms_yuniy_partizan,vessels,Variant27,Soviet,,yuniy_027
civ_ms_yuniy_partizan,vessels,Variant28,Soviet,,yuniy_028
civ_ms_yuniy_partizan,vessels,Variant29,Soviet,,yuniy_029
civ_ms_yuniy_partizan,vessels,Variant30,Soviet,,yuniy_030
civ_ms_yuniy_partizan,vessels,Variant31,Soviet,,yuniy_031
civ_ms_yuniy_partizan,vessels,Variant32,Soviet,,yuniy_032
civ_ms_yuniy_partizan,vessels,Variant33,Soviet,,yuniy_033
civ_ms_yuniy_partizan,vessels,Variant34,Soviet,,yuniy_034
civ_ms_yuniy_partizan,vessels,Variant35,Soviet,,yuniy_035
civ_ms_yuniy_partizan,vessels,Variant36,Soviet,,yuniy_036
civ_ms_yuniy_partizan,vessels,Variant37,Soviet,,yuniy_037
civ_ms_yuniy_partizan,vessels,Variant38,Soviet,,yuniy_038
civ_ms_yuniy_partizan,vessels,Variant39,Soviet,,yuniy_039
civ_ms_yuniy_partizan,vessels,Variant40,Soviet,,yuniy_040
civ_ms_yuniy_partizan,vessels,Variant41,Soviet,,yuniy_041
civ_ms_yuniy_partizan,vessels,Variant42,Soviet,,yuniy_042
civ_ms_yuniy_partizan,vessels,Variant43,Soviet,,yuniy_043
civ_ms_yuniy_partizan,vessels,Variant44,Norway,,yuniy_044
civ_ms_yuniy_partizan,vessels,Variant45,Norway,,yuniy_045
civ_ms_yuniy_partizan,vessels,Variant46,Norway,,yuniy_046
civ_ms_yuniy_partizan,vessels,Variant47,Norway,,yuniy_047
civ_ms_yuniy_partizan,vessels,Variant48,Norway,,yuniy_048
civ_ms_yuniy_partizan,vessels,Variant49,Netherlands,,yuniy_049
civ_ms_yuniy_partizan,vessels,Variant50,Netherlands,,yuniy_050
civ_ms_yuniy_partizan,vessels,Variant51,Netherlands,,yuniy_051
civ_ms_yuniy_partizan,vessels,Variant52,Sweden,,yuniy_052
civ_ms_yuniy_partizan,vessels,Variant53,Sweden,,yuniy_053
civ_ms_yuniy_partizan,vessels,Variant54,France,,yuniy_054
civ_ms_yuniy_partizan,vessels,Variant55,Italy,,yuniy_055
civ_ms_yuniy_partizan,vessels,Variant56,Italy,,yuniy_056
civ_ms_yuniy_partizan,vessels,Variant57,Italy,,yuniy_057
civ_ms_yuniy_partizan,vessels,Variant58,Italy,,yuniy_058
civ_ms_yuniy_partizan,vessels,Variant59,Italy,,yuniy_059
civ_ms_yuniy_partizan,vessels,Variant60,Italy,,yuniy_060
civ_ms_yuniy_partizan,vessels,Variant61,Italy,,yuniy_061
civ_ms_yuniy_partizan,vessels,Variant62,Greece,,yuniy_062
civ_ms_yuniy_partizan,vessels,Variant63,Brazil,,yuniy_063
civ_ms_yuniy_partizan,vessels,Variant64,Brazil,,yuniy_064
civ_ms_yuniy_partizan,vessels,Variant65,Brazil,,yuniy_065
civ_ms_yuniy_partizan,vessels,Variant66,Brazil,,yuniy_066
civ_ms_yuniy_partizan,vessels,Variant67,Brazil,,yuniy_067
es_ffg_baleares,vessels,Default,Spain,1973|2005,transparent
es_ffg_baleares,vessels,Variant1,Spain,1973|2005,es_f71
es_ffg_baleares,vessels,Variant2,Spain,1974|2006,es_f72
es_ffg_baleares,vessels,Variant3,Spain,1975|2004,es_f73
es_ffg_baleares,vessels,Variant4,Spain,1975|2009,es_f74
es_ffg_baleares,vessels,Variant5,Spain,1976|2006,es_f75
es_ss_galerna,vessels,Default,Spain,1983|2026,transparent
es_ss_galerna,vessels,Variant1,Spain,1983|2026,
es_ss_galerna,vessels,Variant2,Spain,1983|2012,
es_ss_galerna,vessels,Variant3,Spain,1985|2020,
es_ss_galerna,vessels,Variant4,Spain,1985|2024,
es_ssk_delfin,vessels,Default,Spain,1973|2003,transparent
es_ssk_delfin,vessels,Variant1,Spain,1973|2003,Daphne_S61
es_ssk_delfin,vessels,Variant2,Spain,1973|2005,Daphne_S62
es_ssk_delfin,vessels,Variant3,Spain,1975|2006,Daphne_S63
es_ssk_delfin,vessels,Variant4,Spain,1975|2003,Daphne_S64
fgs_ddg_lutjens,vessels,Default,Germany,1969|2003,transparent
fgs_ddg_lutjens,vessels,Variant1,Germany,1969|2003,fgs_d-185
fgs_ddg_lutjens,vessels,Variant2,Germany,1969|2003,fgs_d-186
fgs_ddg_lutjens,vessels,Variant3,Germany,1970|1998,fgs_d-187
fgs_ptg_tiger,vessels,Default,Germany,1973|2000,transparent
fgs_ptg_tiger,vessels,Variant1,Germany,,fgs_p6141
fgs_ptg_tiger,vessels,Variant2,Germany,,fgs_p6142
fgs_ptg_tiger,vessels,Variant3,Germany,,fgs_p6143
fgs_ptg_tiger,vessels,Variant4,Germany,,fgs_p6144
fgs_ptg_tiger,vessels,Variant5,Germany,,fgs_p6145
fgs_ptg_tiger,vessels,Variant6,Germany,,fgs_p6146
fgs_ptg_tiger,vessels,Variant7,Germany,,fgs_p6147
fgs_ptg_tiger,vessels,Variant8,Germany,,fgs_p6148
fgs_ptg_tiger,vessels,Variant9,Germany,,fgs_p6149
fgs_ptg_tiger,vessels,Variant10,Germany,,fgs_p6150
fgs_ptg_tiger,vessels,Variant11,Germany,,fgs_p6151
fgs_ptg_tiger,vessels,Variant12,Germany,,fgs_p6152
fgs_ptg_tiger,vessels,Variant13,Germany,,fgs_p6153
fgs_ptg_tiger,vessels,Variant14,Germany,,fgs_p6154
fgs_ptg_tiger,vessels,Variant15,Germany,,fgs_p6155
fgs_ptg_tiger,vessels,Variant16,Germany,,fgs_p6156
fgs_ptg_tiger,vessels,Variant17,Germany,,fgs_p6157
fgs_ptg_tiger,vessels,Variant18,Germany,,fgs_p6158
fgs_ptg_tiger,vessels,Variant19,Germany,,fgs_p6159
fgs_ptg_tiger,vessels,Variant20,Germany,,fgs_p6160
fgs_ss_type_205,vessels,Default,Germany,1962|2000,transparent
fgs_ss_type_205,vessels,Variant1,Germany,,transparent
fgs_ss_type_205,vessels,Variant2,Germany,,transparent
fgs_ss_type_205,vessels,Variant3,Germany,,transparent
fgs_ss_type_205,vessels,Variant4,Germany,,transparent
fgs_ss_type_205,vessels,Variant5,Germany,,transparent
fgs_ss_type_205,vessels,Variant6,Germany,,transparent
fgs_ss_type_205,vessels,Variant7,Denmark,1970|2003,transparent
fgs_ss_type_205,vessels,Variant8,Denmark,1970|2004,transparent
fgs_ss_type_206,vessels,Default,Germany,1973|2011,transparent
fgs_ss_type_206,vessels,Variant1,Germany,,transparent
fgs_ss_type_206,vessels,Variant2,Germany,,transparent
fgs_ss_type_206,vessels,Variant3,Germany,,transparent
fgs_ss_type_206,vessels,Variant4,Germany,,transparent
fgs_ss_type_206,vessels,Variant5,Germany,,transparent
fgs_ss_type_206,vessels,Variant6,Germany,,transparent
fgs_ss_type_206,vessels,Variant7,Germany,,transparent
fgs_ss_type_206,vessels,Variant8,Germany,,transparent
fgs_ss_type_206,vessels,Variant9,Germany,,transparent
fgs_ss_type_206,vessels,Variant10,Germany,,transparent
fgs_ss_type_206,vessels,Variant11,Germany,,transparent
fgs_ss_type_206,vessels,Variant12,Germany,,transparent
fgs_ss_type_206,vessels,Variant13,Germany,,transparent
fgs_ss_type_206,vessels,Variant14,Germany,,transparent
fgs_ss_type_206,vessels,Variant15,Germany,,transparent
fgs_ss_type_206,vessels,Variant16,Germany,,transparent
fgs_ss_type_206,vessels,Variant17,Germany,,transparent
fgs_ss_type_206,vessels,Variant18,Germany,,transparent
fr_ss_agosta,vessels,Default,France,1977|2026,transparent
fr_ss_agosta,vessels,Variant1,France,1977|1997,
fr_ss_agosta,vessels,Variant2,France,1977|1998,
fr_ss_agosta,vessels,Variant3,France,1978|1998,
fr_ss_agosta,vessels,Variant4,France,1978|2001,
fr_ss_daphne,vessels,Default,France,1964|1996,transparent
fr_ss_daphne,vessels,Variant1,France,1964|1989,fr_s641
fr_ss_daphne,vessels,Variant2,France,1964|1988,fr_s642
fr_ss_daphne,vessels,Variant3,France,1964|1994,fr_s643
fr_ss_daphne,vessels,Variant4,France,1964|1989,fr_s645
fr_ss_daphne,vessels,Variant5,France,1964|1991,fr_s646
fr_ss_daphne,vessels,Variant6,France,1966|1996,fr_s648
fr_ss_daphne,vessels,Variant7,France,1966|1990,fr_s649
fr_ss_daphne,vessels,Variant8,France,1970|1996,fr_s650
fr_ss_daphne,vessels,Variant9,France,1970|1996,fr_s651
ins_ff_blackwood,vessels,Default,India,1955|1988,transparent
ins_ff_blackwood,vessels,Variant1,India,,ins_f-149
ins_ff_blackwood,vessels,Variant2,India,,ins_f-144
ins_ff_blackwood,vessels,Variant3,India,,ins_f-146
ins_pt_saar,vessels,Default,Israel,1967|1996,transparent
ins_pt_saar,vessels,Variant1,Israel,,transparent
ins_pt_saar,vessels,Variant2,Israel,,transparent
ins_pt_saar,vessels,Variant3,Israel,,transparent
ins_pt_saar,vessels,Variant4,Israel,,transparent
ins_pt_saar,vessels,Variant5,Israel,,transparent
ins_pt_saar,vessels,Variant6,Israel,,transparent
ins_pt_saar,vessels,Variant7,Israel,,transparent
ins_pt_saar,vessels,Variant8,Israel,,transparent
ins_pt_saar,vessels,Variant9,Israel,,transparent
ins_pt_saar,vessels,Variant10,Israel,,transparent
ins_pt_saar,vessels,Variant11,Israel,,transparent
ins_pt_saar,vessels,Variant12,Israel,,transparent
ins_ptg_aliya,vessels,Default,Israel,1980|2004,transparent
ins_ptg_aliya,vessels,Variant1,Israel,,transparent
ins_ptg_aliya,vessels,Variant2,Israel,,transparent
ins_ptg_hetz,vessels,Default,Israel,1981,transparent
ins_ptg_hetz,vessels,Variant1,Israel,1981,transparent
ins_ptg_hetz,vessels,Variant2,Israel,1982,transparent
ins_ptg_saar_2,vessels,Default,Israel,1967|1997,transparent
ins_ptg_saar_2,vessels,Variant1,Israel,,transparent
ins_ptg_saar_2,vessels,Variant2,Israel,,transparent
ins_ptg_saar_2,vessels,Variant3,Israel,,transparent
ins_ptg_saar_2,vessels,Variant4,Israel,,transparent
ins_ptg_saar_2,vessels,Variant5,Israel,,transparent
ins_ptg_saar_2,vessels,Variant6,Israel,,transparent
ins_ptg_saar_3,vessels,Default,Israel,1969|1991,transparent
ins_ptg_saar_3,vessels,Variant1,Israel,,transparent
ins_ptg_saar_3,vessels,Variant2,Israel,,transparent
ins_ptg_saar_3,vessels,Variant3,Israel,,transparent
ins_ptg_saar_3,vessels,Variant4,Israel,,transparent
ins_ptg_saar_3,vessels,Variant5,Israel,,transparent
ins_ptg_saar_3,vessels,Variant6,Israel,,transparent
ins_ptg_saar_4,vessels,Default,Israel,1973|2014,transparent
ins_ptg_saar_4,vessels,Variant1,Israel,,transparent
ins_ptg_saar_4,vessels,Variant2,Israel,,transparent
ins_ptg_saar_4,vessels,Variant3,Israel,,transparent
ins_ptg_saar_4,vessels,Variant4,Israel,,transparent
ins_ptg_saar_4,vessels,Variant5,Israel,,transparent
ins_ptg_saar_4,vessels,Variant6,Israel,,transparent
ins_ptg_saar_4,vessels,Variant7,Israel,,transparent
ins_ptg_saar_4,vessels,Variant8,Israel,,transparent
ins_ptg_saar_4,vessels,Variant9,Israel,,transparent
ins_ptg_saar_4,vessels,Variant10,Israel,,transparent
ins_ss_gal,vessels,Default,Israel,1976|2002,transparent
ins_ss_gal,vessels,Variant1,Israel,,transparent
ins_ss_gal,vessels,Variant2,Israel,,transparent
ins_ss_gal,vessels,Variant3,Israel,,transparent
ir_aor_delvar,vessels,Default,Iran,1981,transparent
ir_aor_delvar,vessels,Variant1,Iran,1981,ir_424
ir_aor_delvar,vessels,Variant2,Iran,1981,ir_471
ir_aor_delvar,vessels,Variant3,Iran,1981,ir_472
ir_aor_delvar,vessels,Variant4,Iran,1981,ir_481
ir_aor_delvar,vessels,Variant5,Iran,1982,ir_482
ir_aor_delvar,vessels,Variant6,Iran,1982,ir_483
ir_aor_delvar,vessels,Variant7,Iran,1982,ir_484
ir_fab_boghammar,vessels,Default,Iran,1985,transparent
ir_fab_boghammar,vessels,Variant1,Iran,,transparent
ir_ffg_alvand,vessels,Default,Iran,1971,transparent
ir_ffg_alvand,vessels,Variant1,Iran,,iran_ffg-71
ir_ffg_alvand,vessels,Variant2,Iran,1971,iran_ffg-72
ir_ffg_alvand,vessels,Variant3,Iran,1972,iran_ffg-73
ir_ffg_alvand,vessels,Variant4,Iran,1972|1988,iran_ffg-74
ir_pf_bayandor,vessels,Default,Iran,1964,iran_81
ir_pf_bayandor,vessels,Variant1,Iran,1964,iran_81
ir_pf_bayandor,vessels,Variant2,Iran,1964,iran_82
ir_pf_bayandor,vessels,Variant3,Iran,1969|1980,iran_83
ir_pf_bayandor,vessels,Variant4,Iran,1969|1980,iran_84
ir_pt_kaivan,vessels,Default,Iran,1956|1971,transparent
ir_pt_kaivan,vessels,Variant1,Iran,1956|1971,iran_201
ir_pt_kaivan,vessels,Variant2,Iran,1957|1971,iran_202
ir_pt_kaivan,vessels,Variant3,Iran,1959|1972,iran_203
ir_pt_kaivan,vessels,Variant4,Iran,1959|1972,iran_204
ir_pt_parvin,vessels,Default,Iran,1967,iran_211
ir_pt_parvin,vessels,Variant1,Iran,1967,iran_211
ir_pt_parvin,vessels,Variant2,Iran,1959,iran_212
ir_pt_parvin,vessels,Variant3,Iran,1970,iran_213
ir_ptg_combattante_II,vessels,Default,Iran,1977,transparent
ir_ptg_combattante_II,vessels,Variant1,Iran,1977,iran_p221
ir_ptg_combattante_II,vessels,Variant2,Iran,1977,iran_p222
ir_ptg_combattante_II,vessels,Variant3,Iran,1978,iran_p223
ir_ptg_combattante_II,vessels,Variant4,Iran,1978|1980,iran_p224
ir_ptg_combattante_II,vessels,Variant5,Iran,1978|1988,iran_p225
ir_ptg_combattante_II,vessels,Variant6,Iran,1978,iran_p226
ir_ptg_combattante_II,vessels,Variant7,Iran,1978,iran_p227
ir_ptg_combattante_II,vessels,Variant8,Iran,1978,iran_p228
ir_ptg_combattante_II,vessels,Variant9,Iran,1978,iran_p229
ir_ptg_combattante_II,vessels,Variant10,Iran,1981,iran_p230
ir_ptg_combattante_II,vessels,Variant11,Iran,1981,iran_p231
ir_ptg_combattante_II,vessels,Variant12,Iran,1981,iran_p232
ir_ptg_kaivan,vessels,Default,Iran,1971,iran_201
ir_ptg_kaivan,vessels,Variant1,Iran,1971,iran_201
ir_ptg_kaivan,vessels,Variant2,Iran,1971,iran_202
ir_ptg_kaivan,vessels,Variant3,Iran,1972|1981,iran_203
ir_ptg_kaivan,vessels,Variant4,Iran,1972,iran_204
jmsdf_dd_minegumo,vessels,Default,Japan,1968|1995,transparent
jmsdf_dd_minegumo,vessels,Variant1,Japan,1968|1995,jmsdf_dd-116
jmsdf_dd_minegumo,vessels,Variant2,Japan,1969|1995,jmsdf_dd-117
jmsdf_dd_minegumo,vessels,Variant3,Japan,1970|1995,jmsdf_dd-118
jmsdf_dd_takatsuki,vessels,Default,Japan,1967|2002,transparent
jmsdf_dd_takatsuki,vessels,Variant1,Japan,1967|2002,jmsdf_dd-164
jmsdf_dd_takatsuki,vessels,Variant2,Japan,1968|2003,jmsdf_dd-165
jmsdf_dd_takatsuki,vessels,Variant3,Japan,1969|1995,jmsdf_dd-166
jmsdf_dd_takatsuki,vessels,Variant4,Japan,1970|1996,jmsdf_dd-167
jmsdf_dd_yamagumo,vessels,Default,Japan,1966|1995,transparent
jmsdf_dd_yamagumo,vessels,Variant1,Japan,1966|1995,jmsdf_dd-113
jmsdf_dd_yamagumo,vessels,Variant2,Japan,1966|1995,jmsdf_dd-114
jmsdf_dd_yamagumo,vessels,Variant3,Japan,1967|1998,jmsdf_dd-115
jmsdf_dd_yamagumo,vessels,Variant4,Japan,1972|2003,jmsdf_dd-119
jmsdf_dd_yamagumo,vessels,Variant5,Japan,1974|2005,jmsdf_dd-120
jmsdf_dd_yamagumo,vessels,Variant6,Japan,1978|2005,jmsdf_dd-121
jmsdf_ddg_tachikaze,vessels,Default,Japan,1976|2007,transparent
jmsdf_ddg_tachikaze,vessels,Variant1,Japan,1976|2007,jmsdf_ddg-168
jmsdf_ddg_tachikaze,vessels,Variant2,Japan,1979|2008,jmsdf_ddg-169
jmsdf_ddg_tachikaze,vessels,Variant3,Japan,1983|2010,jmsdf_ddg-170
jmsdf_ddh_haruna,vessels,Default,Japan,1973|2009,transparent
jmsdf_ddh_haruna,vessels,Variant1,Japan,1973|2009,jmsdf_ddh-141
jmsdf_ddh_haruna,vessels,Variant2,Japan,1974|2011,jmsdf_ddh-142
jmsdf_ss_asashio,vessels,Default,Japan,1966|1983,transparent
jmsdf_ss_asashio,vessels,Variant1,Japan,1966|1983,
jmsdf_ss_asashio,vessels,Variant2,Japan,1967|1984,
jmsdf_ss_asashio,vessels,Variant3,Japan,1968|1985,
jmsdf_ss_asashio,vessels,Variant4,Japan,1969|1986,
jmsdf_ss_uzushio,vessels,Default,Japan,1971|1987,transparent
jmsdf_ss_uzushio,vessels,Variant1,Japan,1971|1987,
jmsdf_ss_uzushio,vessels,Variant2,Japan,1972|1988,
jmsdf_ss_uzushio,vessels,Variant3,Japan,1972|1989,
jmsdf_ss_uzushio,vessels,Variant4,Japan,1973|1990,
jmsdf_ss_uzushio,vessels,Variant5,Japan,1974|1991,
jmsdf_ss_uzushio,vessels,Variant6,Japan,1976|1992,
jmsdf_ss_uzushio,vessels,Variant7,Japan,1978|1994,
jmsdf_ss_yushio,vessels,Default,Japan,1980|1996,transparent
jmsdf_ss_yushio,vessels,Variant1,Japan,1980|1996,
jmsdf_ss_yushio,vessels,Variant2,Japan,1981|1997,
jmsdf_ss_yushio,vessels,Variant3,Japan,1982|1999,
jmsdf_ss_yushio,vessels,Variant4,Japan,1983|2001,
jmsdf_ss_yushio,vessels,Variant5,Japan,1984|2001,
jmsdf_ss_yushio,vessels,Variant6,Japan,1985|2000,
jmsdf_ss_yushio,vessels,Variant7,Japan,1986|2004,
jmsdf_ss_yushio,vessels,Variant8,Japan,1987|2005,
jmsdf_ss_yushio,vessels,Variant9,Japan,1988|2006,
jmsdf_ss_yushio,vessels,Variant10,Japan,1989|2006,
knm_ffg_oslo,vessels,Default,Norway,1966|1994,transparent
knm_ffg_oslo,vessels,Variant1,Norway,1966|1994,knm_f300
knm_ffg_oslo,vessels,Variant2,Norway,1967|2005,knm_f301
knm_ffg_oslo,vessels,Variant3,Norway,1966|2006,knm_f302
knm_ffg_oslo,vessels,Variant4,Norway,1967|1998,knm_f303
knm_ffg_oslo,vessels,Variant5,Norway,1968|2007,knm_f304
knm_fs_sleipner,vessels,Default,Norway,1965|1993,transparent
knm_fs_sleipner,vessels,Variant1,Norway,1965|1993,knm_f310
knm_fs_sleipner,vessels,Variant2,Norway,1967|1993,knm_f311
knm_msc_sauda,vessels,Default,Norway,1953|1996,transparent
knm_msc_sauda,vessels,Variant1,Norway,,knm_M311
knm_msc_sauda,vessels,Variant2,Norway,,knm_M312
knm_msc_sauda,vessels,Variant3,Norway,,knm_M313
knm_msc_sauda,vessels,Variant4,Norway,,knm_M314
knm_msc_sauda,vessels,Variant5,Norway,,knm_M315
knm_msc_sauda,vessels,Variant6,Norway,,knm_M316
knm_msc_sauda,vessels,Variant7,Norway,,knm_M317
knm_msc_sauda,vessels,Variant8,Norway,,knm_M331
knm_msc_sauda,vessels,Variant9,Norway,,knm_M332
knm_msc_sauda,vessels,Variant10,Norway,,knm_M334
knm_ptg_hauk,vessels,Default,Norway,1977|2008,transparent
knm_ptg_hauk,vessels,Variant1,Norway,1977|2008,
knm_ptg_hauk,vessels,Variant2,Norway,1979|2008,
knm_ptg_hauk,vessels,Variant3,Norway,1979|2008,
knm_ptg_hauk,vessels,Variant4,Norway,1979|2008,
knm_ptg_hauk,vessels,Variant5,Norway,1979|2008,
knm_ptg_hauk,vessels,Variant6,Norway,1979|2008,
knm_ptg_hauk,vessels,Variant7,Norway,1979|2008,
knm_ptg_hauk,vessels,Variant8,Norway,1980|2008,
knm_ptg_hauk,vessels,Variant9,Norway,1980|2008,
knm_ptg_hauk,vessels,Variant10,Norway,1980|2008,
knm_ptg_hauk,vessels,Variant11,Norway,1980|2008,
knm_ptg_hauk,vessels,Variant12,Norway,1980|2008,
knm_ptg_hauk,vessels,Variant13,Norway,1980|2008,
knm_ptg_hauk,vessels,Variant14,Norway,1980|2008,
knm_ptg_snogg,vessels,Default,Norway,1970|1995,transparent
knm_ptg_snogg,vessels,Variant1,Norway,,transparent
knm_ptg_snogg,vessels,Variant2,Norway,,transparent
knm_ptg_snogg,vessels,Variant3,Norway,,transparent
knm_ptg_snogg,vessels,Variant4,Norway,,transparent
knm_ptg_snogg,vessels,Variant5,Norway,,transparent
knm_ptg_snogg,vessels,Variant6,Norway,,transparent
knm_ss_kobben,vessels,Default,Norway,1965|2000,transparent
knm_ss_kobben,vessels,Variant1,Norway,,transparent
knm_ss_kobben,vessels,Variant2,Norway,,transparent
knm_ss_kobben,vessels,Variant3,Norway,,transparent
knm_ss_kobben,vessels,Variant4,Norway,,transparent
knm_ss_kobben,vessels,Variant5,Norway,,transparent
knm_ss_kobben,vessels,Variant6,Norway,,transparent
knm_ss_kobben,vessels,Variant7,Norway,,transparent
knm_ss_kobben,vessels,Variant8,Norway,,transparent
knm_ss_kobben,vessels,Variant9,Norway,,transparent
knm_ss_kobben,vessels,Variant10,Norway,,transparent
knm_ss_kobben,vessels,Variant11,Norway,,transparent
knm_ss_kobben,vessels,Variant12,Norway,,transparent
knm_ss_kobben,vessels,Variant13,Norway,,transparent
knm_ss_kobben,vessels,Variant14,Norway,,transparent
knm_ss_kobben,vessels,Variant15,Norway,,transparent
ln_ptg_beir_grassa,vessels,Default,Libya,1978|2000,transparent
ln_ptg_beir_grassa,vessels,Variant1,Libya,,libya_518
ln_ptg_beir_grassa,vessels,Variant2,Libya,,libya_522
ln_ptg_beir_grassa,vessels,Variant3,Libya,,libya_524
ln_ptg_beir_grassa,vessels,Variant4,Libya,,libya_526
ln_ptg_beir_grassa,vessels,Variant5,Libya,,libya_528
ln_ptg_beir_grassa,vessels,Variant6,Libya,,libya_532
ln_ptg_beir_grassa,vessels,Variant7,Libya,,libya_534
ln_ptg_beir_grassa,vessels,Variant8,Libya,,libya_536
ln_ptg_beir_grassa,vessels,Variant9,Libya,,libya_538
ln_ptg_beir_grassa,vessels,Variant10,Libya,,libya_542
nrp_ssk_albacora,vessels,Default,Portugal,1975|2010,transparent
nrp_ssk_albacora,vessels,Variant1,Portugal,,transparent
nrp_ssk_albacora,vessels,Variant2,Portugal,,transparent
nrp_ssk_albacora,vessels,Variant3,Portugal,,transparent
nrp_ssk_albacora,vessels,Variant4,Portugal,,transparent
nrp_ssk_albacora,vessels,Variant5,Pakistan,1977|2006,pns_S134
nrp_ssk_albacora,vessels,Variant6,South_Africa,,Daphne_S97
nrp_ssk_albacora,vessels,Variant7,South_Africa,,Daphne_S98
nrp_ssk_albacora,vessels,Variant8,South_Africa,,Daphne_S99
nv_agi_sampan,vessels,Default,Vietnam,,transparent
nv_agi_sampan,vessels,Variant1,Vietnam,,transparent
nv_agi_sampan,vessels,Variant2,China,,transparent
plan_ap_qiongsha,vessels,Default,China,1980,transparent
plan_ap_qiongsha,vessels,Variant1,China,,plan_830
plan_ap_qiongsha,vessels,Variant2,China,,plan_831
plan_ap_qiongsha,vessels,Variant3,China,,plan_832
plan_ap_qiongsha,vessels,Variant4,China,,plan_834
plan_ap_qiongsha,vessels,Variant5,China,,plan_835
plan_ap_qiongsha,vessels,Variant6,China,,plan_836
plan_dd_luda1,vessels,Default,China,1974|2007,transparent
plan_dd_luda1,vessels,Variant1,China,1974|1978,plan_160
plan_dd_luda1,vessels,Variant2,China,1974|2007,plan_106
plan_dd_luda1,vessels,Variant3,China,1978|2008,plan_161
plan_dd_luda1,vessels,Variant4,China,1971|2007,plan_107
plan_dd_luda1,vessels,Variant5,China,1979|2012,plan_162
plan_dd_luda1,vessels,Variant6,China,1977|2012,plan_131
plan_dd_luda1,vessels,Variant7,China,1980|2013,plan_108
plan_dd_luda1,vessels,Variant8,China,1982|2016,plan_163
plan_dd_luda1,vessels,Variant9,China,1982|2014,plan_133
plan_dd_luda1,vessels,Variant10,China,1984|2019,plan_134
plan_dd_luda1,vessels,Variant11,China,1987|2019,plan_164
plan_ff_chengdu,vessels,Default,China,1957|1992,transparent
plan_ff_chengdu,vessels,Variant1,China,1957|1992,plan_505
plan_ff_chengdu,vessels,Variant2,China,1957|1994,plan_506
plan_ff_chengdu,vessels,Variant3,China,1958|1995,plan_507
plan_ff_chengdu,vessels,Variant4,China,1958|1993,plan_508
plan_ff_jianghu1,vessels,Default,China,1975|2007,transparent
plan_ff_jianghu1,vessels,Variant1,China,1979|2007,plan_509
plan_ff_jianghu1,vessels,Variant2,China,1979|2007,plan_510
plan_ff_jianghu1,vessels,Variant3,China,1977|2012,plan_511
plan_ff_jianghu1,vessels,Variant4,China,1978|2012,plan_512
plan_ff_jianghu1,vessels,Variant5,China,1977|2013,plan_513
plan_ff_jianghu1,vessels,Variant6,China,1979|2012,plan_514
plan_ff_jianghu1,vessels,Variant7,China,1975|2013,plan_515
plan_ff_jianghu1,vessels,Variant8,China,1975|2002,plan_516
plan_ff_jianghu1,vessels,Variant9,China,1977|2012,plan_517
plan_ff_jianghu1,vessels,Variant10,China,1979|2012,plan_518
plan_ff_jianghu1,vessels,Variant11,China,1979,plan_519
plan_ff_jianghu1,vessels,Variant12,China,1980|2012,plan_520
plan_ff_jianghu1,vessels,Variant13,China,1980|2012,plan_551
plan_ff_jianghu1,vessels,Variant14,China,1980|2012,plan_552
plan_ff_jianghu2,vessels,Default,China,1982|2019,transparent
plan_ff_jianghu2,vessels,Variant1,China,1982|2019,plan_533
plan_ff_jianghu2,vessels,Variant2,China,1983|2019,plan_534
plan_ff_jianghu2,vessels,Variant3,China,1985|2021,plan_543
plan_ff_jianghu2,vessels,Variant4,China,1987|2019,plan_545
plan_ff_jianghu2,vessels,Variant5,China,1985,plan_553
plan_ff_jianghu2,vessels,Variant6,China,1986|2012,plan_554
plan_ff_jianghu2,vessels,Variant7,China,1987|2021,plan_555
plan_ff_jianghu2,vessels,Variant8,China,1987|1989,plan_556
plan_ff_jianghu2,vessels,Variant9,China,1988|2012,plan_557
plan_ff_jianghu3,vessels,Default,China,1986|2013,transparent
plan_ff_jianghu3,vessels,Variant1,China,1986|2013,plan_535
plan_ff_jianghu3,vessels,Variant2,China,1987|2013,plan_536
plan_ff_jianghu3,vessels,Variant3,China,1990|2019,plan_547
plan_ffg_jiangdong,vessels,Default,China,1975|1994,transparent
plan_ffg_jiangdong,vessels,Variant1,China,1975|1994,plan_531
plan_ffg_jiangdong,vessels,Variant2,China,1977|1986,plan_532
plan_k_type_037,vessels,Default,China,1961,transparent
plan_k_type_037,vessels,Variant1,China,1961,plan_pt_605
plan_lst_yukan,vessels,Default,China,1979|2020,transparent
plan_lst_yukan,vessels,Variant1,China,1979|2020,plan_927
plan_lst_yukan,vessels,Variant2,China,1981|2020,plan_928
plan_lst_yukan,vessels,Variant3,China,1982|2020,plan_929
plan_msc_type_010,vessels,Default,China,1959|2000,transparent
plan_msc_type_010,vessels,Variant1,China,1959|2000,plan_535
plan_pt_shanghai2,vessels,Default,China,1960|2000,transparent
plan_pt_shanghai2,vessels,Variant1,China,1960|2000,plan_pt_605
plan_pt_shanghai2b,vessels,Default,China,1970|2010,transparent
plan_pt_shanghai2b,vessels,Variant1,China,1970|2010,plan_pt_702
plan_ptg_type_024,vessels,Default,China,1966|2008,transparent
plan_ptg_type_024,vessels,Variant1,China,,transparent
plan_ptg_type_024,vessels,Variant2,China,,transparent
plan_ptg_type_024,vessels,Variant3,China,,transparent
plan_ptg_type_024,vessels,Variant4,China,,transparent
plan_ptg_type_024,vessels,Variant5,China,,transparent
plan_ptg_type_024,vessels,Variant6,China,,transparent
plan_ptg_type_024,vessels,Variant7,China,,transparent
plan_ptg_type_024,vessels,Variant8,China,,transparent
plan_ptg_type_024,vessels,Variant9,China,,transparent
plan_ss_romeo,vessels,Default,China,1962|2000,transparent
plan_ss_romeo,vessels,Variant1,China,,plan_126
plan_ss_romeo,vessels,Variant2,China,,plan_128
plan_ss_romeo,vessels,Variant3,China,,plan_136
plan_ss_romeo,vessels,Variant4,China,,plan_137
plan_ss_romeo,vessels,Variant5,China,,plan_138
plan_ss_romeo,vessels,Variant6,China,,plan_139
plan_ss_romeo,vessels,Variant7,China,,plan_140
plan_ss_romeo,vessels,Variant8,China,,plan_141
plan_ss_romeo,vessels,Variant9,China,,plan_142
plan_ss_romeo,vessels,Variant10,China,,plan_143
plan_ss_romeo,vessels,Variant11,China,,plan_144
plan_ss_romeo,vessels,Variant12,China,,plan_145
plan_ss_romeo,vessels,Variant13,China,,plan_146
plan_ss_romeo,vessels,Variant14,China,,plan_147
plan_ss_romeo,vessels,Variant15,China,,plan_148
plan_ss_romeo,vessels,Variant16,China,,plan_149
plan_ss_romeo,vessels,Variant17,China,,plan_150
plan_ss_romeo,vessels,Variant18,China,,plan_151
plan_ss_romeo,vessels,Variant19,China,,plan_152
plan_ss_romeo,vessels,Variant20,China,,plan_153
plan_ss_romeo,vessels,Variant21,China,,plan_154
plan_ss_romeo,vessels,Variant22,China,,plan_160
plan_ss_romeo,vessels,Variant23,China,,plan_161
plan_ss_romeo,vessels,Variant24,China,,plan_162
plan_ss_romeo,vessels,Variant25,China,,plan_163
plan_ss_romeo,vessels,Variant26,China,,plan_164
plan_ss_romeo,vessels,Variant27,China,,plan_165
plan_ss_romeo,vessels,Variant28,China,,plan_170
plan_ss_romeo,vessels,Variant29,China,,plan_171
plan_ss_romeo,vessels,Variant30,China,,plan_172
plan_ss_romeo,vessels,Variant31,China,,plan_173
plan_ss_romeo,vessels,Variant32,China,,plan_174
plan_ss_romeo,vessels,Variant33,China,,plan_176
plan_ss_romeo,vessels,Variant34,China,,plan_208
plan_ss_romeo,vessels,Variant35,China,,plan_209
plan_ss_romeo,vessels,Variant36,China,,plan_210
plan_ss_romeo,vessels,Variant37,China,,plan_211
plan_ss_romeo,vessels,Variant38,China,,plan_212
plan_ss_romeo,vessels,Variant39,China,,plan_213
plan_ss_romeo,vessels,Variant40,China,,plan_214
plan_ss_romeo,vessels,Variant41,China,,plan_215
plan_ss_romeo,vessels,Variant42,China,,plan_216
plan_ss_romeo,vessels,Variant43,China,,plan_217
plan_ss_romeo,vessels,Variant44,China,,plan_218
plan_ss_romeo,vessels,Variant45,China,,plan_219
plan_ss_romeo,vessels,Variant46,China,,plan_220
plan_ss_romeo,vessels,Variant47,China,,plan_221
plan_ss_romeo,vessels,Variant48,China,,plan_222
plan_ss_romeo,vessels,Variant49,China,,plan_223
plan_ss_romeo,vessels,Variant50,China,,plan_224
plan_ss_romeo,vessels,Variant51,China,,plan_225
plan_ss_romeo,vessels,Variant52,China,,plan_226
plan_ss_romeo,vessels,Variant53,China,,plan_227
plan_ss_romeo,vessels,Variant54,China,,plan_228
plan_ss_romeo,vessels,Variant55,China,,plan_229
plan_ss_romeo,vessels,Variant56,China,,plan_230
plan_ss_romeo,vessels,Variant57,China,,plan_234
plan_ss_romeo,vessels,Variant58,China,,plan_235
plan_ss_romeo,vessels,Variant59,China,,plan_236
plan_ss_romeo,vessels,Variant60,China,,plan_238
plan_ss_romeo,vessels,Variant61,China,,plan_239
plan_ss_romeo,vessels,Variant62,China,,plan_246
plan_ss_romeo,vessels,Variant63,China,,plan_247
plan_ss_romeo,vessels,Variant64,China,,plan_248
plan_ss_romeo,vessels,Variant65,China,,plan_249
plan_ss_romeo,vessels,Variant66,China,,plan_250
plan_ss_romeo,vessels,Variant67,China,,plan_254
plan_ss_romeo,vessels,Variant68,China,,plan_255
plan_ss_romeo,vessels,Variant69,China,,plan_256
plan_ss_romeo,vessels,Variant70,China,,plan_267
plan_ss_romeo,vessels,Variant71,China,,plan_268
plan_ss_romeo,vessels,Variant72,China,,plan_269
plan_ss_romeo,vessels,Variant73,China,,plan_270
plan_ss_romeo,vessels,Variant74,China,,plan_272
plan_ss_romeo,vessels,Variant75,China,,plan_281
plan_ss_romeo,vessels,Variant76,China,,plan_282
plan_ss_romeo,vessels,Variant77,China,,plan_283
plan_ss_romeo,vessels,Variant78,China,,plan_290
plan_ss_romeo,vessels,Variant79,China,,plan_291
plan_ss_romeo,vessels,Variant80,China,,plan_292
plan_ss_romeo,vessels,Variant81,China,,plan_293
plan_ss_romeo,vessels,Variant82,China,,plan_294
plan_ss_romeo,vessels,Variant83,China,,plan_343
plan_ss_romeo,vessels,Variant84,China,,plan_344
plan_ss_romeo,vessels,Variant85,China,,plan_345
plan_ss_romeo,vessels,Variant86,China,,plan_346
plan_ss_romeo,vessels,Variant87,China,,plan_349
plan_ss_romeo,vessels,Variant88,China,,plan_777
plan_ssg_wuhan,vessels,Default,China,1985|2000,transparent
plan_ssg_wuhan,vessels,Variant1,China,1985|2000,plan_351
plan_ssn_han,vessels,Default,China,1974|2013,transparent
plan_ssn_han,vessels,Variant1,China,1974|2013,plan_401
plan_ssn_han,vessels,Variant2,China,1980|2001,plan_402
plan_ssn_han,vessels,Variant3,China,1984|2023,plan_403
plan_ssn_han,vessels,Variant4,China,1988|2023,plan_404
plan_ssn_han,vessels,Variant5,China,1990|2023,plan_405
pns_ss_hangor,vessels,Default,Pakistan,1970|2006,transparent
pns_ss_hangor,vessels,Variant1,Pakistan,1970|2006,pns_S131
pns_ss_hangor,vessels,Variant2,Pakistan,1970|2006,pns_S132
pns_ss_hangor,vessels,Variant3,Pakistan,1970|2006,pns_S133
pns_ss_hashmat,vessels,Default,Pakistan,1979|2026,transparent
pns_ss_hashmat,vessels,Variant1,Pakistan,1979,
pns_ss_hashmat,vessels,Variant2,Pakistan,1980,
ran_ddg_perth,vessels,Default,Australia,1965|1999,transparent
ran_ddg_perth,vessels,Variant1,Australia,1965|1999,ran_ddg-38
ran_ddg_perth,vessels,Variant2,Australia,1965|2000,ran_ddg-39
ran_ddg_perth,vessels,Variant3,Australia,1967|2001,ran_ddg-41
ran_ffg_adelaide_shorthull,vessels,Default,Australia,1980|2008,transparent
ran_ffg_adelaide_shorthull,vessels,Variant1,Australia,1980|2008,ran_ffg-1
ran_ffg_adelaide_shorthull,vessels,Variant2,Australia,1981|2005,ran_ffg-2
ran_ffg_adelaide_shorthull,vessels,Variant3,Australia,1983|2015,ran_ffg-3
ran_ss_oberon,vessels,Default,Australia,1967|1995,transparent
ran_ss_oberon,vessels,Variant1,Australia,1967|1992,rn_ff-101
ran_ss_oberon,vessels,Variant2,Australia,1968|1994,rn_ff-101
ran_ss_oberon,vessels,Variant3,Australia,1969|1999,rn_ff-101
ran_ss_oberon,vessels,Variant4,Australia,1977|1996,rn_ff-101
ran_ss_oberon,vessels,Variant5,Australia,1978|2000,rn_ff-101
ran_ss_oberon,vessels,Variant6,Australia,1969|1995,rn_ff-101
rcn_ss_oberon,vessels,Default,Canada,1965|1998,transparent
rcn_ss_oberon,vessels,Variant1,Canada,1965|1998,rn_ff-101
rcn_ss_oberon,vessels,Variant2,Canada,1967|2000,rn_ff-101
rcn_ss_oberon,vessels,Variant3,Canada,1968|1998,rn_ff-101
rn_dd_battle,vessels,Default,UK,1947|1975,transparent
rn_dd_battle,vessels,Variant1,Pakistan,1957|1971,transparent
rn_dd_battle,vessels,Variant2,Pakistan,1957|1985,transparent
rn_dd_battle,vessels,Variant3,UK,1947|1978,transparent
rn_dd_battle,vessels,Variant4,UK,1947|1978,transparent
rn_dd_battle,vessels,Variant5,UK,1947|1975,transparent
rn_dd_c-class,vessels,Default,UK,1945|1971,transparent
rn_dd_c-class,vessels,Variant1,Pakistan,1958|1982,transparent
rn_dd_c-class,vessels,Variant2,Pakistan,1958|1971,transparent
rn_dd_c-class,vessels,Variant3,Pakistan,1958|1982,transparent
rn_dd_c-class,vessels,Variant4,Pakistan,1958|1982,transparent
rn_dd_c-class,vessels,Variant5,UK,1945|1971,transparent
rn_dd_z-class,vessels,Default,UK,,transparent
rn_dd_z-class,vessels,Variant1,Israel,1956|1967,israeli_40
rn_dd_z-class,vessels,Variant2,Israel,1955|1972,israeli_42
rn_dd_z-class,vessels,Variant3,Egypt,1956|1970,transparent
rn_dd_z-class,vessels,Variant4,Egypt,1956|2016,transparent
rn_dd_z-class,vessels,Variant5,UK,1944|1969,transparent
sea_mine,vessels,Default,Soviet,,transparent
sea_mine,vessels,Variant1,Soviet,,transparent
usn_ae_kilauea,vessels,Default,US,1968|1996,transparent
usn_ae_kilauea,vessels,Variant1,US,1968|1980,usn_ae-26
usn_ae_kilauea,vessels,Variant2,US,1968|1996,usn_ae-27
usn_ae_kilauea,vessels,Variant3,US,1970|1998,usn_ae-28
usn_ae_kilauea,vessels,Variant4,US,1971|1996,usn_ae-29
usn_ae_kilauea,vessels,Variant5,US,1970|1995,usn_ae-32
usn_ae_kilauea,vessels,Variant6,US,1972|1997,usn_ae-33
usn_ae_kilauea,vessels,Variant7,US,1972|1996,usn_ae-34
usn_ae_kilauea,vessels,Variant8,US,1972|1996,usn_ae-35
usn_ao_t2,vessels,Default,US,1955|1996,transparent
usn_ao_t2,vessels,Variant1,US,,transparent
usn_ao_t2,vessels,Variant2,US,,transparent
usn_ao_t2,vessels,Variant3,US,,transparent
usn_ao_t2,vessels,Variant4,US,,transparent
usn_ao_t2,vessels,Variant5,US,,transparent
usn_ao_t2,vessels,Variant6,US,,transparent
usn_ao_t2,vessels,Variant7,US,,transparent
usn_ao_t2,vessels,Variant8,US,,transparent
usn_ao_t2,vessels,Variant9,US,,transparent
usn_ao_t2,vessels,Variant10,US,,transparent
usn_ao_t2,vessels,Variant11,US,,transparent
usn_ao_t2,vessels,Variant12,US,,transparent
usn_ao_t2,vessels,Variant13,US,,transparent
usn_ao_t2,vessels,Variant14,US,,transparent
usn_ao_t2,vessels,Variant15,US,,transparent
usn_ao_t2,vessels,Variant16,US,,transparent
usn_ao_t2,vessels,Variant17,US,,transparent
usn_ao_t2,vessels,Variant18,US,,transparent
usn_ao_t2,vessels,Variant19,US,,transparent
usn_ao_t2,vessels,Variant20,US,,transparent
usn_ao_t2,vessels,Variant21,US,,transparent
usn_aoe_sacramento,vessels,Default,US,1964|2004,transparent
usn_aoe_sacramento,vessels,Variant1,US,1964|2004,usn_aoe-1
usn_aoe_sacramento,vessels,Variant2,US,1967|2005,usn_aoe-2
usn_aoe_sacramento,vessels,Variant3,US,1969|2005,usn_aoe-3
usn_aoe_sacramento,vessels,Variant4,US,1970|2005,usn_aoe-4
usn_avp_barnegat,vessels,Default,South_Vietnam,1941|2000,transparent
usn_avp_barnegat,vessels,Variant1,South_Vietnam,,rvnn_02
usn_avp_barnegat,vessels,Variant2,South_Vietnam,,rvnn_03
usn_avp_barnegat,vessels,Variant3,South_Vietnam,,rvnn_05
usn_avp_barnegat,vessels,Variant4,South_Vietnam,,rvnn_06
usn_avp_barnegat,vessels,Variant5,South_Vietnam,,rvnn_15
usn_avp_barnegat,vessels,Variant6,South_Vietnam,,rvnn_16
usn_avp_barnegat,vessels,Variant7,South_Vietnam,,rvnn_17
usn_avp_barnegat_mod,vessels,Default,Philippines,1973|1993,transparent
usn_avp_barnegat_mod,vessels,Variant1,Philippines,,phil_pf-7
usn_avp_barnegat_mod,vessels,Variant2,Philippines,,phil_pf-8
usn_avp_barnegat_mod,vessels,Variant3,Philippines,,phil_pf-10
usn_avp_barnegat_mod,vessels,Variant4,Philippines,,phil_pf-14
usn_bb_iowa,vessels,Default,US,1984|1990,transparent
usn_bb_iowa,vessels,Variant1,US,1984|1990,usn_bb-61
usn_bb_iowa,vessels,Variant2,US,1982|1991,usn_bb-62
usn_bb_iowa,vessels,Variant3,US,1986|1992,usn_bb-63
usn_bb_iowa,vessels,Variant4,US,1988|1991,usn_bb-64
usn_cg_belknap,vessels,Default,US,1980|1995,transparent
usn_cg_belknap,vessels,Variant1,US,1980|1994,usn_cg-27
usn_cg_belknap,vessels,Variant2,US,1979|1993,usn_cg-28
usn_cg_belknap,vessels,Variant3,US,1980|1994,usn_cg-29
usn_cg_belknap,vessels,Variant4,US,1981|1994,usn_cg-30
usn_cg_belknap,vessels,Variant5,US,1980|1994,usn_cg-31
usn_cg_belknap,vessels,Variant6,US,1982|1994,usn_cg-32
usn_cg_belknap,vessels,Variant7,US,1982|1994,usn_cg-33
usn_cg_belknap,vessels,Variant8,US,1981|1993,usn_cg-34
usn_cg_belknap_72,vessels,Default,US,1972|,transparent
usn_cg_belknap_72,vessels,Variant1,US,1972|1975,usn_cg-26
usn_cg_belknap_72,vessels,Variant2,US,1972|1978,usn_cg-27
usn_cg_belknap_72,vessels,Variant3,US,1972|1978,usn_cg-28
usn_cg_belknap_72,vessels,Variant4,US,1972|1979,usn_cg-29
usn_cg_belknap_72,vessels,Variant5,US,1972|1980,usn_cg-30
usn_cg_belknap_72,vessels,Variant6,US,1972|1979,usn_cg-31
usn_cg_belknap_72,vessels,Variant7,US,1972|1980,usn_cg-32
usn_cg_belknap_72,vessels,Variant8,US,1972|1981,usn_cg-33
usn_cg_belknap_72,vessels,Variant9,US,1972|1979,usn_cg-34
usn_cg_leahy,vessels,Default,US,1982|1993,transparent
usn_cg_leahy,vessels,Variant1,US,1982|1993,usn_cg-16
usn_cg_leahy,vessels,Variant2,US,1980|1993,usn_cg-17
usn_cg_leahy,vessels,Variant3,US,1981|1993,usn_cg-18
usn_cg_leahy,vessels,Variant4,US,1982|1994,usn_cg-19
usn_cg_leahy,vessels,Variant5,US,1982|1995,usn_cg-20
usn_cg_leahy,vessels,Variant6,US,1983|1994,usn_cg-21
usn_cg_leahy,vessels,Variant7,US,1983|1994,usn_cg-22
usn_cg_leahy,vessels,Variant8,US,1983|1994,usn_cg-23
usn_cg_leahy,vessels,Variant9,US,1982|1993,usn_cg-24
usn_cg_leahy_68,vessels,Default,US,1962|1980,transparent
usn_cg_leahy_68,vessels,Variant1,US,1962|1980,usn_cg-16
usn_cg_leahy_68,vessels,Variant2,US,1963|1978,usn_cg-17
usn_cg_leahy_68,vessels,Variant3,US,1963|1979,usn_cg-18
usn_cg_leahy_68,vessels,Variant4,US,1963|1980,usn_cg-19
usn_cg_leahy_68,vessels,Variant5,US,1964|1980,usn_cg-20
usn_cg_leahy_68,vessels,Variant6,US,1963|1981,usn_cg-21
usn_cg_leahy_68,vessels,Variant7,US,1963|1981,usn_cg-22
usn_cg_leahy_68,vessels,Variant8,US,1963|1981,usn_cg-23
usn_cg_leahy_68,vessels,Variant9,US,1964|1980,usn_cg-24
usn_cg_ticonderoga,vessels,Default,US,1983|2004,transparent
usn_cg_ticonderoga,vessels,Variant1,US,1983|2004,usn_cg-47
usn_cg_ticonderoga,vessels,Variant2,US,1984|2004,usn_cg-48
usn_cg_ticonderoga,vessels,Variant3,US,1985|2005,usn_cg-49
usn_cg_ticonderoga,vessels,Variant4,US,1986|2004,usn_cg-50
usn_cg_ticonderoga,vessels,Variant5,US,1987|2005,usn_cg-51
usn_cgn_alaska,vessels,Default,US,1982,transparent
usn_cgn_alaska,vessels,Variant1,US,1982,usn_cgn-42
usn_cgn_alaska,vessels,Variant2,US,1984,usn_cgn-43
usn_cgn_alaska,vessels,Variant3,US,1985,usn_cgn-44
usn_cgn_alaska,vessels,Variant4,US,1986,usn_cgn-45
usn_cgn_california,vessels,Default,US,1974|1999,transparent
usn_cgn_california,vessels,Variant1,US,1974|1999,usn_cgn-36
usn_cgn_california,vessels,Variant2,US,1975|1999,usn_cgn-37
usn_cgn_long_beach_73,vessels,Default,US,1973|1980,transparent
usn_cgn_long_beach_73,vessels,Variant1,US,1973|1980,usn_cgn-9
usn_cgn_long_beach_83,vessels,Default,US,1983|1994,transparent
usn_cgn_long_beach_83,vessels,Variant1,US,1983|1994,usn_cgn-9
usn_cgn_virginia,vessels,Default,US,1985|1994,transparent
usn_cgn_virginia,vessels,Variant1,US,1985|1994,usn_cgn-38
usn_cgn_virginia,vessels,Variant2,US,1985|1993,usn_cgn-39
usn_cgn_virginia,vessels,Variant3,US,1985|1997,usn_cgn-40
usn_cgn_virginia,vessels,Variant4,US,1985|1998,usn_cgn-41
usn_clg_oklahoma_city,vessels,Default,US,1958|1970,transparent
usn_clg_oklahoma_city,vessels,Variant1,US,1958|1970,usn_clg-3
usn_clg_oklahoma_city,vessels,Variant2,US,1960|1976,usn_clg-4
usn_clg_oklahoma_city,vessels,Variant3,US,1960|1979,usn_clg-5
usn_cv_america_79,vessels,Default,US,1977|1996,transparent
usn_cv_america_79,vessels,Variant1,US,1977|1996,usn_cv_066
usn_cv_forrestal_75,vessels,Default,US,1968|1993,transparent
usn_cv_forrestal_75,vessels,Variant1,US,1968|1993,usn_cv_059
usn_cv_forrestal_75,vessels,Variant2,US,1973|1994,usn_cv_060
usn_cv_forrestal_75,vessels,Variant3,US,1971|1993,usn_cv_061
usn_cv_forrestal_75,vessels,Variant4,US,1972|1998,usn_cv_062
usn_cv_kitty_hawk,vessels,Default,US,1983|2009,transparent
usn_cv_kitty_hawk,vessels,Variant1,US,1983|2009,usn_cv_063
usn_cv_kitty_hawk,vessels,Variant2,US,1983|2003,usn_cv_064
usn_cvn_enterprise,vessels,Default,US,1967|1978,transparent
usn_cvn_enterprise,vessels,Variant1,US,1967|1978,usn_cvn_065
usn_cvn_nimitz,vessels,Default,US,1983,transparent
usn_cvn_nimitz,vessels,Variant1,US,1983,usn_cvn_068
usn_cvn_nimitz,vessels,Variant2,US,1987,usn_cvn_069
usn_dd_gearing,vessels,Default,US,1959|1973,transparent
usn_dd_gearing,vessels,Variant1,US,1959|1973,usn_dd-710
usn_dd_gearing,vessels,Variant2,US,1959|1972,usn_dd-711
usn_dd_gearing,vessels,Variant3,US,1959|1978,usn_dd-714
usn_dd_gearing,vessels,Variant4,US,1959|1976,usn_dd-715
usn_dd_gearing,vessels,Variant5,US,1959|1976,usn_dd-716
usn_dd_gearing,vessels,Variant6,US,1959|1975,usn_dd-717
usn_dd_gearing,vessels,Variant7,US,1959|1979,usn_dd-718
usn_dd_gearing,vessels,Variant8,US,1959|1975,usn_dd-719
usn_dd_gearing,vessels,Variant9,US,1959|1981,usn_dd-743
usn_dd_gearing,vessels,Variant10,US,1959|1983,usn_dd-763
usn_dd_gearing,vessels,Variant11,US,1959|1975,usn_dd-782
usn_dd_gearing,vessels,Variant12,US,1959|1976,usn_dd-783
usn_dd_gearing,vessels,Variant13,US,1959|1981,usn_dd-784
usn_dd_gearing,vessels,Variant14,US,1960|1980,usn_dd-785
usn_dd_gearing,vessels,Variant15,US,1960|1973,usn_dd-787
usn_dd_gearing,vessels,Variant16,US,1960|1979,usn_dd-788
usn_dd_gearing,vessels,Variant17,US,1960|1973,usn_dd-789
usn_dd_gearing,vessels,Variant18,US,1960|1979,usn_dd-806
usn_dd_gearing,vessels,Variant19,US,1960|1973,usn_dd-808
usn_dd_gearing,vessels,Variant20,US,1960|1981,usn_dd-817
usn_dd_gearing,vessels,Variant21,US,1960|1976,usn_dd-818
usn_dd_gearing,vessels,Variant22,US,1960|1976,usn_dd-819
usn_dd_gearing,vessels,Variant23,US,1960|1977,usn_dd-820
usn_dd_gearing,vessels,Variant24,US,1960|1981,usn_dd-821
usn_dd_gearing,vessels,Variant25,US,1960|1980,usn_dd-822
usn_dd_gearing,vessels,Variant26,US,1960|1970,usn_dd-823
usn_dd_gearing,vessels,Variant27,US,1960|1977,usn_dd-824
usn_dd_gearing,vessels,Variant28,US,1960|1981,usn_dd-825
usn_dd_gearing,vessels,Variant29,US,1960|1978,usn_dd-827
usn_dd_gearing,vessels,Variant30,US,1960|1979,usn_dd-829
usn_dd_gearing,vessels,Variant31,US,1960|1973,usn_dd-832
usn_dd_gearing,vessels,Variant32,US,1960|1970,usn_dd-833
usn_dd_gearing,vessels,Variant33,US,1960|1979,usn_dd-835
usn_dd_gearing,vessels,Variant34,US,1960|1976,usn_dd-836
usn_dd_gearing,vessels,Variant35,US,1960|1977,usn_dd-837
usn_dd_gearing,vessels,Variant36,US,1960|1977,usn_dd-839
usn_dd_gearing,vessels,Variant37,US,1960|1976,usn_dd-840
usn_dd_gearing,vessels,Variant38,US,1960|1980,usn_dd-842
usn_dd_gearing,vessels,Variant39,US,1960|1972,usn_dd-843
usn_dd_gearing,vessels,Variant40,US,1961|1975,usn_dd-846
usn_dd_gearing,vessels,Variant41,US,1961|1974,usn_dd-847
usn_dd_gearing,vessels,Variant42,US,1961|1976,usn_dd-849
usn_dd_gearing,vessels,Variant43,US,1961|1973,usn_dd-850
usn_dd_gearing,vessels,Variant44,US,1961|1973,usn_dd-851
usn_dd_gearing,vessels,Variant45,US,1961|1976,usn_dd-852
usn_dd_gearing,vessels,Variant46,US,1961|1973,usn_dd-853
usn_dd_gearing,vessels,Variant47,US,1961|1982,usn_dd-862
usn_dd_gearing,vessels,Variant48,US,1961|1982,usn_dd-863
usn_dd_gearing,vessels,Variant49,US,1961|1983,usn_dd-864
usn_dd_gearing,vessels,Variant50,US,1961|1974,usn_dd-865
usn_dd_gearing,vessels,Variant51,US,1961|1982,usn_dd-866
usn_dd_gearing,vessels,Variant52,US,1961|1976,usn_dd-868
usn_dd_gearing,vessels,Variant53,US,1961|1973,usn_dd-869
usn_dd_gearing,vessels,Variant54,US,1961|1970,usn_dd-870
usn_dd_gearing,vessels,Variant55,US,1961|1980,usn_dd-871
usn_dd_gearing,vessels,Variant56,US,1961|1979,usn_dd-872
usn_dd_gearing,vessels,Variant57,US,1961|1979,usn_dd-873
usn_dd_gearing,vessels,Variant58,US,1961|1973,usn_dd-875
usn_dd_gearing,vessels,Variant59,US,1961|1980,usn_dd-876
usn_dd_gearing,vessels,Variant60,US,1961|1976,usn_dd-878
usn_dd_gearing,vessels,Variant61,US,1961|1973,usn_dd-879
usn_dd_gearing,vessels,Variant62,US,1961|1981,usn_dd-880
usn_dd_gearing,vessels,Variant63,US,1961|1977,usn_dd-881
usn_dd_gearing,vessels,Variant64,US,1961|1972,usn_dd-882
usn_dd_gearing,vessels,Variant65,US,1961|1981,usn_dd-883
usn_dd_gearing,vessels,Variant66,US,1961|1973,usn_dd-884
usn_dd_gearing,vessels,Variant67,US,1961|1979,usn_dd-885
usn_dd_gearing,vessels,Variant68,US,1962|1982,usn_dd-886
usn_dd_gearing,vessels,Variant69,US,1962|1973,usn_dd-887
usn_dd_gearing,vessels,Variant70,US,1962|1972,usn_dd-888
usn_dd_gearing,vessels,Variant71,US,1962|1973,usn_dd-889
usn_dd_gearing,vessels,Variant72,Turkey,,tu_d-348
usn_dd_gearing,vessels,Variant73,Turkey,,transparent
usn_dd_gearing_fram2,vessels,Default,US,1959|1970,transparent
usn_dd_gearing_fram2,vessels,Variant1,US,1959|1970,usn_dd-713
usn_dd_gearing_fram2,vessels,Variant2,US,1959|1971,usn_dd-742
usn_dd_gearing_fram2,vessels,Variant3,US,1960|1972,usn_dd-764
usn_dd_gearing_fram2,vessels,Variant4,US,1960|1972,usn_dd-765
usn_dd_gearing_fram2,vessels,Variant5,US,1960|1972,usn_dd-805
usn_dd_gearing_fram2,vessels,Variant6,US,1961|1970,usn_dd-807
usn_dd_gearing_fram2,vessels,Variant7,US,1961|1972,usn_dd-830
usn_dd_gearing_fram2,vessels,Variant8,US,1962|1969,usn_dd-831
usn_dd_gearing_fram2,vessels,Variant9,US,1962|1969,usn_dd-834
usn_dd_gearing_fram2,vessels,Variant10,US,1962|1970,usn_dd-838
usn_dd_gearing_fram2,vessels,Variant11,US,1963|1970,usn_dd-858
usn_dd_gearing_fram2,vessels,Variant12,US,1963|1970,usn_dd-859
usn_dd_gearing_fram2,vessels,Variant13,US,1964|1973,usn_dd-860
usn_dd_gearing_fram2,vessels,Variant14,US,1964|1971,usn_dd-861
usn_dd_gearing_fram2,vessels,Variant15,US,1965|1970,usn_dd-874
usn_dd_gearing_fram2,vessels,Variant16,US,1965|1973,usn_dd-877
usn_dd_gearing_fram2,vessels,Variant17,Turkey,,transparent
usn_dd_gearing_fram2,vessels,Variant18,Turkey,,transparent
usn_dd_gearing_fram2_mod,vessels,Default,Vietnam,1945|1990,transparent
usn_dd_gearing_fram2_mod,vessels,Variant1,Vietnam,,nv_hq-4
usn_dd_gearing_fram2_mod,vessels,Variant2,Vietnam,,nv_hq-5
usn_dd_spruance,vessels,Default,US,1975|2005,transparent
usn_dd_spruance,vessels,Variant1,US,1975|1986,usn_dd-963
usn_dd_spruance,vessels,Variant2,US,1976|1987,usn_dd-964
usn_dd_spruance,vessels,Variant3,US,1976|1994,usn_dd-965
usn_dd_spruance,vessels,Variant4,US,1976|1987,usn_dd-966
usn_dd_spruance,vessels,Variant5,US,1977|1987,usn_dd-967
usn_dd_spruance,vessels,Variant6,US,1977|1990,usn_dd-968
usn_dd_spruance,vessels,Variant7,US,1977|1991,usn_dd-969
usn_dd_spruance,vessels,Variant8,US,1977|1989,usn_dd-970
usn_dd_spruance,vessels,Variant9,US,1977|1987,usn_dd-971
usn_dd_spruance,vessels,Variant10,US,1978|1992,usn_dd-972
usn_dd_spruance,vessels,Variant11,US,1978|1989,usn_dd-973
usn_dd_spruance,vessels,Variant12,US,1978|1984,usn_dd-974
usn_dd_spruance,vessels,Variant13,US,1977|1987,usn_dd-975
usn_dd_spruance,vessels,Variant14,US,1978|1979,usn_dd-976
usn_dd_spruance,vessels,Variant15,US,1978|1990,usn_dd-977
usn_dd_spruance,vessels,Variant16,US,1978|1990,usn_dd-978
usn_dd_spruance,vessels,Variant17,US,1978|1984,usn_dd-979
usn_dd_spruance,vessels,Variant18,US,1978|1991,usn_dd-980
usn_dd_spruance,vessels,Variant19,US,1979|1989,usn_dd-981
usn_dd_spruance,vessels,Variant20,US,1979|1995,usn_dd-982
usn_dd_spruance,vessels,Variant21,US,1979|1984,usn_dd-983
usn_dd_spruance,vessels,Variant22,US,1979|1984,usn_dd-984
usn_dd_spruance,vessels,Variant23,US,1979|1993,usn_dd-985
usn_dd_spruance,vessels,Variant24,US,1979|1998,usn_dd-986
usn_dd_spruance,vessels,Variant25,US,1979|1993,usn_dd-987
usn_dd_spruance,vessels,Variant26,US,1980|1994,usn_dd-988
usn_dd_spruance,vessels,Variant27,US,1980|1984,usn_dd-989
usn_dd_spruance,vessels,Variant28,US,1980|1985,usn_dd-990
usn_dd_spruance,vessels,Variant29,US,1980|1986,usn_dd-991
usn_dd_spruance,vessels,Variant30,US,1980|1994,usn_dd-992
usn_dd_spruance,vessels,Variant31,US,1983|1991,usn_dd-997
usn_dd_spruance_abl,vessels,Default,US,1975|2005,transparent
usn_dd_spruance_abl,vessels,Variant1,US,1985|1998,usn_dd-974
usn_dd_spruance_abl,vessels,Variant2,US,1980|1998,usn_dd-976
usn_dd_spruance_abl,vessels,Variant3,US,1985|1998,usn_dd-979
usn_dd_spruance_abl,vessels,Variant4,US,1985|1998,usn_dd-983
usn_dd_spruance_abl,vessels,Variant5,US,1985|1998,usn_dd-984
usn_dd_spruance_abl,vessels,Variant6,US,1985|1994,usn_dd-989
usn_dd_spruance_abl,vessels,Variant7,US,1986|1998,usn_dd-990
usn_ddg_adams_early,vessels,Default,US,1980|1990,transparent
usn_ddg_adams_early,vessels,Variant1,US,1980|1990,usn_ddg-2
usn_ddg_adams_early,vessels,Variant2,US,1980|1990,usn_ddg-3
usn_ddg_adams_early,vessels,Variant3,US,1980|1990,usn_ddg-4
usn_ddg_adams_early,vessels,Variant4,US,1980|1989,usn_ddg-5
usn_ddg_adams_early,vessels,Variant5,US,1980|1990,usn_ddg-6
usn_ddg_adams_early,vessels,Variant6,US,1980|1989,usn_ddg-7
usn_ddg_adams_early,vessels,Variant7,US,1980|1991,usn_ddg-8
usn_ddg_adams_early,vessels,Variant8,US,1980|1990,usn_ddg-9
usn_ddg_adams_early,vessels,Variant9,US,1980|1991,usn_ddg-10
usn_ddg_adams_early,vessels,Variant10,US,1980|1989,usn_ddg-11
usn_ddg_adams_early,vessels,Variant11,US,1980|1991,usn_ddg-12
usn_ddg_adams_early,vessels,Variant12,US,1980|1990,usn_ddg-13
usn_ddg_adams_early,vessels,Variant13,US,1980|1991,usn_ddg-14
usn_ddg_adams_early_68,vessels,Default,US,1960|1979,transparent
usn_ddg_adams_early_68,vessels,Variant1,US,1960|1979,usn_ddg-2
usn_ddg_adams_early_68,vessels,Variant2,US,1961|1979,usn_ddg-3
usn_ddg_adams_early_68,vessels,Variant3,US,1962|1979,usn_ddg-4
usn_ddg_adams_early_68,vessels,Variant4,US,1962|1979,usn_ddg-5
usn_ddg_adams_early_68,vessels,Variant5,US,1962|1979,usn_ddg-6
usn_ddg_adams_early_68,vessels,Variant6,US,1960|1979,usn_ddg-7
usn_ddg_adams_early_68,vessels,Variant7,US,1961|1979,usn_ddg-8
usn_ddg_adams_early_68,vessels,Variant8,US,1961|1979,usn_ddg-9
usn_ddg_adams_early_68,vessels,Variant9,US,1961|1979,usn_ddg-10
usn_ddg_adams_early_68,vessels,Variant10,US,1961|1979,usn_ddg-11
usn_ddg_adams_early_68,vessels,Variant11,US,1961|1979,usn_ddg-12
usn_ddg_adams_early_68,vessels,Variant12,US,1962|1979,usn_ddg-13
usn_ddg_adams_early_68,vessels,Variant13,US,1962|1979,usn_ddg-14
usn_ddg_adams_late,vessels,Default,US,1980|1991,transparent
usn_ddg_adams_late,vessels,Variant1,US,1980|1992,usn_ddg-15
usn_ddg_adams_late,vessels,Variant2,US,1980|1990,usn_ddg-16
usn_ddg_adams_late,vessels,Variant3,US,1980|1990,usn_ddg-17
usn_ddg_adams_late,vessels,Variant4,US,1980|1991,usn_ddg-18
usn_ddg_adams_late,vessels,Variant5,US,1980|1991,usn_ddg-19
usn_ddg_adams_late,vessels,Variant6,US,1980|1993,usn_ddg-20
usn_ddg_adams_late,vessels,Variant7,US,1980|1990,usn_ddg-21
usn_ddg_adams_late,vessels,Variant8,US,1980|1991,usn_ddg-22
usn_ddg_adams_late,vessels,Variant9,US,1980|1990,usn_ddg-23
usn_ddg_adams_late,vessels,Variant10,US,1980|1992,usn_ddg-24
usn_ddg_adams_late_68,vessels,Default,US,1962|1979,transparent
usn_ddg_adams_late_68,vessels,Variant1,US,1962|1979,usn_ddg-15
usn_ddg_adams_late_68,vessels,Variant2,US,1963|1979,usn_ddg-16
usn_ddg_adams_late_68,vessels,Variant3,US,1963|1979,usn_ddg-17
usn_ddg_adams_late_68,vessels,Variant4,US,1962|1979,usn_ddg-18
usn_ddg_adams_late_68,vessels,Variant5,US,1963|1979,usn_ddg-19
usn_ddg_adams_late_68,vessels,Variant6,US,1963|1979,usn_ddg-20
usn_ddg_adams_late_68,vessels,Variant7,US,1964|1979,usn_ddg-21
usn_ddg_adams_late_68,vessels,Variant8,US,1964|1979,usn_ddg-22
usn_ddg_adams_late_68,vessels,Variant9,US,1964|1979,usn_ddg-23
usn_ddg_adams_late_68,vessels,Variant10,US,1964|1979,usn_ddg-24
usn_ddg_coontz,vessels,Default,US,1975|1989,transparent
usn_ddg_coontz,vessels,Variant1,US,1975|1989,usn_ddg-37
usn_ddg_coontz,vessels,Variant2,US,1975|1991,usn_ddg-38
usn_ddg_coontz,vessels,Variant3,US,1975|1992,usn_ddg-39
usn_ddg_coontz,vessels,Variant4,US,1975|1989,usn_ddg-40
usn_ddg_coontz,vessels,Variant5,US,1975|1991,usn_ddg-41
usn_ddg_coontz,vessels,Variant6,US,1975|1993,usn_ddg-42
usn_ddg_coontz,vessels,Variant7,US,1975|1992,usn_ddg-43
usn_ddg_coontz,vessels,Variant8,US,1975|1991,usn_ddg-44
usn_ddg_coontz,vessels,Variant9,US,1975|1990,usn_ddg-45
usn_ddg_coontz,vessels,Variant10,US,1975|1991,usn_ddg-46
usn_ddg_coontz_68,vessels,Default,US,1968|1974,transparent
usn_ddg_coontz_68,vessels,Variant1,US,1968|1974,usn_dlg-6
usn_ddg_coontz_68,vessels,Variant2,US,1968|1974,usn_dlg-7
usn_ddg_coontz_68,vessels,Variant3,US,1968|1974,usn_dlg-8
usn_ddg_coontz_68,vessels,Variant4,US,1968|1974,usn_dlg-9
usn_ddg_coontz_68,vessels,Variant5,US,1968|1974,usn_dlg-10
usn_ddg_coontz_68,vessels,Variant6,US,1968|1974,usn_dlg-11
usn_ddg_coontz_68,vessels,Variant7,US,1968|1974,usn_dlg-12
usn_ddg_coontz_68,vessels,Variant8,US,1968|1974,usn_dlg-13
usn_ddg_coontz_68,vessels,Variant9,US,1968|1974,usn_dlg-14
usn_ddg_coontz_68,vessels,Variant10,US,1968|1974,usn_dlg-15
usn_ddg_kidd,vessels,Default,US,1981|1998,transparent
usn_ddg_kidd,vessels,Variant1,US,1981|1998,usn_dd-993
usn_ddg_kidd,vessels,Variant2,US,1981|1998,usn_dd-994
usn_ddg_kidd,vessels,Variant3,US,1981|1998,usn_dd-995
usn_ddg_kidd,vessels,Variant4,US,1982|1999,usn_dd-996
usn_ddg_mahan,vessels,Default,US,1980|1993,usn_ddg-42
usn_ddg_mahan,vessels,Variant1,US,1980|1993,usn_ddg-42
usn_ff_garcia,vessels,Default,US,1964|1989,transparent
usn_ff_garcia,vessels,Variant1,US,1964|1989,usn_ff-1040
usn_ff_garcia,vessels,Variant2,US,1965|1988,usn_ff-1041
usn_ff_garcia,vessels,Variant3,US,1965|1988,usn_ff-1043
usn_ff_garcia,vessels,Variant4,US,1965|1989,usn_ff-1044
usn_ff_garcia,vessels,Variant5,US,1965|1989,usn_ff-1045
usn_ff_garcia,vessels,Variant6,US,1966|1989,usn_ff-1047
usn_ff_garcia,vessels,Variant7,US,1968|1988,usn_ff-1048
usn_ff_garcia,vessels,Variant8,US,1967|1989,usn_ff-1049
usn_ff_garcia,vessels,Variant9,US,1968|1989,usn_ff-1050
usn_ff_garcia,vessels,Variant10,US,1968|1988,usn_ff-1051
usn_ff_knox,vessels,Default,US,,transparent
usn_ff_knox,vessels,Variant1,US,1980|1992,usn_ff-1052
usn_ff_knox,vessels,Variant2,US,1981|1991,usn_ff-1053
usn_ff_knox,vessels,Variant3,US,1981|1991,usn_ff-1054
usn_ff_knox,vessels,Variant4,US,1981|1991,usn_ff-1055
usn_ff_knox,vessels,Variant5,US,1980|1992,usn_ff-1056
usn_ff_knox,vessels,Variant6,US,1980|1992,usn_ff-1057
usn_ff_knox,vessels,Variant7,US,1981|1991,usn_ff-1058
usn_ff_knox,vessels,Variant8,US,1981|1991,usn_ff-1059
usn_ff_knox,vessels,Variant9,US,1981|1991,usn_ff-1060
usn_ff_knox,vessels,Variant10,US,1981|1991,usn_ff-1061
usn_ff_knox,vessels,Variant11,US,1980|1992,usn_ff-1062
usn_ff_knox,vessels,Variant12,US,1983|1993,usn_ff-1063
usn_ff_knox,vessels,Variant13,US,1983|1993,usn_ff-1064
usn_ff_knox,vessels,Variant14,US,1980|1992,usn_ff-1065
usn_ff_knox,vessels,Variant15,US,1980|1992,usn_ff-1066
usn_ff_knox,vessels,Variant16,US,1980|1992,usn_ff-1067
usn_ff_knox,vessels,Variant17,US,1980|1992,usn_ff-1068
usn_ff_knox,vessels,Variant18,US,1981|1991,usn_ff-1069
usn_ff_knox,vessels,Variant19,US,1981|1991,usn_ff-1070
usn_ff_knox,vessels,Variant20,US,1981|1991,usn_ff-1071
usn_ff_knox,vessels,Variant21,US,1980|1992,usn_ff-1072
usn_ff_knox,vessels,Variant22,US,1980|1992,usn_ff-1073
usn_ff_knox,vessels,Variant23,US,1980|1992,usn_ff-1074
usn_ff_knox,vessels,Variant24,US,1983|1993,usn_ff-1075
usn_ff_knox,vessels,Variant25,US,1983|1993,usn_ff-1076
usn_ff_knox,vessels,Variant26,US,1979|1994,usn_ff-1077
usn_ff_knox,vessels,Variant27,US,1979|1994,usn_ff-1078
usn_ff_knox,vessels,Variant28,US,1980|1992,usn_ff-1079
usn_ff_knox,vessels,Variant29,US,1980|1992,usn_ff-1080
usn_ff_knox,vessels,Variant30,US,1983|1993,usn_ff-1081
usn_ff_knox,vessels,Variant31,US,1980|1992,usn_ff-1082
usn_ff_knox,vessels,Variant32,US,1980|1992,usn_ff-1083
usn_ff_knox,vessels,Variant33,US,1980|1992,usn_ff-1084
usn_ff_knox,vessels,Variant34,US,1981|1994,usn_ff-1085
usn_ff_knox,vessels,Variant35,US,1980|1992,usn_ff-1086
usn_ff_knox,vessels,Variant36,US,1981|1993,usn_ff-1087
usn_ff_knox,vessels,Variant37,US,1979|1992,usn_ff-1088
usn_ff_knox,vessels,Variant38,US,1980|1994,usn_ff-1089
usn_ff_knox,vessels,Variant39,US,1980|1994,usn_ff-1090
usn_ff_knox,vessels,Variant40,US,1982|1991,usn_ff-1091
usn_ff_knox,vessels,Variant41,US,1979|1993,usn_ff-1092
usn_ff_knox,vessels,Variant42,US,1981|1993,usn_ff-1093
usn_ff_knox,vessels,Variant43,US,1983|1992,usn_ff-1094
usn_ff_knox,vessels,Variant44,US,1979|1994,usn_ff-1095
usn_ff_knox,vessels,Variant45,US,1980|1991,usn_ff-1096
usn_ff_knox,vessels,Variant46,US,1983|1994,usn_ff-1097
usn_ff_knox_72,vessels,Default,US,1969|1980,transparent
usn_ff_knox_72,vessels,Variant1,US,1969|1980,usn_ff-1052
usn_ff_knox_72,vessels,Variant2,US,1969|1981,usn_ff-1053
usn_ff_knox_72,vessels,Variant3,US,1970|1981,usn_ff-1054
usn_ff_knox_72,vessels,Variant4,US,1969|1981,usn_ff-1055
usn_ff_knox_72,vessels,Variant5,US,1969|1980,usn_ff-1056
usn_ff_knox_72,vessels,Variant6,US,1970|1980,usn_ff-1057
usn_ff_knox_72,vessels,Variant7,US,1969|1981,usn_ff-1058
usn_ff_knox_72,vessels,Variant8,US,1970|1981,usn_ff-1059
usn_ff_knox_72,vessels,Variant9,US,1970|1981,usn_ff-1060
usn_ff_knox_72,vessels,Variant10,US,1970|1981,usn_ff-1061
usn_ff_knox_72,vessels,Variant11,US,1970|1980,usn_ff-1062
usn_ff_knox_72,vessels,Variant12,US,1971|1983,usn_ff-1063
usn_ff_knox_72,vessels,Variant13,US,1970|1983,usn_ff-1064
usn_ff_knox_72,vessels,Variant14,US,1972|1980,usn_ff-1065
usn_ff_knox_72,vessels,Variant15,US,1971|1980,usn_ff-1066
usn_ff_knox_72,vessels,Variant16,US,1971|1980,usn_ff-1067
usn_ff_knox_72,vessels,Variant17,US,1970|1980,usn_ff-1068
usn_ff_knox_72,vessels,Variant18,US,1972|1981,usn_ff-1069
usn_ff_knox_72,vessels,Variant19,US,1970|1981,usn_ff-1070
usn_ff_knox_72,vessels,Variant20,US,1970|1981,usn_ff-1071
usn_ff_knox_72,vessels,Variant21,US,1972|1980,usn_ff-1072
usn_ff_knox_72,vessels,Variant22,US,1971|1980,usn_ff-1073
usn_ff_knox_72,vessels,Variant23,US,1970|1980,usn_ff-1074
usn_ff_knox_72,vessels,Variant24,US,1971|1983,usn_ff-1075
usn_ff_knox_72,vessels,Variant25,US,1970|1983,usn_ff-1076
usn_ff_knox_72,vessels,Variant26,US,1971|1979,usn_ff-1077
usn_ff_knox_72,vessels,Variant27,US,1971|1979,usn_ff-1078
usn_ff_knox_72,vessels,Variant28,US,1971|1980,usn_ff-1079
usn_ff_knox_72,vessels,Variant29,US,1971|1980,usn_ff-1080
usn_ff_knox_72,vessels,Variant30,US,1971|1983,usn_ff-1081
usn_ff_knox_72,vessels,Variant31,US,1971|1980,usn_ff-1082
usn_ff_knox_84,vessels,Default,US,,transparent
usn_ff_knox_84,vessels,Variant1,US,1983|1992,usn_ff-1052
usn_ff_knox_84,vessels,Variant2,US,1984|1991,usn_ff-1053
usn_ff_knox_84,vessels,Variant3,US,1984|1991,usn_ff-1054
usn_ff_knox_84,vessels,Variant4,US,1984|1991,usn_ff-1055
usn_ff_knox_84,vessels,Variant5,US,1983|1992,usn_ff-1056
usn_ff_knox_84,vessels,Variant6,US,1983|1992,usn_ff-1057
usn_ff_knox_84,vessels,Variant7,US,1984|1991,usn_ff-1058
usn_ff_knox_84,vessels,Variant8,US,1984|1991,usn_ff-1059
usn_ff_knox_84,vessels,Variant9,US,1984|1991,usn_ff-1060
usn_ff_knox_84,vessels,Variant10,US,1984|1991,usn_ff-1061
usn_ff_knox_84,vessels,Variant11,US,1983|1992,usn_ff-1062
usn_ff_knox_84,vessels,Variant12,US,1983|1993,usn_ff-1063
usn_ff_knox_84,vessels,Variant13,US,1983|1993,usn_ff-1064
usn_ff_knox_84,vessels,Variant14,US,1983|1992,usn_ff-1065
usn_ff_knox_84,vessels,Variant15,US,1983|1992,usn_ff-1066
usn_ff_knox_84,vessels,Variant16,US,1983|1992,usn_ff-1067
usn_ff_knox_84,vessels,Variant17,US,1983|1992,usn_ff-1068
usn_ff_knox_84,vessels,Variant18,US,1984|1991,usn_ff-1069
usn_ff_knox_84,vessels,Variant19,US,1984|1991,usn_ff-1070
usn_ff_knox_84,vessels,Variant20,US,1984|1991,usn_ff-1071
usn_ff_knox_84,vessels,Variant21,US,1983|1992,usn_ff-1072
usn_ff_knox_84,vessels,Variant22,US,1983|1992,usn_ff-1073
usn_ff_knox_84,vessels,Variant23,US,1983|1992,usn_ff-1074
usn_ff_knox_84,vessels,Variant24,US,1983|1993,usn_ff-1075
usn_ff_knox_84,vessels,Variant25,US,1983|1993,usn_ff-1076
usn_ff_knox_84,vessels,Variant26,US,1983|1994,usn_ff-1077
usn_ff_knox_84,vessels,Variant27,US,1983|1994,usn_ff-1078
usn_ff_knox_84,vessels,Variant28,US,1983|1992,usn_ff-1079
usn_ff_knox_84,vessels,Variant29,US,1983|1992,usn_ff-1080
usn_ff_knox_84,vessels,Variant30,US,1983|1993,usn_ff-1081
usn_ff_knox_84,vessels,Variant31,US,1983|1992,usn_ff-1082
usn_ff_knox_84,vessels,Variant32,US,1983|1992,usn_ff-1083
usn_ff_knox_84,vessels,Variant33,US,1983|1992,usn_ff-1084
usn_ff_knox_84,vessels,Variant34,US,1984|1994,usn_ff-1085
usn_ff_knox_84,vessels,Variant35,US,1983|1992,usn_ff-1086
usn_ff_knox_84,vessels,Variant36,US,1984|1993,usn_ff-1087
usn_ff_knox_84,vessels,Variant37,US,1983|1992,usn_ff-1088
usn_ff_knox_84,vessels,Variant38,US,1983|1994,usn_ff-1089
usn_ff_knox_84,vessels,Variant39,US,1983|1994,usn_ff-1090
usn_ff_knox_84,vessels,Variant40,US,1984|1991,usn_ff-1091
usn_ff_knox_84,vessels,Variant41,US,1983|1993,usn_ff-1092
usn_ff_knox_84,vessels,Variant42,US,1984|1993,usn_ff-1093
usn_ff_knox_84,vessels,Variant43,US,1983|1992,usn_ff-1094
usn_ff_knox_84,vessels,Variant44,US,1983|1994,usn_ff-1095
usn_ff_knox_84,vessels,Variant45,US,1983|1991,usn_ff-1096
usn_ff_knox_84,vessels,Variant46,US,1983|1994,usn_ff-1097
usn_ffg_brooke,vessels,Default,US,1972|1988,transparent
usn_ffg_brooke,vessels,Variant1,US,1972|1988,usn_ffg-1
usn_ffg_brooke,vessels,Variant2,US,1972|1988,usn_ffg-2
usn_ffg_brooke,vessels,Variant3,US,1972|1988,usn_ffg-3
usn_ffg_brooke,vessels,Variant4,US,1972|1988,usn_ffg-4
usn_ffg_brooke,vessels,Variant5,US,1972|1988,usn_ffg-5
usn_ffg_brooke,vessels,Variant6,US,1972|1989,usn_ffg-6
usn_ffg_oliver_hazard_perry,vessels,Default,US,1977|1997,transparent
usn_ffg_oliver_hazard_perry,vessels,Variant1,US,1977|1997,usn_ffg-7
usn_ffg_oliver_hazard_perry,vessels,Variant2,US,1982|1997,usn_ffg-34
usn_ffg_oliver_hazard_perry,vessels,Variant3,US,1980|2002,usn_ffg-9
usn_ffg_oliver_hazard_perry,vessels,Variant4,US,1980|1994,usn_ffg-10
usn_ffg_oliver_hazard_perry,vessels,Variant5,US,1980|2000,usn_ffg-11
usn_ffg_oliver_hazard_perry,vessels,Variant6,US,1980|2003,usn_ffg-12
usn_ffg_oliver_hazard_perry,vessels,Variant7,US,,usn_ffg-13
usn_ffg_oliver_hazard_perry,vessels,Variant8,US,1980|2002,usn_ffg-14
usn_ffg_oliver_hazard_perry,vessels,Variant9,US,1981|2003,usn_ffg-15
usn_ffg_oliver_hazard_perry,vessels,Variant10,US,1981|1995,usn_ffg-16
usn_ffg_oliver_hazard_perry,vessels,Variant11,US,1981|2000,usn_ffg-19
usn_ffg_oliver_hazard_perry,vessels,Variant12,US,1981|1996,usn_ffg-20
usn_ffg_oliver_hazard_perry,vessels,Variant13,US,1981|1996,usn_ffg-21
usn_ffg_oliver_hazard_perry,vessels,Variant14,US,1982|1998,usn_ffg-22
usn_ffg_oliver_hazard_perry,vessels,Variant15,US,1982|1998,usn_ffg-23
usn_ffg_oliver_hazard_perry,vessels,Variant16,US,1981|1996,usn_ffg-24
usn_ffg_oliver_hazard_perry,vessels,Variant17,US,1982|1996,usn_ffg-25
usn_ffg_oliver_hazard_perry,vessels,Variant18,US,1981|1996,usn_ffg-26
usn_ffg_oliver_hazard_perry,vessels,Variant19,US,1982|1996,usn_ffg-27
usn_ffg_oliver_hazard_perry,vessels,Variant20,US,1982|1987,usn_ffg-28
usn_ffg_oliver_hazard_perry,vessels,Variant21,US,1982|1987,usn_ffg-29
usn_ffg_oliver_hazard_perry,vessels,Variant22,US,1983|1998,usn_ffg-30
usn_ffg_oliver_hazard_perry,vessels,Variant23,US,1982|1999,usn_ffg-31
usn_ffg_oliver_hazard_perry,vessels,Variant24,US,1982|1988,usn_ffg-32
usn_ffg_oliver_hazard_perry,vessels,Variant25,US,1983|1988,usn_ffg-33
usn_ffg_oliver_hazard_perry_longhull,vessels,Default,US,1977|1997,transparent
usn_ffg_oliver_hazard_perry_longhull,vessels,Variant1,US,1979|2010,usn_ffg-8
usn_ffg_oliver_hazard_perry_longhull,vessels,Variant2,US,1987|2012,usn_ffg-28
usn_ffg_oliver_hazard_perry_longhull,vessels,Variant3,US,1988|2012,usn_ffg-29
usn_ffg_oliver_hazard_perry_longhull,vessels,Variant4,US,1989|2012,usn_ffg-32
usn_ffg_oliver_hazard_perry_longhull,vessels,Variant5,US,1989|2011,usn_ffg-33
usn_ffg_oliver_hazard_perry_longhull,vessels,Variant6,US,1983|2013,usn_ffg-36
usn_ffg_oliver_hazard_perry_longhull,vessels,Variant7,US,1983|2013,usn_ffg-37
usn_ffg_oliver_hazard_perry_longhull,vessels,Variant8,US,1983|2013,usn_ffg-38
usn_ffg_oliver_hazard_perry_longhull,vessels,Variant9,US,1983|2011,usn_ffg-39
usn_ffg_oliver_hazard_perry_longhull,vessels,Variant10,US,1984|2014,usn_ffg-40
usn_ffg_oliver_hazard_perry_longhull,vessels,Variant11,US,1983|2015,usn_ffg-41
usn_ffg_oliver_hazard_perry_longhull,vessels,Variant12,US,1983|2013,usn_ffg-42
usn_ffg_oliver_hazard_perry_longhull,vessels,Variant13,US,1984|2013,usn_ffg-43
usn_ffg_oliver_hazard_perry_longhull,vessels,Variant14,US,1983|2014,usn_ffg-45
usn_ffg_oliver_hazard_perry_longhull,vessels,Variant15,US,1984|2014,usn_ffg-46
usn_ffg_oliver_hazard_perry_longhull,vessels,Variant16,US,1984|2014,usn_ffg-47
usn_ffg_oliver_hazard_perry_longhull,vessels,Variant17,US,1984|2015,usn_ffg-48
usn_ffg_oliver_hazard_perry_longhull,vessels,Variant18,US,1984|2014,usn_ffg-49
usn_ffg_oliver_hazard_perry_longhull,vessels,Variant19,US,1984|2015,usn_ffg-50
usn_ffg_oliver_hazard_perry_longhull,vessels,Variant20,US,1984|2015,usn_ffg-51
usn_ffg_oliver_hazard_perry_longhull,vessels,Variant21,US,1985|2013,usn_ffg-52
usn_ffg_oliver_hazard_perry_longhull,vessels,Variant22,US,1985|2010,usn_ffg-53
usn_ffg_oliver_hazard_perry_longhull,vessels,Variant23,US,1985|2013,usn_ffg-54
usn_ffg_oliver_hazard_perry_longhull,vessels,Variant24,US,1985|2015,usn_ffg-55
usn_ffg_oliver_hazard_perry_longhull,vessels,Variant25,US,1985|2015,usn_ffg-56
usn_ffg_oliver_hazard_perry_longhull,vessels,Variant26,US,1986|2013,usn_ffg-57
usn_ffg_oliver_hazard_perry_longhull,vessels,Variant27,US,1986|2015,usn_ffg-58
usn_ffg_oliver_hazard_perry_longhull,vessels,Variant28,US,1987|2015,usn_ffg-59
usn_ffg_oliver_hazard_perry_longhull,vessels,Variant29,US,1987|2015,usn_ffg-60
usn_ffg_oliver_hazard_perry_longhull,vessels,Variant30,US,1989|2015,usn_ffg-61
usn_lha_tarawa,vessels,Default,US,1976|2009,transparent
usn_lha_tarawa,vessels,Variant1,US,1976|2009,usn_lha-1
usn_lha_tarawa,vessels,Variant2,US,1977|2007,usn_lha-2
usn_lha_tarawa,vessels,Variant3,US,1978|2005,usn_lha-3
usn_lha_tarawa,vessels,Variant4,US,1979|2011,usn_lha-4
usn_lha_tarawa,vessels,Variant5,US,1980|2015,usn_lha-5
usn_lka_charleston,vessels,Default,US,1968|1992,transparent
usn_lka_charleston,vessels,Variant1,US,1968|1992,usn_lka-113
usn_lka_charleston,vessels,Variant2,US,1969|1994,usn_lka-114
usn_lka_charleston,vessels,Variant3,US,1969|1994,usn_lka-115
usn_lka_charleston,vessels,Variant4,US,1969|1992,usn_lka-116
usn_lka_charleston,vessels,Variant5,US,1970|1994,usn_lka-117
usn_lpd_austin,vessels,Default,US,1965|2006,transparent
usn_lpd_austin,vessels,Variant1,US,1965|2006,usn_lpd-4
usn_lpd_austin,vessels,Variant2,US,1965|2007,usn_lpd-5
usn_lpd_austin,vessels,Variant3,US,1965|2005,usn_lpd-6
usn_lpd_austin,vessels,Variant4,US,1967|2011,usn_lpd-7
usn_lpd_austin,vessels,Variant5,US,1967|2011,usn_lpd-8
usn_lpd_austin,vessels,Variant6,US,1968|2014,usn_lpd-9
usn_lpd_austin,vessels,Variant7,US,1969|2008,usn_lpd-10
usn_lpd_austin,vessels,Variant8,US,1970|2005,usn_lpd-11
usn_lpd_austin,vessels,Variant9,US,1970|2007,usn_lpd-12
usn_lpd_austin,vessels,Variant10,US,1970|2009,usn_lpd-13
usn_lpd_austin,vessels,Variant11,US,1971|2007,usn_lpd-14
usn_lpd_austin,vessels,Variant12,US,1971|2017,usn_lpd-15
usn_lsm_lsm1,vessels,Default,US,1944|2006,transparent
usn_lsm_lsm1,vessels,Variant1,US,,081
usn_lsm_lsm1,vessels,Variant2,US,,086
usn_lsm_lsm1,vessels,Variant3,US,,088
usn_lsm_lsm1,vessels,Variant4,US,,108
usn_lsm_lsm1,vessels,Variant5,US,,112
usn_lsm_lsm1,vessels,Variant6,US,,122
usn_lsm_lsm1,vessels,Variant7,US,,123
usn_lsm_lsm1,vessels,Variant8,US,,125
usn_lsm_lsm1,vessels,Variant9,US,,127
usn_lsm_lsm1,vessels,Variant10,US,,128
usn_lsm_lsm1,vessels,Variant11,US,,130
usn_lsm_lsm1,vessels,Variant12,US,,135
usn_lsm_lsm1,vessels,Variant13,US,,137
usn_lsm_lsm1,vessels,Variant14,US,,151
usn_lst_newport,vessels,Default,US,1969|1992,transparent
usn_lst_newport,vessels,Variant1,US,1969|1992,usn_lst-1179
usn_lst_newport,vessels,Variant2,US,1970|1993,usn_lst-1180
usn_lst_newport,vessels,Variant3,US,1970|1993,usn_lst-1181
usn_lst_newport,vessels,Variant4,US,1969|1993,usn_lst-1182
usn_lst_newport,vessels,Variant5,US,1970|1994,usn_lst-1183
usn_lst_newport,vessels,Variant6,US,1970|2002,usn_lst-1184
usn_lst_newport,vessels,Variant7,US,1970|1993,usn_lst-1185
usn_lst_newport,vessels,Variant8,US,1970|1994,usn_lst-1186
usn_lst_newport,vessels,Variant9,US,1970|1993,usn_lst-1187
usn_lst_newport,vessels,Variant10,US,1971|1994,usn_lst-1188
usn_lst_newport,vessels,Variant11,US,1971|1995,usn_lst-1189
usn_lst_newport,vessels,Variant12,US,1971|1994,usn_lst-1190
usn_lst_newport,vessels,Variant13,US,1971|1993,usn_lst-1191
usn_lst_newport,vessels,Variant14,US,1971|1994,usn_lst-1192
usn_lst_newport,vessels,Variant15,US,1971|1994,usn_lst-1193
usn_lst_newport,vessels,Variant16,US,1971|2000,usn_lst-1194
usn_lst_newport,vessels,Variant17,US,1972|1992,usn_lst-1195
usn_lst_newport,vessels,Variant18,US,1972|1995,usn_lst-1196
usn_lst_newport,vessels,Variant19,US,1972|1994,usn_lst-1197
usn_lst_newport,vessels,Variant20,US,1972|1994,usn_lst-1198
usn_msc_adjutant,vessels,Default,US,1953,transparent
usn_msc_adjutant,vessels,Variant1,Belgium,1953,transparent
usn_mso_aggressive,vessels,Default,US,1953|2025,transparent
usn_mso_aggressive,vessels,Variant1,US,,transparent
usn_mso_aggressive,vessels,Variant2,US,,transparent
usn_mso_aggressive,vessels,Variant3,US,,transparent
usn_mso_aggressive,vessels,Variant4,US,,transparent
usn_mso_aggressive,vessels,Variant5,US,,transparent
usn_mso_aggressive,vessels,Variant6,US,,transparent
usn_mso_aggressive,vessels,Variant7,US,,transparent
usn_mso_aggressive,vessels,Variant8,US,,transparent
usn_mso_aggressive,vessels,Variant9,US,,transparent
usn_mso_aggressive,vessels,Variant10,US,,transparent
usn_mso_aggressive,vessels,Variant11,US,,transparent
usn_mso_aggressive,vessels,Variant12,US,,transparent
usn_mso_aggressive,vessels,Variant13,US,,transparent
usn_mso_aggressive,vessels,Variant14,US,,transparent
usn_mso_aggressive,vessels,Variant15,US,,transparent
usn_mso_aggressive,vessels,Variant16,US,,transparent
usn_mso_aggressive,vessels,Variant17,US,,transparent
usn_mso_aggressive,vessels,Variant18,US,,transparent
usn_mso_aggressive,vessels,Variant19,US,,transparent
usn_mso_aggressive,vessels,Variant20,US,,transparent
usn_mso_aggressive,vessels,Variant21,US,,transparent
usn_mso_aggressive,vessels,Variant22,US,,transparent
usn_mso_aggressive,vessels,Variant23,US,,transparent
usn_mso_aggressive,vessels,Variant24,US,,transparent
usn_mso_aggressive,vessels,Variant25,US,,transparent
usn_mso_aggressive,vessels,Variant26,US,,transparent
usn_mso_aggressive,vessels,Variant27,US,,transparent
usn_mso_aggressive,vessels,Variant28,US,,transparent
usn_mso_aggressive,vessels,Variant29,US,,transparent
usn_mso_aggressive,vessels,Variant30,US,,transparent
usn_mso_aggressive,vessels,Variant31,US,,transparent
usn_mso_aggressive,vessels,Variant32,US,,transparent
usn_mso_aggressive,vessels,Variant33,US,,transparent
usn_mso_aggressive,vessels,Variant34,US,,transparent
usn_mso_aggressive,vessels,Variant35,US,,transparent
usn_mso_aggressive,vessels,Variant36,US,,transparent
usn_mso_aggressive,vessels,Variant37,US,,transparent
usn_mso_aggressive,vessels,Variant38,US,,transparent
usn_mso_aggressive,vessels,Variant39,US,,transparent
usn_mso_aggressive,vessels,Variant40,US,,transparent
usn_mso_aggressive,vessels,Variant41,US,,transparent
usn_mso_aggressive,vessels,Variant42,US,,transparent
usn_mso_aggressive,vessels,Variant43,US,,transparent
usn_mso_aggressive,vessels,Variant44,US,,transparent
usn_mso_aggressive,vessels,Variant45,US,,transparent
usn_mso_aggressive,vessels,Variant46,US,,transparent
usn_mso_aggressive,vessels,Variant47,US,,transparent
usn_mso_aggressive,vessels,Variant48,US,,transparent
usn_mso_aggressive,vessels,Variant49,US,,transparent
usn_mso_aggressive,vessels,Variant50,US,,transparent
usn_mso_aggressive,vessels,Variant51,US,,transparent
usn_mso_aggressive,vessels,Variant52,US,,transparent
usn_mso_aggressive,vessels,Variant53,US,,transparent
usn_mso_aggressive,vessels,Variant54,US,,transparent
usn_mso_aggressive,vessels,Variant55,Vietnam,,nv_hq-10
usn_pb_pgm-39,vessels,Default,South_Vietnam,1959,transparent
usn_pb_pgm-39,vessels,Variant1,South_Vietnam,,transparent
usn_pb_pgm-39,vessels,Variant2,South_Vietnam,,transparent
usn_pb_pgm-39,vessels,Variant3,South_Vietnam,,transparent
usn_pb_pgm-39,vessels,Variant4,South_Vietnam,,transparent
usn_pb_pgm-39,vessels,Variant5,South_Vietnam,,transparent
usn_pb_pgm-39,vessels,Variant6,South_Vietnam,,transparent
usn_pb_pgm-39,vessels,Variant7,South_Vietnam,,transparent
usn_pb_pgm-39,vessels,Variant8,South_Vietnam,,transparent
usn_pb_pgm-39,vessels,Variant9,South_Vietnam,,transparent
usn_pb_pgm-39,vessels,Variant10,South_Vietnam,,transparent
usn_pb_pgm-39,vessels,Variant11,South_Vietnam,,transparent
usn_pb_pgm-39,vessels,Variant12,South_Vietnam,,transparent
usn_pb_pgm-39,vessels,Variant13,South_Vietnam,,transparent
usn_pb_pgm-39,vessels,Variant14,South_Vietnam,,transparent
usn_pb_pgm-39,vessels,Variant15,South_Vietnam,,transparent
usn_pb_pgm-39,vessels,Variant16,South_Vietnam,,transparent
usn_pb_pgm-39,vessels,Variant17,South_Vietnam,,transparent
usn_pb_pgm-39,vessels,Variant18,South_Vietnam,,transparent
usn_pb_pgm-39,vessels,Variant19,South_Vietnam,,transparent
usn_phm_pegasus,vessels,Default,US,1977|1993,transparent
usn_phm_pegasus,vessels,Variant1,US,1977|1993,usn_phm-1
usn_phm_pegasus,vessels,Variant2,US,1982|1993,usn_phm-2
usn_phm_pegasus,vessels,Variant3,US,1981|1993,usn_phm-3
usn_phm_pegasus,vessels,Variant4,US,1982|1993,usn_phm-4
usn_phm_pegasus,vessels,Variant5,US,1982|1993,usn_phm-5
usn_phm_pegasus,vessels,Variant6,US,1982|1993,usn_phm-6
usn_septar_qst-35,vessels,Default,Unknown,1980,transparent
usn_septar_qst-35,vessels,Variant1,US,1980,transparent
usn_septar_qst-35,vessels,Variant2,Soviet,1980,transparent
usn_septar_qst-35_small,vessels,Default,Unknown,1980,transparent
usn_septar_qst-35_small,vessels,Variant1,US,1980,transparent
usn_septar_qst-35_small,vessels,Variant2,Soviet,1980,transparent
usn_ssbn_franklin,vessels,Default,US,1965|1993,transparent
usn_ssbn_franklin,vessels,Variant1,US,1965|1993,
usn_ssbn_franklin,vessels,Variant2,US,1965|1995,
usn_ssbn_franklin,vessels,Variant3,US,1965|2002,
usn_ssbn_franklin,vessels,Variant4,US,1966|1993,
usn_ssbn_franklin,vessels,Variant5,US,1965|1992,
usn_ssbn_franklin,vessels,Variant6,US,1966|1999,
usn_ssbn_franklin,vessels,Variant7,US,1966|1992,
usn_ssbn_franklin,vessels,Variant8,US,1966|1993,
usn_ssbn_franklin,vessels,Variant9,US,1966|1993,
usn_ssbn_franklin,vessels,Variant10,US,1966|1993,
usn_ssbn_franklin,vessels,Variant11,US,1966|1995,
usn_ssbn_franklin,vessels,Variant12,US,1967|1993,
usn_ssbn_james_madison,vessels,Default,US,1964|1992,transparent
usn_ssbn_james_madison,vessels,Variant1,US,1964|1992,
usn_ssbn_james_madison,vessels,Variant2,US,1964|1993,
usn_ssbn_james_madison,vessels,Variant3,US,1964|1994,
usn_ssbn_james_madison,vessels,Variant4,US,1964|1994,
usn_ssbn_james_madison,vessels,Variant5,US,1964|1992,
usn_ssbn_james_madison,vessels,Variant6,US,1964|1994,
usn_ssbn_james_madison,vessels,Variant7,US,1964|1994,
usn_ssbn_james_madison,vessels,Variant8,US,1964|1995,
usn_ssbn_james_madison,vessels,Variant9,US,1964|1989,
usn_ssbn_james_madison,vessels,Variant10,US,1964|1986,
usn_ssbn_lafayette,vessels,Default,US,1963|1991,transparent
usn_ssbn_lafayette,vessels,Variant1,US,1963|1991,
usn_ssbn_lafayette,vessels,Variant2,US,1963|1993,
usn_ssbn_lafayette,vessels,Variant3,US,1963|1989,
usn_ssbn_lafayette,vessels,Variant4,US,1964|1989,
usn_ssbn_lafayette,vessels,Variant5,US,1963|1990,
usn_ssbn_lafayette,vessels,Variant6,US,1963|1986,
usn_ssbn_lafayette,vessels,Variant7,US,1963|1994,
usn_ssbn_lafayette,vessels,Variant8,US,1964|1990,
usn_ssbn_lafayette,vessels,Variant9,US,1964|1990,
usn_ssn_los_angeles,vessels,Default,US,1981|2011,transparent
usn_ssn_los_angeles,vessels,Variant1,US,1984|2011,
usn_ssn_los_angeles,vessels,Variant2,US,1984|1995,
usn_ssn_los_angeles,vessels,Variant3,US,1984|2010,
usn_ssn_los_angeles,vessels,Variant4,US,1985|2011,
usn_ssn_los_angeles,vessels,Variant5,US,1985|1995,
usn_ssn_los_angeles,vessels,Variant6,US,1985|1996,
usn_ssn_los_angeles,vessels,Variant7,US,1986|1997,
usn_ssn_los_angeles,vessels,Variant8,US,1986|1997,
usn_ssn_los_angeles,vessels,Variant9,US,1986|1998,
usn_ssn_los_angeles,vessels,Variant10,US,1987|2021,
usn_ssn_los_angeles,vessels,Variant11,US,1987|2021,
usn_ssn_los_angeles,vessels,Variant12,US,1987|2018,
usn_ssn_los_angeles,vessels,Variant13,US,1981|2019,
usn_ssn_los_angeles,vessels,Variant14,US,1981|1998,
usn_ssn_los_angeles,vessels,Variant15,US,1982|1999,
usn_ssn_los_angeles,vessels,Variant16,US,1982|1998,
usn_ssn_los_angeles,vessels,Variant17,US,1983|2017,
usn_ssn_los_angeles,vessels,Variant18,US,1983|2017,
usn_ssn_los_angeles,vessels,Variant19,US,1983|2004,
usn_ssn_los_angeles,vessels,Variant20,US,1984|2008,
usn_ssn_los_angeles,vessels,Variant21,US,1984|2006,
usn_ssn_los_angeles,vessels,Variant22,US,1985|2009,
usn_ssn_los_angeles,vessels,Variant23,US,1985|2009,
usn_ssn_los_angeles,vessels,Variant24,US,1981|2022,
usn_ssn_los_angeles,vessels,Variant25,US,1982|1999,
usn_ssn_los_angeles,vessels,Variant26,US,1982|2016,
usn_ssn_los_angeles,vessels,Variant27,US,1983|2014,
usn_ssn_los_angeles,vessels,Variant28,US,1983|2019,
usn_ssn_los_angeles,vessels,Variant29,US,1984|2006,
usn_ssn_los_angeles,vessels,Variant30,US,1984|2021,
usn_ssn_los_angeles,vessels,Variant31,US,1985|2007,
usn_ssn_los_angeles_76,vessels,Default,US,1976|1987,transparent
usn_ssn_los_angeles_76,vessels,Variant1,US,1976|1984,
usn_ssn_los_angeles_76,vessels,Variant2,US,1977|1984,
usn_ssn_los_angeles_76,vessels,Variant3,US,1977|1984,
usn_ssn_los_angeles_76,vessels,Variant4,US,1977|1985,
usn_ssn_los_angeles_76,vessels,Variant5,US,1978|1985,
usn_ssn_los_angeles_76,vessels,Variant6,US,1978|1985,
usn_ssn_los_angeles_76,vessels,Variant7,US,1978|1986,
usn_ssn_los_angeles_76,vessels,Variant8,US,1979|1986,
usn_ssn_los_angeles_76,vessels,Variant9,US,1980|1986,
usn_ssn_los_angeles_76,vessels,Variant10,US,1981|1987,
usn_ssn_los_angeles_76,vessels,Variant11,US,1981|1987,
usn_ssn_los_angeles_76,vessels,Variant12,US,1981|1987,
usn_ssn_permit,vessels,Default,US,1962|1991,transparent
usn_ssn_permit,vessels,Variant1,US,1962|1991,
usn_ssn_permit,vessels,Variant2,US,1962|1990,
usn_ssn_permit,vessels,Variant3,US,1963|1989,
usn_ssn_permit,vessels,Variant4,US,1964|1989,
usn_ssn_permit,vessels,Variant5,US,1964|1991,
usn_ssn_permit,vessels,Variant6,US,1967|1990,
usn_ssn_permit,vessels,Variant7,US,1964|1992,
usn_ssn_permit,vessels,Variant8,US,1964|1988,
usn_ssn_permit,vessels,Variant9,US,1966|1992,
usn_ssn_permit,vessels,Variant10,US,1966|1992,
usn_ssn_permit,vessels,Variant11,US,1967|1994,
usn_ssn_permit,vessels,Variant12,US,1968|1996,
usn_ssn_permit,vessels,Variant13,US,1967|1993,
usn_ssn_permit_68,vessels,Default,US,1962|1991,transparent
usn_ssn_permit_68,vessels,Variant1,US,1962|1991,
usn_ssn_permit_68,vessels,Variant2,US,1962|1990,
usn_ssn_permit_68,vessels,Variant3,US,1963|1989,
usn_ssn_permit_68,vessels,Variant4,US,1964|1989,
usn_ssn_permit_68,vessels,Variant5,US,1964|1991,
usn_ssn_permit_68,vessels,Variant6,US,1967|1990,
usn_ssn_permit_68,vessels,Variant7,US,1964|1992,
usn_ssn_permit_68,vessels,Variant8,US,1964|1988,
usn_ssn_permit_68,vessels,Variant9,US,1966|1992,
usn_ssn_permit_68,vessels,Variant10,US,1966|1992,
usn_ssn_permit_68,vessels,Variant11,US,1967|1994,
usn_ssn_permit_68,vessels,Variant12,US,1968|1996,
usn_ssn_permit_68,vessels,Variant13,US,1967|1993,
usn_ssn_skipjack,vessels,Default,US,1972|1990,transparent
usn_ssn_skipjack,vessels,Variant1,US,1972|1990,
usn_ssn_skipjack,vessels,Variant2,US,1972|1988,
usn_ssn_skipjack,vessels,Variant3,US,1972|1990,
usn_ssn_skipjack,vessels,Variant4,US,1972|1990,
usn_ssn_skipjack,vessels,Variant5,US,1972|1986,
usn_ssn_skipjack_68,vessels,Default,US,1959|1972,transparent
usn_ssn_skipjack_68,vessels,Variant1,US,1959|1972,
usn_ssn_skipjack_68,vessels,Variant2,US,1961|1972,
usn_ssn_skipjack_68,vessels,Variant3,US,1960|1968,
usn_ssn_skipjack_68,vessels,Variant4,US,1961|1972,
usn_ssn_skipjack_68,vessels,Variant5,US,1961|1972,
usn_ssn_skipjack_68,vessels,Variant6,US,1961|1972,
usn_ssn_sturgeon,vessels,Default,US,1967|1994,transparent
usn_ssn_sturgeon,vessels,Variant1,US,1967|1994,
usn_ssn_sturgeon,vessels,Variant2,US,1968|1996,
usn_ssn_sturgeon,vessels,Variant3,US,1968|1997,
usn_ssn_sturgeon,vessels,Variant4,US,1969|1997,
usn_ssn_sturgeon,vessels,Variant5,US,1971|1999,
usn_ssn_sturgeon,vessels,Variant6,US,1969|1995,
usn_ssn_sturgeon,vessels,Variant7,US,1969|1997,
usn_ssn_sturgeon,vessels,Variant8,US,1968|1995,
usn_ssn_sturgeon,vessels,Variant9,US,1966|1992,
usn_ssn_sturgeon,vessels,Variant10,US,1969|1996,
usn_ssn_sturgeon,vessels,Variant11,US,1967|1993,
usn_ssn_sturgeon,vessels,Variant12,US,1971|1998,
usn_ssn_sturgeon,vessels,Variant13,US,1967|1972,
usn_ssn_sturgeon,vessels,Variant14,US,1968|1995,
usn_ssn_sturgeon,vessels,Variant15,US,1968|1995,
usn_ssn_sturgeon,vessels,Variant16,US,1969|1991,
usn_ssn_sturgeon,vessels,Variant17,US,1972|1992,
usn_ssn_sturgeon,vessels,Variant18,US,1971|2000,
usn_ssn_sturgeon,vessels,Variant19,US,1969|1996,
usn_ssn_sturgeon,vessels,Variant20,US,1969|1997,
usn_ssn_sturgeon,vessels,Variant21,US,1969|1995,
usn_ssn_sturgeon,vessels,Variant22,US,1970|1997,
usn_ssn_sturgeon,vessels,Variant23,US,1971|1998,
usn_ssn_sturgeon,vessels,Variant24,US,1970|1996,
usn_ssn_sturgeon,vessels,Variant25,US,1970|1999,
usn_ssn_sturgeon,vessels,Variant26,US,1971|1996,
usn_ssn_sturgeon,vessels,Variant27,US,1971|1999,
usn_ssn_sturgeon,vessels,Variant28,US,1972|1995,
usn_ssn_sturgeon,vessels,Variant29,US,1971|1998,
usn_ssn_sturgeon,vessels,Variant30,US,1972|1994,
usn_ssn_sturgeon,vessels,Variant31,US,1973|2000,
usn_ssn_sturgeon,vessels,Variant32,US,1972|1999,
usn_ssn_sturgeon,vessels,Variant33,US,1974|1998,
usn_ssn_sturgeon,vessels,Variant34,US,1974|2005,
usn_ssn_sturgeon,vessels,Variant35,US,1973|1998,
usn_ssn_sturgeon,vessels,Variant36,US,1975|2001,
usn_ssn_sturgeon,vessels,Variant37,US,1975|1994,
usn_ssn_sturgeon_72,vessels,Default,US,1967|1980,transparent
usn_ssn_sturgeon_72,vessels,Variant1,US,1967|1978,
usn_ssn_sturgeon_72,vessels,Variant2,US,1968|1978,
usn_ssn_sturgeon_72,vessels,Variant3,US,1968|1977,
usn_ssn_sturgeon_72,vessels,Variant4,US,1969|1980,
usn_ssn_sturgeon_72,vessels,Variant5,US,1971|1980,
usn_ssn_sturgeon_72,vessels,Variant6,US,1969|1980,
usn_ssn_sturgeon_72,vessels,Variant7,US,1969|1980,
usn_ssn_sturgeon_72,vessels,Variant8,US,1968|1980,
usn_ssn_sturgeon_72,vessels,Variant9,US,1966|1980,
usn_ssn_sturgeon_72,vessels,Variant10,US,1969|1980,
usn_ssn_sturgeon_72,vessels,Variant11,US,1967|1980,
usn_ssn_sturgeon_72,vessels,Variant12,US,1971|1980,
usn_ssn_sturgeon_72,vessels,Variant13,US,1967|1980,
usn_ssn_sturgeon_72,vessels,Variant14,US,1968|1980,
usn_ssn_sturgeon_72,vessels,Variant15,US,1968|1980,
usn_ssn_sturgeon_72,vessels,Variant16,US,1969|1980,
usn_ssn_sturgeon_72,vessels,Variant17,US,1972|1980,
usn_ssn_sturgeon_72,vessels,Variant18,US,1971|1980,
usn_ssn_sturgeon_72,vessels,Variant19,US,1969|1980,
usn_ssn_sturgeon_72,vessels,Variant20,US,1969|1980,
usn_ssn_sturgeon_72,vessels,Variant21,US,1969|1980,
usn_ssn_sturgeon_72,vessels,Variant22,US,1970|1980,
usn_ssn_sturgeon_72,vessels,Variant23,US,1971|1980,
usn_ssn_sturgeon_72,vessels,Variant24,US,1970|1980,
usn_ssn_sturgeon_72,vessels,Variant25,US,1970|1980,
usn_ssn_sturgeon_72,vessels,Variant26,US,1971|1980,
usn_ssn_sturgeon_72,vessels,Variant27,US,1971|1980,
usn_ssn_sturgeon_72,vessels,Variant28,US,1972|1980,
usn_takr_algol,vessels,Default,US,1981,transparent
usn_takr_algol,vessels,Variant1,US,1981,algol_001
usn_takr_algol,vessels,Variant2,US,1981|2025,algol_002
usn_takr_algol,vessels,Variant3,US,1981,algol_003
usn_takr_algol,vessels,Variant4,US,1981|2025,algol_004
usn_takr_algol,vessels,Variant5,US,1982|2025,algol_005
usn_takr_algol,vessels,Variant6,US,1981,algol_006
usn_takr_algol,vessels,Variant7,US,1982,algol_007
usn_takr_algol,vessels,Variant8,US,1982|2025,algol_008
wp_agi_okean,vessels,Default,Soviet,,transparent
wp_agi_okean,vessels,Variant1,Soviet,,
wp_agi_okean,vessels,Variant2,Soviet,,
wp_agi_okean,vessels,Variant3,Soviet,,
wp_agi_okean,vessels,Variant4,Soviet,,
wp_agi_okean,vessels,Variant5,Soviet,,
wp_agi_okean,vessels,Variant6,Soviet,,
wp_agi_okean,vessels,Variant7,Soviet,,
wp_agi_okean,vessels,Variant8,Soviet,,
wp_agi_okean,vessels,Variant9,Soviet,,
wp_agi_okean,vessels,Variant10,Soviet,,
wp_agi_okean_mod,vessels,Default,Soviet,,transparent
wp_agi_okean_mod,vessels,Variant1,Soviet,,
wp_agi_okean_mod,vessels,Variant2,Soviet,,
wp_agi_okean_mod,vessels,Variant3,Soviet,,
wp_agi_okean_mod,vessels,Variant4,Soviet,,
wp_agi_okean_mod,vessels,Variant5,Soviet,,
wp_bdk_alligator,vessels,Default,Soviet,,transparent
wp_bdk_alligator,vessels,Variant1,Soviet,,transparent
wp_bdk_alligator,vessels,Variant2,Soviet,,transparent
wp_bdk_alligator,vessels,Variant3,Soviet,,transparent
wp_bdk_alligator,vessels,Variant4,Soviet,,transparent
wp_bdk_alligator,vessels,Variant5,Soviet,,transparent
wp_bdk_alligator,vessels,Variant6,Soviet,,transparent
wp_bdk_alligator,vessels,Variant7,Soviet,,transparent
wp_bdk_alligator,vessels,Variant8,Soviet,,transparent
wp_bdk_alligator,vessels,Variant9,Soviet,,transparent
wp_bdk_alligator,vessels,Variant10,Soviet,,transparent
wp_bdk_alligator,vessels,Variant11,Soviet,,transparent
wp_bdk_alligator,vessels,Variant12,Soviet,,transparent
wp_bdk_alligator,vessels,Variant13,Soviet,,transparent
wp_bdk_alligator,vessels,Variant14,Soviet,,transparent
wp_bdk_ivan_rogov,vessels,Default,Soviet,,transparent
wp_bdk_ivan_rogov,vessels,Variant1,Soviet,,transparent
wp_bdk_ivan_rogov,vessels,Variant2,Soviet,,transparent
wp_bdk_ropucha,vessels,Default,Soviet,,transparent
wp_bdk_ropucha,vessels,Variant1,Soviet,,125
wp_bdk_ropucha,vessels,Variant2,Soviet,,061
wp_bdk_ropucha,vessels,Variant3,Soviet,,037
wp_bdk_ropucha,vessels,Variant4,Soviet,,088
wp_bdk_ropucha,vessels,Variant5,Soviet,,069
wp_bdk_ropucha,vessels,Variant6,Soviet,,045
wp_bdk_ropucha,vessels,Variant7,Soviet,,053
wp_bdk_ropucha,vessels,Variant8,Soviet,,014
wp_bdk_ropucha,vessels,Variant9,Soviet,,034
wp_bdk_ropucha,vessels,Variant10,Soviet,,051
wp_bdk_ropucha,vessels,Variant11,Soviet,,043
wp_bdk_ropucha,vessels,Variant12,Soviet,,081
wp_bdk_ropucha,vessels,Variant13,Soviet,,046
wp_bdk_ropucha,vessels,Variant14,Soviet,,135
wp_bdk_ropucha,vessels,Variant15,Soviet,,123
wp_bdk_ropucha,vessels,Variant16,Soviet,,108
wp_bdk_ropucha,vessels,Variant17,Soviet,,151
wp_bdk_ropucha,vessels,Variant18,Soviet,,112
wp_bdk_ropucha,vessels,Variant19,Soviet,,122
wp_bdk_ropucha,vessels,Variant20,Soviet,,128
wp_bdk_ropucha,vessels,Variant21,Soviet,,130
wp_bdk_ropucha,vessels,Variant22,Soviet,,127
wp_bdk_ropucha,vessels,Variant23,Soviet,,137
wp_bdk_ropucha,vessels,Variant24,Soviet,,079
wp_bdk_ropucha,vessels,Variant25,Soviet,,086
wp_bdk_ropucha,vessels,Variant26,Soviet,,103
wp_bpk_kanin,vessels,Default,Soviet,1960|1991,transparent
wp_bpk_kanin,vessels,Variant1,Soviet,1960|1991,wp_ddg_673
wp_bpk_kanin,vessels,Variant2,Soviet,1960|1987,wp_ddg_559
wp_bpk_kanin,vessels,Variant3,Soviet,1961|1993,wp_ddg_546
wp_bpk_kanin,vessels,Variant4,Soviet,1961|1990,wp_ddg_555
wp_bpk_kanin,vessels,Variant5,Soviet,1960|1988,wp_ddg_567
wp_bpk_kanin,vessels,Variant6,Soviet,1960|1993,wp_ddg_518
wp_bpk_kanin,vessels,Variant7,Soviet,1961|1988,wp_ddg_609
wp_bpk_kanin,vessels,Variant8,Soviet,1961|1987,wp_ddg_556
wp_bpk_kara,vessels,Default,Soviet,1971|1992,transparent
wp_bpk_kara,vessels,Variant1,Soviet,1971|1992,wp_cg_707
wp_bpk_kara,vessels,Variant2,Soviet,1973|2011,wp_cg_530
wp_bpk_kara,vessels,Variant3,Soviet,1974|2020,wp_cg_708
wp_bpk_kara,vessels,Variant4,Soviet,1976|1992,wp_cg_591
wp_bpk_kara,vessels,Variant5,Soviet,1977|1992,wp_cg_712
wp_bpk_kara,vessels,Variant6,Soviet,1979|1994,wp_cg_597
wp_bpk_kashin,vessels,Default,Soviet,1962|1991,transparent
wp_bpk_kashin,vessels,Variant1,Soviet,1962|1991,wp_ddg_714
wp_bpk_kashin,vessels,Variant2,Soviet,1963|1992,wp_ddg_710
wp_bpk_kashin,vessels,Variant3,Soviet,1964|1990,wp_ddg_711
wp_bpk_kashin,vessels,Variant4,Soviet,1965|1990,wp_ddg_446
wp_bpk_kashin,vessels,Variant5,Soviet,1965|1971,wp_ddg_296
wp_bpk_kashin,vessels,Variant6,Soviet,1965|1974,wp_ddg_583
wp_bpk_kashin,vessels,Variant7,Soviet,1966|1993,wp_ddg_530
wp_bpk_kashin,vessels,Variant8,Soviet,1967|1998,wp_ddg_724
wp_bpk_kashin,vessels,Variant9,Soviet,1967|1989,wp_ddg_722
wp_bpk_kashin,vessels,Variant10,Soviet,1968|1993,wp_ddg_729
wp_bpk_kashin,vessels,Variant11,Soviet,1966|1973,wp_ddg_462
wp_bpk_kashin,vessels,Variant12,Soviet,1969|1972,wp_ddg_739
wp_bpk_kashin,vessels,Variant13,Soviet,1969|2020,wp_ddg_745
wp_bpk_kashin,vessels,Variant14,Soviet,1968|1972,wp_ddg_648
wp_bpk_kashin,vessels,Variant15,Soviet,1970|1993,wp_ddg_717
wp_bpk_kashin,vessels,Variant16,Soviet,1971|1993,wp_ddg_522
wp_bpk_kashin,vessels,Variant17,Soviet,1972|1997,wp_ddg_563
wp_bpk_kashin,vessels,Variant18,Soviet,1964|1989,wp_ddg_574
wp_bpk_kashin,vessels,Variant19,Soviet,1966|1975,wp_ddg_610
wp_bpk_kashin_mod,vessels,Default,Soviet,1964|1989,transparent
wp_bpk_kashin_mod,vessels,Variant1,Soviet,1964|1989,wp_ddg_296
wp_bpk_kashin_mod,vessels,Variant2,Soviet,1966|1990,wp_ddg_462
wp_bpk_kashin_mod,vessels,Variant3,Soviet,1966|1991,wp_ddg_610
wp_bpk_kashin_mod,vessels,Variant4,Soviet,1968|1993,wp_ddg_648
wp_bpk_kashin_mod,vessels,Variant5,Soviet,1969|1992,wp_ddg_739
wp_bpk_kashin_mod,vessels,Variant6,Soviet,1973|2001,wp_ddg_737
wp_bpk_kresta2,vessels,Default,Soviet,1969|1991,transparent
wp_bpk_kresta2,vessels,Variant1,Soviet,1969|1991,wp_cg-675
wp_bpk_kresta2,vessels,Variant2,Soviet,1970|1993,wp_cg-686
wp_bpk_kresta2,vessels,Variant3,Soviet,1971|1991,wp_cg-648
wp_bpk_kresta2,vessels,Variant4,Soviet,1972|1992,wp_cg-544
wp_bpk_kresta2,vessels,Variant5,Soviet,1973|1992,wp_cg-657
wp_bpk_kresta2,vessels,Variant6,Soviet,1973|1993,wp_cg-662
wp_bpk_kresta2,vessels,Variant7,Soviet,1974|1992,wp_cg-690
wp_bpk_kresta2,vessels,Variant8,Soviet,1975|1992,wp_cg-511
wp_bpk_kresta2,vessels,Variant9,Soviet,1976|1993,wp_cg-573
wp_bpk_kresta2,vessels,Variant10,Soviet,1977|1992,wp_cg-563
wp_bpk_udaloy,vessels,Default,Soviet,1980|1997,transparent
wp_bpk_udaloy,vessels,Variant1,Soviet,1980|1997,wp_ddg_444
wp_bpk_udaloy,vessels,Variant2,Soviet,1981|2010,wp_ddg_401
wp_bpk_udaloy,vessels,Variant3,Soviet,1983|2006,wp_ddg_412
wp_bpk_udaloy,vessels,Variant4,Soviet,1983|1991,wp_ddg_443
wp_bpk_udaloy,vessels,Variant5,Soviet,1984|2001,wp_ddg_409
wp_bpk_udaloy,vessels,Variant6,Soviet,1985|1991,wp_ddg_415
wp_bpk_udaloy,vessels,Variant7,Soviet,1985|2020,wp_ddg_430
wp_bpk_udaloy,vessels,Variant8,Soviet,1987,wp_ddg_487
wp_bpk_udaloy,vessels,Variant9,Soviet,1988,wp_ddg_405
wp_bpk_udaloy,vessels,Variant10,Soviet,1988|2020,wp_ddg_493
wp_bpk_udaloy,vessels,Variant11,Soviet,1990|2020,wp_ddg_498
wp_bpk_udaloy,vessels,Variant12,Soviet,1992,wp_ddg_461
wp_cv_orel,vessels,Default,Soviet,1983,transparent
wp_cv_orel,vessels,Variant1,Soviet,1982,wp_cv_012
wp_cv_orel,vessels,Variant2,Soviet,1985,wp_cv_023
wp_cv_orel,vessels,Variant3,Soviet,1988,wp_cv_035
wp_em_sovremenny,vessels,Default,Soviet,1980|1998,transparent
wp_em_sovremenny,vessels,Variant1,Soviet,1980|1998,wp_ddg_680
wp_em_sovremenny,vessels,Variant2,Soviet,1982|1998,wp_ddg_684
wp_em_sovremenny,vessels,Variant3,Soviet,1983|1998,wp_ddg_671
wp_em_sovremenny,vessels,Variant4,Soviet,1984|1998,wp_ddg_672
wp_em_sovremenny,vessels,Variant5,Soviet,1985|2001,wp_ddg_820
wp_em_sovremenny,vessels,Variant6,Soviet,1986|2010,wp_ddg_678
wp_em_sovremenny,vessels,Variant7,Soviet,1986|1998,wp_ddg_679
wp_em_sovremenny,vessels,Variant8,Soviet,1987|1998,wp_ddg_670
wp_em_sovremenny,vessels,Variant9,Soviet,1988|2005,wp_ddg_677
wp_em_sovremenny,vessels,Variant10,Soviet,1988|2006,wp_ddg_683
wp_em_sovremenny,vessels,Variant11,Soviet,1989|2022,wp_ddg_676
wp_em_sovremenny,vessels,Variant12,Soviet,1989|2012,wp_ddg_447
wp_em_sovremenny,vessels,Variant13,Soviet,1990|2016,wp_ddg_682
wp_em_sovremenny,vessels,Variant14,Soviet,1991|2013,wp_ddg_620
wp_em_sovremenny,vessels,Variant15,Soviet,1991|2018,wp_ddg_810
wp_em_sovremenny,vessels,Variant16,Soviet,1992|2025,wp_ddg_694
wp_kr_sverdlov,vessels,Default,Soviet,,transparent
wp_kr_sverdlov,vessels,Variant1,Soviet,1952|1989,wp_cl_408
wp_kr_sverdlov,vessels,Variant2,Soviet,1952|1991,transparent
wp_kr_sverdlov,vessels,Variant3,Soviet,1952|1989,transparent
wp_kr_sverdlov,vessels,Variant4,Soviet,1953|1987,transparent
wp_kr_sverdlov,vessels,Variant5,Soviet,1952|1986,transparent
wp_kr_sverdlov,vessels,Variant6,Soviet,1953|1990,transparent
wp_kr_sverdlov,vessels,Variant7,Soviet,,transparent
wp_kr_sverdlov,vessels,Variant8,Soviet,1954|1987,transparent
wp_kr_sverdlov,vessels,Variant9,Soviet,1954|2000,transparent
wp_kr_sverdlov,vessels,Variant10,Soviet,1954|1987,transparent
wp_kr_sverdlov,vessels,Variant11,Soviet,1955|1992,transparent
wp_mpk_grisha3,vessels,Default,Soviet,1970|1998,transparent
wp_mpk_grisha3,vessels,Variant1,Soviet,,transparent
wp_mpk_grisha3,vessels,Variant2,Soviet,,transparent
wp_mpk_grisha3,vessels,Variant3,Soviet,,transparent
wp_mpk_grisha3,vessels,Variant4,Soviet,,transparent
wp_mpk_grisha3,vessels,Variant5,Soviet,,transparent
wp_mpk_grisha3,vessels,Variant6,Soviet,,transparent
wp_mpk_grisha3,vessels,Variant7,Soviet,,transparent
wp_mpk_grisha3,vessels,Variant8,Soviet,,transparent
wp_mpk_grisha3,vessels,Variant9,Soviet,,transparent
wp_mpk_grisha3,vessels,Variant10,Soviet,,transparent
wp_mpk_grisha3,vessels,Variant11,Soviet,,transparent
wp_mpk_grisha3,vessels,Variant12,Soviet,,transparent
wp_mpk_grisha3,vessels,Variant13,Soviet,,transparent
wp_mpk_grisha3,vessels,Variant14,Soviet,,transparent
wp_mpk_grisha3,vessels,Variant15,Soviet,,transparent
wp_mpk_grisha3,vessels,Variant16,Soviet,,transparent
wp_mpk_grisha3,vessels,Variant17,Soviet,,transparent
wp_mpk_grisha3,vessels,Variant18,Soviet,,transparent
wp_mpk_grisha3,vessels,Variant19,Soviet,,transparent
wp_mpk_grisha3,vessels,Variant20,Soviet,,transparent
wp_mpk_grisha3,vessels,Variant21,Soviet,,transparent
wp_mpk_grisha3,vessels,Variant22,Soviet,,transparent
wp_mpk_grisha3,vessels,Variant23,Soviet,,transparent
wp_mpk_grisha3,vessels,Variant24,Soviet,,transparent
wp_mpk_grisha3,vessels,Variant25,Soviet,,transparent
wp_mpk_grisha3,vessels,Variant26,Soviet,,transparent
wp_mpk_grisha3,vessels,Variant27,Soviet,,transparent
wp_mpk_grisha3,vessels,Variant28,Soviet,,transparent
wp_mpk_grisha3,vessels,Variant29,Soviet,,transparent
wp_mpk_grisha3,vessels,Variant30,Soviet,,transparent
wp_mpk_grisha3,vessels,Variant31,Soviet,,transparent
wp_mpk_grisha3,vessels,Variant32,Soviet,,transparent
wp_mpk_grisha3,vessels,Variant33,Soviet,,transparent
wp_mpk_grisha3,vessels,Variant34,Soviet,,transparent
wp_mrk_nanuchka,vessels,Default,Soviet,1970|1995,transparent
wp_mrk_nanuchka,vessels,Variant1,Soviet,,
wp_mrk_nanuchka,vessels,Variant2,Soviet,,
wp_mrk_nanuchka,vessels,Variant3,Soviet,,
wp_mrk_nanuchka,vessels,Variant4,Soviet,,
wp_mrk_nanuchka,vessels,Variant5,Soviet,,
wp_mrk_nanuchka,vessels,Variant6,Soviet,,
wp_mrk_nanuchka,vessels,Variant7,Soviet,,
wp_mrk_nanuchka,vessels,Variant8,Soviet,,
wp_mrk_nanuchka,vessels,Variant9,Soviet,,
wp_mrk_nanuchka,vessels,Variant10,Soviet,,
wp_mrk_nanuchka,vessels,Variant11,Soviet,,
wp_mrk_nanuchka,vessels,Variant12,Soviet,,
wp_mrk_nanuchka,vessels,Variant13,Soviet,,
wp_mrk_nanuchka,vessels,Variant14,Soviet,,
wp_mrk_nanuchka,vessels,Variant15,Soviet,,
wp_mrk_nanuchka,vessels,Variant16,Soviet,,
wp_mrk_nanuchka,vessels,Variant17,Soviet,,
wp_mrk_nanuchka,vessels,Variant18,Libya,,
wp_mrk_nanuchka,vessels,Variant19,Libya,,
wp_mrk_nanuchka,vessels,Variant20,Libya,,
wp_mrk_nanuchka,vessels,Variant21,Libya,,
wp_mrk_nanuchka,vessels,Variant22,Algeria,,
wp_mrk_nanuchka,vessels,Variant23,Algeria,,
wp_mrk_nanuchka,vessels,Variant24,Algeria,,
wp_ms_andizhan_armed,vessels,Default,Soviet,,transparent
wp_ms_andizhan_armed,vessels,Variant1,Vietnam,,andi_043
wp_ms_andizhan_armed,vessels,Variant2,Vietnam,,andi_044
wp_ms_andizhan_armed,vessels,Variant3,Vietnam,,andi_045
wp_ms_andizhan_armed,vessels,Variant4,Vietnam,,andi_046
wp_ms_mercur_decoy,vessels,Default,Soviet,1975,transparent
wp_ms_mercur_decoy,vessels,Variant1,Soviet,,merc_001
wp_ms_mercur_decoy,vessels,Variant2,Soviet,,merc_002
wp_ms_mercur_decoy,vessels,Variant3,Soviet,,merc_003
wp_ms_mercur_decoy,vessels,Variant4,Soviet,,merc_004
wp_ms_mercur_decoy,vessels,Variant5,Soviet,,merc_005
wp_ms_mercur_decoy,vessels,Variant6,Soviet,,merc_006
wp_ms_mercur_decoy,vessels,Variant7,Soviet,,merc_007
wp_ms_mercur_decoy,vessels,Variant8,Soviet,,merc_008
wp_ms_mercur_decoy,vessels,Variant9,Soviet,,merc_009
wp_ms_mercur_decoy,vessels,Variant10,Soviet,,merc_010
wp_ms_roro_b,vessels,Default,Soviet,,transparent
wp_ms_roro_b,vessels,Variant1,Soviet,,roro_b_001
wp_ms_roro_b,vessels,Variant2,Soviet,,roro_b_002
wp_ms_roro_b,vessels,Variant3,Soviet,,roro_b_003
wp_ms_roro_b,vessels,Variant4,Soviet,,roro_b_004
wp_msc_T43,vessels,Default,Soviet,1950,transparent
wp_msc_T43,vessels,Variant1,Soviet,,transparent
wp_msc_T43K,vessels,Default,Soviet,1960,transparent
wp_msc_T43K,vessels,Variant1,Soviet,,transparent
wp_msc_kondor,vessels,Default,DDR,1969|1990,transparent
wp_msc_kondor,vessels,Variant1,DDR,,transparent
wp_msc_kondor,vessels,Variant2,DDR,,transparent
wp_msc_kondor,vessels,Variant3,DDR,,transparent
wp_msc_kondor,vessels,Variant4,DDR,,transparent
wp_msc_kondor,vessels,Variant5,DDR,,transparent
wp_msc_kondor,vessels,Variant6,DDR,,transparent
wp_msc_kondor,vessels,Variant7,DDR,,transparent
wp_msc_kondor,vessels,Variant8,DDR,,transparent
wp_msc_kondor,vessels,Variant9,DDR,,transparent
wp_msc_kondor,vessels,Variant10,DDR,,transparent
wp_msc_kondor,vessels,Variant11,DDR,,transparent
wp_msc_kondor,vessels,Variant12,DDR,,transparent
wp_msc_kondor,vessels,Variant13,DDR,,transparent
wp_msc_kondor,vessels,Variant14,DDR,,transparent
wp_msc_kondor,vessels,Variant15,DDR,,transparent
wp_msc_kondor,vessels,Variant16,DDR,,transparent
wp_msc_kondor,vessels,Variant17,DDR,,transparent
wp_msc_kondor,vessels,Variant18,DDR,,transparent
wp_msc_kondor,vessels,Variant19,DDR,,transparent
wp_msc_kondor,vessels,Variant20,DDR,,transparent
wp_msc_kondor,vessels,Variant21,DDR,,transparent
wp_msc_kondor_II,vessels,Default,DDR,1971|1984,transparent
wp_msc_kondor_II,vessels,Variant1,DDR,,transparent
wp_msc_kondor_II,vessels,Variant2,DDR,,transparent
wp_msc_kondor_II,vessels,Variant3,DDR,,transparent
wp_msc_kondor_II,vessels,Variant4,DDR,,transparent
wp_msc_kondor_II,vessels,Variant5,DDR,,transparent
wp_msc_kondor_II,vessels,Variant6,DDR,,transparent
wp_msc_kondor_II,vessels,Variant7,DDR,,transparent
wp_msc_kondor_II,vessels,Variant8,DDR,,transparent
wp_msc_kondor_II,vessels,Variant9,DDR,,transparent
wp_msc_kondor_II,vessels,Variant10,DDR,,transparent
wp_msc_kondor_II,vessels,Variant11,DDR,,transparent
wp_msc_kondor_II,vessels,Variant12,DDR,,transparent
wp_msc_kondor_II,vessels,Variant13,DDR,,transparent
wp_msc_kondor_II,vessels,Variant14,DDR,,transparent
wp_msc_kondor_II,vessels,Variant15,DDR,,transparent
wp_msc_kondor_II,vessels,Variant16,DDR,,transparent
wp_msc_kondor_II,vessels,Variant17,DDR,,transparent
wp_msc_kondor_II,vessels,Variant18,DDR,,transparent
wp_msc_kondor_II,vessels,Variant19,DDR,,transparent
wp_msc_kondor_II,vessels,Variant20,DDR,,transparent
wp_msc_kondor_II,vessels,Variant21,DDR,,transparent
wp_msc_kondor_II,vessels,Variant22,DDR,,transparent
wp_msc_kondor_II,vessels,Variant23,DDR,,transparent
wp_msc_kondor_II,vessels,Variant24,DDR,,transparent
wp_msc_kondor_II,vessels,Variant25,DDR,,transparent
wp_msc_kondor_II,vessels,Variant26,DDR,,transparent
wp_msc_kondor_II,vessels,Variant27,DDR,,transparent
wp_msc_kondor_II,vessels,Variant28,DDR,,transparent
wp_msc_kondor_II_85,vessels,Default,DDR,1985|1990,transparent
wp_msc_kondor_II_85,vessels,Variant1,DDR,,transparent
wp_msc_kondor_II_85,vessels,Variant2,DDR,,transparent
wp_msc_kondor_II_85,vessels,Variant3,DDR,,transparent
wp_msc_kondor_II_85,vessels,Variant4,DDR,,transparent
wp_msc_kondor_II_85,vessels,Variant5,DDR,,transparent
wp_msc_kondor_II_85,vessels,Variant6,DDR,,transparent
wp_msc_kondor_II_85,vessels,Variant7,DDR,,transparent
wp_msc_kondor_II_85,vessels,Variant8,DDR,,transparent
wp_msc_kondor_II_85,vessels,Variant9,DDR,,transparent
wp_msc_kondor_II_85,vessels,Variant10,DDR,,transparent
wp_msc_kondor_II_85,vessels,Variant11,DDR,,transparent
wp_msc_kondor_II_85,vessels,Variant12,DDR,,transparent
wp_msc_kondor_II_85,vessels,Variant13,DDR,,transparent
wp_msc_kondor_II_85,vessels,Variant14,DDR,,transparent
wp_msc_kondor_II_85,vessels,Variant15,DDR,,transparent
wp_msc_kondor_II_85,vessels,Variant16,DDR,,transparent
wp_msc_kondor_II_85,vessels,Variant17,DDR,,transparent
wp_msc_kondor_II_85,vessels,Variant18,DDR,,transparent
wp_msc_kondor_II_85,vessels,Variant19,DDR,,transparent
wp_msc_kondor_II_85,vessels,Variant20,DDR,,transparent
wp_msc_kondor_II_85,vessels,Variant21,DDR,,transparent
wp_msc_kondor_II_85,vessels,Variant22,DDR,,transparent
wp_msc_kondor_II_85,vessels,Variant23,DDR,,transparent
wp_msc_kondor_II_85,vessels,Variant24,DDR,,transparent
wp_msc_kondor_II_85,vessels,Variant25,DDR,,transparent
wp_msc_kondor_II_85,vessels,Variant26,DDR,,transparent
wp_msc_kondor_II_85,vessels,Variant27,DDR,,transparent
wp_msc_kondor_II_85,vessels,Variant28,DDR,,transparent
wp_pb_don,vessels,Default,Soviet,1960|1994,transparent
wp_pb_don,vessels,Variant1,Soviet,1960|1994,wp_as-614
wp_pb_don,vessels,Variant2,Soviet,1958|1994,wp_as-615
wp_pb_don,vessels,Variant3,Soviet,1958|1998,wp_as-616
wp_pb_don,vessels,Variant4,Soviet,1960|1994,wp_as-617
wp_pb_don,vessels,Variant5,Soviet,1962|1992,wp_as-618
wp_pb_don,vessels,Variant6,Soviet,1959|1994,wp_as-619
wp_pb_don,vessels,Variant7,Soviet,1962|1990,wp_as-620
wp_pb_zhuk,vessels,Default,Soviet,1969,transparent
wp_pb_zhuk,vessels,Variant1,Soviet,,transparent
wp_pb_zhuk,vessels,Variant2,Soviet,,transparent
wp_pb_zhuk,vessels,Variant3,Soviet,,transparent
wp_pb_zhuk,vessels,Variant4,Soviet,,transparent
wp_pb_zhuk,vessels,Variant5,Soviet,,transparent
wp_pb_zhuk,vessels,Variant6,Soviet,,transparent
wp_pb_zhuk,vessels,Variant7,Soviet,,transparent
wp_pb_zhuk,vessels,Variant8,Soviet,,transparent
wp_pb_zhuk,vessels,Variant9,Soviet,,transparent
wp_pb_zhuk,vessels,Variant10,Soviet,,transparent
wp_pb_zhuk,vessels,Variant11,Soviet,,transparent
wp_pb_zhuk,vessels,Variant12,Soviet,,transparent
wp_pb_zhuk,vessels,Variant13,Soviet,,transparent
wp_pb_zhuk,vessels,Variant14,Soviet,,transparent
wp_pb_zhuk,vessels,Variant15,Soviet,,transparent
wp_pb_zhuk,vessels,Variant16,Soviet,,transparent
wp_pb_zhuk,vessels,Variant17,Soviet,,transparent
wp_pb_zhuk,vessels,Variant18,Soviet,,transparent
wp_pb_zhuk,vessels,Variant19,Soviet,,transparent
wp_pb_zhuk,vessels,Variant20,Soviet,,transparent
wp_pb_zhuk,vessels,Variant21,Soviet,,transparent
wp_pb_zhuk,vessels,Variant22,Soviet,,transparent
wp_pb_zhuk_ME,vessels,Default,Soviet,1969,transparent
wp_pb_zhuk_ME,vessels,Variant1,Soviet,,transparent
wp_pb_zhuk_ME,vessels,Variant2,Soviet,,transparent
wp_pb_zhuk_ME,vessels,Variant3,Soviet,,transparent
wp_pb_zhuk_ME,vessels,Variant4,Soviet,,transparent
wp_pb_zhuk_ME,vessels,Variant5,Soviet,,transparent
wp_pb_zhuk_ME,vessels,Variant6,Soviet,,transparent
wp_pb_zhuk_ME,vessels,Variant7,Soviet,,transparent
wp_pb_zhuk_ME,vessels,Variant8,Soviet,,transparent
wp_pb_zhuk_ME,vessels,Variant9,Soviet,,transparent
wp_pb_zhuk_ME,vessels,Variant10,Soviet,,transparent
wp_pb_zhuk_ME,vessels,Variant11,Cuba,,transparent
wp_pb_zhuk_ME,vessels,Variant12,Cuba,,transparent
wp_pb_zhuk_ME,vessels,Variant13,Cuba,,transparent
wp_pb_zhuk_ME,vessels,Variant14,Cuba,,transparent
wp_pb_zhuk_ME,vessels,Variant15,Cuba,,transparent
wp_pb_zhuk_ME,vessels,Variant16,Cuba,,transparent
wp_pb_zhuk_ME,vessels,Variant17,Cuba,,transparent
wp_pb_zhuk_ME,vessels,Variant18,Cuba,,transparent
wp_pb_zhuk_ME,vessels,Variant19,Cuba,,transparent
wp_pb_zhuk_ME,vessels,Variant20,Cuba,,transparent
wp_pb_zhuk_ME,vessels,Variant21,Cuba,,transparent
wp_pb_zhuk_ME,vessels,Variant22,Cuba,,transparent
wp_pb_zhuk_ME,vessels,Variant23,Cuba,,transparent
wp_pb_zhuk_ME,vessels,Variant24,Cuba,,transparent
wp_pb_zhuk_ME,vessels,Variant25,Cuba,,transparent
wp_pb_zhuk_ME,vessels,Variant26,Cuba,,transparent
wp_pb_zhuk_ME,vessels,Variant27,Cuba,,transparent
wp_pb_zhuk_ME,vessels,Variant28,Cuba,,transparent
wp_pb_zhuk_ME,vessels,Variant29,Cuba,,transparent
wp_pb_zhuk_ME,vessels,Variant30,Cuba,,transparent
wp_pb_zhuk_ME,vessels,Variant31,Cuba,,transparent
wp_pb_zhuk_ME,vessels,Variant32,Syria,,transparent
wp_pb_zhuk_ME,vessels,Variant33,Syria,,transparent
wp_pb_zhuk_ME,vessels,Variant34,Syria,,transparent
wp_pb_zhuk_ME,vessels,Variant35,Syria,,transparent
wp_pb_zhuk_ME,vessels,Variant36,Syria,,transparent
wp_pb_zhuk_ME,vessels,Variant37,Syria,,transparent
wp_pb_zhuk_ME,vessels,Variant38,Syria,,transparent
wp_pb_zhuk_ME,vessels,Variant39,Syria,,transparent
wp_pb_zhuk_ME,vessels,Variant40,Iraq,,transparent
wp_pb_zhuk_ME,vessels,Variant41,Iraq,,transparent
wp_pb_zhuk_ME,vessels,Variant42,Iraq,,transparent
wp_pb_zhuk_ME,vessels,Variant43,Iraq,,transparent
wp_pb_zhuk_ME,vessels,Variant44,Iraq,,transparent
wp_pb_zhuk_ME,vessels,Variant45,Vietnam,,transparent
wp_pb_zhuk_ME,vessels,Variant46,Vietnam,,transparent
wp_pb_zhuk_ME,vessels,Variant47,Vietnam,,transparent
wp_pb_zhuk_ME,vessels,Variant48,Vietnam,,transparent
wp_pb_zhuk_ME,vessels,Variant49,Vietnam,,transparent
wp_pb_zhuk_ME,vessels,Variant50,Vietnam,,transparent
wp_pkr_moskva,vessels,Default,Soviet,1967|1997,transparent
wp_pkr_moskva,vessels,Variant1,Soviet,1967|1997,wp_cgh_106
wp_pkr_moskva,vessels,Variant2,Soviet,1969|1995,wp_cgh_107
wp_pt_libelle,vessels,Default,DDR,1974|1989,transparent
wp_pt_libelle,vessels,Variant1,DDR,,transparent
wp_pt_libelle,vessels,Variant2,DDR,,transparent
wp_pt_libelle,vessels,Variant3,DDR,,transparent
wp_pt_libelle,vessels,Variant4,DDR,,transparent
wp_pt_libelle,vessels,Variant5,DDR,,transparent
wp_pt_libelle,vessels,Variant6,DDR,,transparent
wp_pt_libelle,vessels,Variant7,DDR,,transparent
wp_pt_libelle,vessels,Variant8,DDR,,transparent
wp_pt_libelle,vessels,Variant9,DDR,,transparent
wp_pt_libelle,vessels,Variant10,DDR,,transparent
wp_pt_libelle,vessels,Variant11,DDR,,transparent
wp_pt_libelle,vessels,Variant12,DDR,,transparent
wp_pt_libelle,vessels,Variant13,DDR,,transparent
wp_pt_libelle,vessels,Variant14,DDR,,transparent
wp_pt_libelle,vessels,Variant15,DDR,,transparent
wp_pt_libelle,vessels,Variant16,DDR,,transparent
wp_pt_libelle,vessels,Variant17,DDR,,transparent
wp_pt_libelle,vessels,Variant18,DDR,,transparent
wp_pt_libelle,vessels,Variant19,DDR,,transparent
wp_pt_libelle,vessels,Variant20,DDR,,transparent
wp_pt_libelle,vessels,Variant21,DDR,,transparent
wp_pt_libelle,vessels,Variant22,DDR,,transparent
wp_pt_libelle,vessels,Variant23,DDR,,transparent
wp_pt_libelle,vessels,Variant24,DDR,,transparent
wp_pt_libelle,vessels,Variant25,DDR,,transparent
wp_pt_libelle,vessels,Variant26,DDR,,transparent
wp_pt_libelle,vessels,Variant27,DDR,,transparent
wp_pt_libelle,vessels,Variant28,DDR,,transparent
wp_pt_libelle,vessels,Variant29,DDR,,transparent
wp_pt_libelle,vessels,Variant30,DDR,,transparent
wp_pt_libelle,vessels,Variant31,DDR,,transparent
wp_pt_p4,vessels,Default,Soviet,1944,transparent
wp_pt_p4,vessels,Variant1,Soviet,,transparent
wp_pt_p6,vessels,Default,Soviet,1949,transparent
wp_pt_p6,vessels,Variant1,Soviet,,transparent
wp_pt_p6,vessels,Variant2,Soviet,,transparent
wp_pt_p6,vessels,Variant3,Soviet,,transparent
wp_pt_p6,vessels,Variant4,Soviet,,transparent
wp_pt_p6,vessels,Variant5,Soviet,,transparent
wp_pt_p6,vessels,Variant6,Soviet,,transparent
wp_pt_p6,vessels,Variant7,Soviet,,transparent
wp_pt_p6,vessels,Variant8,Soviet,,transparent
wp_pt_p6,vessels,Variant9,Soviet,,transparent
wp_pt_p6,vessels,Variant10,Soviet,,transparent
wp_pt_p6,vessels,Variant11,Soviet,,transparent
wp_pt_p6,vessels,Variant12,Soviet,,transparent
wp_pt_p6,vessels,Variant13,Soviet,,transparent
wp_pt_p6,vessels,Variant14,Soviet,,transparent
wp_pt_p6,vessels,Variant15,Soviet,,transparent
wp_pt_p6,vessels,Variant16,Soviet,,transparent
wp_pt_p6,vessels,Variant17,Soviet,,transparent
wp_pt_p6,vessels,Variant18,Soviet,,transparent
wp_pt_p6,vessels,Variant19,Soviet,,transparent
wp_pt_p6,vessels,Variant20,Soviet,,transparent
wp_pt_p6,vessels,Variant21,Soviet,,transparent
wp_pt_p6,vessels,Variant22,Soviet,,transparent
wp_pt_p6,vessels,Variant23,Soviet,,transparent
wp_pt_p6,vessels,Variant24,Soviet,,transparent
wp_pt_p6,vessels,Variant25,Soviet,,transparent
wp_pt_p6,vessels,Variant26,Soviet,,transparent
wp_pt_p6,vessels,Variant27,Soviet,,transparent
wp_pt_p6,vessels,Variant28,Soviet,,transparent
wp_pt_p6,vessels,Variant29,Soviet,,transparent
wp_pt_p6,vessels,Variant30,Soviet,,transparent
wp_pt_p6,vessels,Variant31,Soviet,,transparent
wp_pt_p6,vessels,Variant32,Soviet,,transparent
wp_pt_p6,vessels,Variant33,Soviet,,transparent
wp_pt_p6,vessels,Variant34,Soviet,,transparent
wp_pt_p6,vessels,Variant35,Soviet,,transparent
wp_pt_p6,vessels,Variant36,Soviet,,transparent
wp_pt_p6,vessels,Variant37,Soviet,,transparent
wp_pt_p6,vessels,Variant38,Soviet,,transparent
wp_pt_p6,vessels,Variant39,Soviet,,transparent
wp_pt_p6,vessels,Variant40,Soviet,,transparent
wp_pt_p6,vessels,Variant41,Soviet,,transparent
wp_pt_p6,vessels,Variant42,Soviet,,transparent
wp_pt_p6,vessels,Variant43,Soviet,,transparent
wp_pt_p6,vessels,Variant44,Soviet,,transparent
wp_pt_p6,vessels,Variant45,Soviet,,transparent
wp_pt_p6,vessels,Variant46,Soviet,,transparent
wp_pt_p6,vessels,Variant47,Soviet,,transparent
wp_pt_p6,vessels,Variant48,Soviet,,transparent
wp_pt_p6,vessels,Variant49,Soviet,,transparent
wp_pt_p6,vessels,Variant50,Soviet,,transparent
wp_pt_p6,vessels,Variant51,Soviet,,transparent
wp_pt_p6,vessels,Variant52,Soviet,,transparent
wp_pt_p6,vessels,Variant53,Soviet,,transparent
wp_pt_p6,vessels,Variant54,Soviet,,transparent
wp_pt_p6,vessels,Variant55,Soviet,,transparent
wp_pt_p6,vessels,Variant56,Soviet,,transparent
wp_pt_p6,vessels,Variant57,Soviet,,transparent
wp_pt_p6,vessels,Variant58,Soviet,,transparent
wp_pt_p6,vessels,Variant59,Soviet,,transparent
wp_pt_p6,vessels,Variant60,Soviet,,transparent
wp_pt_p6,vessels,Variant61,Soviet,,transparent
wp_pt_p6,vessels,Variant62,Soviet,,transparent
wp_pt_p6,vessels,Variant63,Soviet,,transparent
wp_pt_p6,vessels,Variant64,Soviet,,transparent
wp_pt_p6,vessels,Variant65,Soviet,,transparent
wp_pt_p6,vessels,Variant66,Soviet,,transparent
wp_pt_p6,vessels,Variant67,Soviet,,transparent
wp_pt_p6,vessels,Variant68,Soviet,,transparent
wp_pt_p6,vessels,Variant69,Soviet,,transparent
wp_pt_p6,vessels,Variant70,Soviet,,transparent
wp_pt_p6,vessels,Variant71,Soviet,,transparent
wp_pt_p6,vessels,Variant72,Iraq,,transparent
wp_pt_p6,vessels,Variant73,Iraq,,transparent
wp_pt_p6,vessels,Variant74,Iraq,,transparent
wp_pt_p6,vessels,Variant75,Iraq,,transparent
wp_pt_p6,vessels,Variant76,Iraq,,transparent
wp_pt_p6,vessels,Variant77,Iraq,,transparent
wp_pt_p6,vessels,Variant78,Iraq,,transparent
wp_pt_p6,vessels,Variant79,Iraq,,transparent
wp_pt_p6,vessels,Variant80,Iraq,,transparent
wp_pt_p6,vessels,Variant81,Iraq,,transparent
wp_pt_p6,vessels,Variant82,Iraq,,transparent
wp_pt_p6,vessels,Variant83,Iraq,,transparent
wp_pt_p6,vessels,Variant84,Poland,,transparent
wp_pt_p6,vessels,Variant85,Syria,,transparent
wp_pt_p6,vessels,Variant86,Vietnam,,transparent
wp_pt_p6,vessels,Variant87,DDR,,transparent
wp_pt_p6,vessels,Variant88,Egypt,,transparent
wp_pt_p6,vessels,Variant89,Cuba,,transparent
wp_pt_shershen,vessels,Default,Soviet,1960,transparent
wp_pt_shershen,vessels,Variant1,Soviet,,transparent
wp_pt_shershen,vessels,Variant2,Soviet,,transparent
wp_pt_shershen,vessels,Variant3,Soviet,,transparent
wp_pt_shershen,vessels,Variant4,Soviet,,transparent
wp_pt_shershen,vessels,Variant5,Soviet,,transparent
wp_pt_shershen,vessels,Variant6,Soviet,,transparent
wp_pt_shershen,vessels,Variant7,Soviet,,transparent
wp_pt_shershen,vessels,Variant8,Soviet,,transparent
wp_pt_shershen,vessels,Variant9,Soviet,,transparent
wp_pt_shershen,vessels,Variant10,Soviet,,transparent
wp_pt_shershen,vessels,Variant11,Soviet,,transparent
wp_pt_shershen,vessels,Variant12,Soviet,,transparent
wp_pt_shershen,vessels,Variant13,Soviet,,transparent
wp_pt_shershen,vessels,Variant14,Soviet,,transparent
wp_pt_shershen,vessels,Variant15,Soviet,,transparent
wp_pt_shershen,vessels,Variant16,Soviet,,transparent
wp_pt_shershen,vessels,Variant17,Soviet,,transparent
wp_pt_shershen,vessels,Variant18,Soviet,,transparent
wp_pt_shershen,vessels,Variant19,Soviet,,transparent
wp_pt_shershen,vessels,Variant20,Soviet,,transparent
wp_pt_shershen,vessels,Variant21,Soviet,,transparent
wp_pt_shershen,vessels,Variant22,Soviet,,transparent
wp_pt_shershen,vessels,Variant23,Soviet,,transparent
wp_pt_shershen,vessels,Variant24,Soviet,,transparent
wp_pt_shershen,vessels,Variant25,Soviet,,transparent
wp_pt_shershen,vessels,Variant26,Soviet,,transparent
wp_pt_shershen,vessels,Variant27,Soviet,,transparent
wp_pt_shershen,vessels,Variant28,Soviet,,transparent
wp_pt_shershen,vessels,Variant29,Soviet,,transparent
wp_pt_shershen,vessels,Variant30,Soviet,,transparent
wp_pt_shershen,vessels,Variant31,Soviet,,transparent
wp_pt_shershen,vessels,Variant32,Soviet,,transparent
wp_pt_shershen,vessels,Variant33,Soviet,,transparent
wp_pt_shershen,vessels,Variant34,Soviet,,transparent
wp_pt_shershen,vessels,Variant35,Soviet,,transparent
wp_pt_shershen,vessels,Variant36,Soviet,,transparent
wp_pt_shershen,vessels,Variant37,Soviet,,transparent
wp_pt_shershen,vessels,Variant38,Soviet,,transparent
wp_pt_shershen,vessels,Variant39,Soviet,,transparent
wp_pt_shershen,vessels,Variant40,Soviet,,transparent
wp_pt_shershen,vessels,Variant41,Soviet,,transparent
wp_pt_shershen,vessels,Variant42,Soviet,,transparent
wp_pt_shershen,vessels,Variant43,Soviet,,transparent
wp_pt_shershen,vessels,Variant44,Soviet,,transparent
wp_pt_shershen,vessels,Variant45,Soviet,,transparent
wp_pt_shershen,vessels,Variant46,Soviet,,transparent
wp_pt_shershen,vessels,Variant47,Soviet,,transparent
wp_pt_shershen,vessels,Variant48,Soviet,,transparent
wp_pt_shershen,vessels,Variant49,Soviet,,transparent
wp_pt_shershen,vessels,Variant50,Egypt,,transparent
wp_pt_shershen,vessels,Variant51,Egypt,,transparent
wp_pt_shershen,vessels,Variant52,Egypt,,transparent
wp_pt_shershen,vessels,Variant53,DDR,,transparent
wp_pt_shershen,vessels,Variant54,DDR,,transparent
wp_pt_shershen,vessels,Variant55,DDR,,transparent
wp_pt_shershen,vessels,Variant56,DDR,,transparent
wp_pt_shershen,vessels,Variant57,DDR,,transparent
wp_pt_shershen,vessels,Variant58,DDR,,transparent
wp_pt_shershen,vessels,Variant59,DDR,,transparent
wp_pt_shershen,vessels,Variant60,DDR,,transparent
wp_pt_shershen,vessels,Variant61,DDR,,transparent
wp_pt_shershen,vessels,Variant62,DDR,,transparent
wp_pt_shershen,vessels,Variant63,DDR,,transparent
wp_pt_shershen,vessels,Variant64,DDR,,transparent
wp_pt_shershen,vessels,Variant65,DDR,,transparent
wp_pt_shershen,vessels,Variant66,DDR,,transparent
wp_pt_shershen,vessels,Variant67,DDR,,transparent
wp_pt_shershen,vessels,Variant68,DDR,,transparent
wp_pt_shershen,vessels,Variant69,DDR,,transparent
wp_pt_shershen,vessels,Variant70,DDR,,transparent
wp_pt_shershen,vessels,Variant71,Vietnam,,transparent
wp_pt_shershen-e,vessels,Default,Egypt,1960,transparent
wp_pt_shershen-e,vessels,Variant1,Egypt,,transparent
wp_pt_shershen-e,vessels,Variant2,Egypt,,transparent
wp_pt_shershen-e,vessels,Variant3,Egypt,,transparent
wp_pt_shershen-e,vessels,Variant4,Egypt,,transparent
wp_pt_shershen-er,vessels,Default,Egypt,1960,transparent
wp_pt_shershen-er,vessels,Variant1,Egypt,,transparent
wp_pt_stenka,vessels,Default,Soviet,1967,transparent
wp_pt_stenka,vessels,Variant1,Soviet,,transparent
wp_pt_stenka,vessels,Variant2,Soviet,,transparent
wp_pt_stenka,vessels,Variant3,Soviet,,transparent
wp_pt_stenka,vessels,Variant4,Soviet,,transparent
wp_pt_stenka,vessels,Variant5,Soviet,,transparent
wp_pt_stenka,vessels,Variant6,Soviet,,transparent
wp_pt_stenka,vessels,Variant7,Soviet,,transparent
wp_pt_stenka,vessels,Variant8,Soviet,,transparent
wp_pt_stenka,vessels,Variant9,Soviet,,transparent
wp_pt_stenka,vessels,Variant10,Soviet,,transparent
wp_pt_stenka,vessels,Variant11,Soviet,,transparent
wp_pt_stenka,vessels,Variant12,Soviet,,transparent
wp_pt_stenka,vessels,Variant13,Soviet,,transparent
wp_pt_stenka,vessels,Variant14,Soviet,,transparent
wp_pt_stenka,vessels,Variant15,Soviet,,transparent
wp_pt_stenka,vessels,Variant16,Soviet,,transparent
wp_pt_stenka,vessels,Variant17,Soviet,,transparent
wp_pt_stenka,vessels,Variant18,Soviet,,transparent
wp_pt_stenka,vessels,Variant19,Soviet,,transparent
wp_pt_stenka,vessels,Variant20,Soviet,,transparent
wp_pt_stenka,vessels,Variant21,Soviet,,transparent
wp_pt_stenka,vessels,Variant22,Soviet,,transparent
wp_pt_stenka,vessels,Variant23,Soviet,,transparent
wp_pt_stenka,vessels,Variant24,Soviet,,transparent
wp_pt_stenka,vessels,Variant25,Soviet,,transparent
wp_pt_stenka,vessels,Variant26,Soviet,,transparent
wp_pt_stenka,vessels,Variant27,Soviet,,transparent
wp_pt_stenka,vessels,Variant28,Soviet,,transparent
wp_pt_stenka,vessels,Variant29,Soviet,,transparent
wp_pt_stenka,vessels,Variant30,Soviet,,transparent
wp_pt_stenka,vessels,Variant31,Soviet,,transparent
wp_pt_stenka,vessels,Variant32,Soviet,,transparent
wp_pt_stenka,vessels,Variant33,Soviet,,transparent
wp_pt_stenka,vessels,Variant34,Soviet,,transparent
wp_pt_stenka,vessels,Variant35,Soviet,,transparent
wp_pt_stenka,vessels,Variant36,Soviet,,transparent
wp_pt_stenka,vessels,Variant37,Soviet,,transparent
wp_pt_stenka,vessels,Variant38,Soviet,,transparent
wp_pt_stenka,vessels,Variant39,Soviet,,transparent
wp_pt_stenka,vessels,Variant40,Soviet,,transparent
wp_pt_turya,vessels,Default,Soviet,1972,transparent
wp_pt_turya,vessels,Variant1,Soviet,,transparent
wp_pt_turya,vessels,Variant2,Soviet,,transparent
wp_pt_turya,vessels,Variant3,Soviet,,transparent
wp_pt_turya,vessels,Variant4,Soviet,,transparent
wp_pt_turya,vessels,Variant5,Soviet,,transparent
wp_pt_turya,vessels,Variant6,Soviet,,transparent
wp_pt_turya,vessels,Variant7,Soviet,,transparent
wp_pt_turya,vessels,Variant8,Soviet,,transparent
wp_pt_turya,vessels,Variant9,Soviet,,transparent
wp_pt_turya,vessels,Variant10,Soviet,,transparent
wp_pt_turya,vessels,Variant11,Soviet,,transparent
wp_pt_turya,vessels,Variant12,Soviet,,transparent
wp_pt_turya,vessels,Variant13,Soviet,,transparent
wp_pt_turya,vessels,Variant14,Soviet,,transparent
wp_pt_turya,vessels,Variant15,Soviet,,transparent
wp_pt_turya,vessels,Variant16,Soviet,,transparent
wp_pt_turya,vessels,Variant17,Soviet,,transparent
wp_pt_turya,vessels,Variant18,Soviet,,transparent
wp_pt_turya,vessels,Variant19,Soviet,,transparent
wp_pt_turya,vessels,Variant20,Soviet,,transparent
wp_pt_turya,vessels,Variant21,Soviet,,transparent
wp_pt_turya,vessels,Variant22,Soviet,,transparent
wp_pt_turya,vessels,Variant23,Soviet,,transparent
wp_pt_turya,vessels,Variant24,Soviet,,transparent
wp_pt_turya,vessels,Variant25,Soviet,,transparent
wp_pt_turya,vessels,Variant26,Soviet,,transparent
wp_pt_turya,vessels,Variant27,Cuba,,transparent
wp_pt_turya,vessels,Variant28,Vietnam,,transparent
wp_pt_wisla,vessels,Default,Poland,1965|1986,transparent
wp_pt_wisla,vessels,Variant1,Poland,,transparent
wp_pt_wisla,vessels,Variant2,Poland,,transparent
wp_pt_wisla,vessels,Variant3,Poland,,transparent
wp_pt_wisla,vessels,Variant4,Poland,,transparent
wp_pt_wisla,vessels,Variant5,Poland,,transparent
wp_pt_wisla,vessels,Variant6,Poland,,transparent
wp_pt_wisla,vessels,Variant7,Poland,,transparent
wp_pt_wisla,vessels,Variant8,Poland,,transparent
wp_ptg_komar,vessels,Default,Soviet,1952,transparent
wp_ptg_komar,vessels,Variant1,Soviet,,transparent
wp_ptg_komar,vessels,Variant2,Soviet,,transparent
wp_ptg_komar,vessels,Variant3,Soviet,,transparent
wp_ptg_komar,vessels,Variant4,Soviet,,transparent
wp_ptg_komar,vessels,Variant5,Soviet,,transparent
wp_ptg_komar,vessels,Variant6,Soviet,,transparent
wp_ptg_komar,vessels,Variant7,Soviet,,transparent
wp_ptg_komar,vessels,Variant8,Soviet,,transparent
wp_ptg_komar,vessels,Variant9,Soviet,,transparent
wp_ptg_osa1,vessels,Default,Soviet,1960,transparent
wp_ptg_osa1,vessels,Variant1,Soviet,,transparent
wp_ptg_osa1,vessels,Variant2,Soviet,,transparent
wp_ptg_osa1,vessels,Variant3,Soviet,,transparent
wp_ptg_osa1,vessels,Variant4,Soviet,,transparent
wp_ptg_osa1,vessels,Variant5,Soviet,,transparent
wp_ptg_osa1,vessels,Variant6,Soviet,,transparent
wp_ptg_osa1,vessels,Variant7,Soviet,,transparent
wp_ptg_osa1,vessels,Variant8,Soviet,,transparent
wp_ptg_osa1,vessels,Variant9,Soviet,,transparent
wp_ptg_osa1,vessels,Variant10,Soviet,,transparent
wp_ptg_osa1,vessels,Variant11,Soviet,,transparent
wp_ptg_osa1,vessels,Variant12,Soviet,,transparent
wp_ptg_osa1,vessels,Variant13,Soviet,,transparent
wp_ptg_osa1,vessels,Variant14,Soviet,,transparent
wp_ptg_osa1,vessels,Variant15,Soviet,,transparent
wp_ptg_osa1,vessels,Variant16,Soviet,,transparent
wp_ptg_osa1,vessels,Variant17,Soviet,,transparent
wp_ptg_osa1,vessels,Variant18,Soviet,,transparent
wp_ptg_osa1,vessels,Variant19,Soviet,,transparent
wp_ptg_osa1,vessels,Variant20,Soviet,,transparent
wp_ptg_osa1,vessels,Variant21,Soviet,,transparent
wp_ptg_osa1,vessels,Variant22,Soviet,,transparent
wp_ptg_osa1,vessels,Variant23,Soviet,,transparent
wp_ptg_osa1,vessels,Variant24,Soviet,,transparent
wp_ptg_osa1,vessels,Variant25,Soviet,,transparent
wp_ptg_osa1,vessels,Variant26,Soviet,,transparent
wp_ptg_osa1,vessels,Variant27,Soviet,,transparent
wp_ptg_osa1,vessels,Variant28,Soviet,,transparent
wp_ptg_osa1,vessels,Variant29,Soviet,,transparent
wp_ptg_osa1,vessels,Variant30,Soviet,,transparent
wp_ptg_osa1,vessels,Variant31,Soviet,,transparent
wp_ptg_osa1,vessels,Variant32,Soviet,,transparent
wp_ptg_osa1,vessels,Variant33,Soviet,,transparent
wp_ptg_osa1,vessels,Variant34,Soviet,,transparent
wp_ptg_osa1,vessels,Variant35,Soviet,,transparent
wp_ptg_osa1,vessels,Variant36,Soviet,,transparent
wp_ptg_osa1,vessels,Variant37,Soviet,,transparent
wp_ptg_osa1,vessels,Variant38,Soviet,,transparent
wp_ptg_osa1,vessels,Variant39,Soviet,,transparent
wp_ptg_osa1,vessels,Variant40,Soviet,,transparent
wp_ptg_osa1,vessels,Variant41,Soviet,,transparent
wp_ptg_osa1,vessels,Variant42,Soviet,,transparent
wp_ptg_osa1,vessels,Variant43,Soviet,,transparent
wp_ptg_osa1,vessels,Variant44,Soviet,,transparent
wp_ptg_osa1,vessels,Variant45,Soviet,,transparent
wp_ptg_osa1,vessels,Variant46,Soviet,,transparent
wp_ptg_osa1,vessels,Variant47,Soviet,,transparent
wp_ptg_osa1,vessels,Variant48,Soviet,,transparent
wp_ptg_osa1,vessels,Variant49,Soviet,,transparent
wp_ptg_osa1,vessels,Variant50,Soviet,,transparent
wp_ptg_osa1,vessels,Variant51,Soviet,,transparent
wp_ptg_osa1,vessels,Variant52,Soviet,,transparent
wp_ptg_osa1,vessels,Variant53,Soviet,,transparent
wp_ptg_osa1,vessels,Variant54,Soviet,,transparent
wp_ptg_osa1,vessels,Variant55,Soviet,,transparent
wp_ptg_osa1,vessels,Variant56,Soviet,,transparent
wp_ptg_osa1,vessels,Variant57,Soviet,,transparent
wp_ptg_osa1,vessels,Variant58,Soviet,,transparent
wp_ptg_osa1,vessels,Variant59,Soviet,,transparent
wp_ptg_osa1,vessels,Variant60,Soviet,,transparent
wp_ptg_osa1,vessels,Variant61,Soviet,,transparent
wp_ptg_osa1,vessels,Variant62,Soviet,,transparent
wp_ptg_osa1,vessels,Variant63,Soviet,,transparent
wp_ptg_osa1,vessels,Variant64,Soviet,,transparent
wp_ptg_osa1,vessels,Variant65,Soviet,,transparent
wp_ptg_osa1,vessels,Variant66,Soviet,,transparent
wp_ptg_osa1,vessels,Variant67,Soviet,,transparent
wp_ptg_osa1,vessels,Variant68,Soviet,,transparent
wp_ptg_osa1,vessels,Variant69,Soviet,,transparent
wp_ptg_osa1,vessels,Variant70,Soviet,,transparent
wp_ptg_osa1,vessels,Variant71,Soviet,,transparent
wp_ptg_osa1,vessels,Variant72,Soviet,,transparent
wp_ptg_osa1,vessels,Variant73,Soviet,,transparent
wp_ptg_osa1,vessels,Variant74,Soviet,,transparent
wp_ptg_osa1,vessels,Variant75,Soviet,,transparent
wp_ptg_osa1,vessels,Variant76,Soviet,,transparent
wp_ptg_osa1,vessels,Variant77,Soviet,,transparent
wp_ptg_osa1,vessels,Variant78,Soviet,,transparent
wp_ptg_osa1,vessels,Variant79,Soviet,,transparent
wp_ptg_osa1,vessels,Variant80,Soviet,,transparent
wp_ptg_osa1,vessels,Variant81,Soviet,,transparent
wp_ptg_osa1,vessels,Variant82,Soviet,,transparent
wp_ptg_osa1,vessels,Variant83,Soviet,,transparent
wp_ptg_osa1,vessels,Variant84,Soviet,,transparent
wp_ptg_osa1,vessels,Variant85,Soviet,,transparent
wp_ptg_osa1,vessels,Variant86,Soviet,,transparent
wp_ptg_osa1,vessels,Variant87,Soviet,,transparent
wp_ptg_osa1,vessels,Variant88,Soviet,,transparent
wp_ptg_osa1,vessels,Variant89,Soviet,,transparent
wp_ptg_osa1,vessels,Variant90,Soviet,,transparent
wp_ptg_osa1,vessels,Variant91,Soviet,,transparent
wp_ptg_osa1,vessels,Variant92,India,,transparent
wp_ptg_osa1,vessels,Variant93,India,,transparent
wp_ptg_osa1,vessels,Variant94,India,,transparent
wp_ptg_osa1,vessels,Variant95,India,,transparent
wp_ptg_osa1,vessels,Variant96,India,,transparent
wp_ptg_osa1,vessels,Variant97,India,,transparent
wp_ptg_osa1,vessels,Variant98,India,,transparent
wp_ptg_osa1,vessels,Variant99,India,,transparent
wp_ptg_osa1,vessels,Variant100,Iraq,,transparent
wp_ptg_osa1,vessels,Variant101,Iraq,,transparent
wp_ptg_osa1,vessels,Variant102,Iraq,,transparent
wp_ptg_osa1,vessels,Variant103,Iraq,,transparent
wp_ptg_osa1,vessels,Variant104,Iraq,,transparent
wp_ptg_osa1,vessels,Variant105,Iraq,,transparent
wp_ptg_osa1,vessels,Variant106,Poland,,transparent
wp_ptg_osa1,vessels,Variant107,Poland,,transparent
wp_ptg_osa1,vessels,Variant108,Poland,,transparent
wp_ptg_osa1,vessels,Variant109,Poland,,transparent
wp_ptg_osa1,vessels,Variant110,Poland,,transparent
wp_ptg_osa1,vessels,Variant111,Poland,,transparent
wp_ptg_osa1,vessels,Variant112,Poland,,transparent
wp_ptg_osa1,vessels,Variant113,Poland,,transparent
wp_ptg_osa1,vessels,Variant114,Poland,,transparent
wp_ptg_osa1,vessels,Variant115,Poland,,transparent
wp_ptg_osa1,vessels,Variant116,Poland,,transparent
wp_ptg_osa1,vessels,Variant117,Poland,,transparent
wp_ptg_osa1,vessels,Variant118,Poland,,transparent
wp_ptg_osa1,vessels,Variant119,Poland,,transparent
wp_ptg_osa1,vessels,Variant120,DDR,,transparent
wp_ptg_osa1,vessels,Variant121,DDR,,transparent
wp_ptg_osa1,vessels,Variant122,DDR,,transparent
wp_ptg_osa1,vessels,Variant123,DDR,,transparent
wp_ptg_osa1,vessels,Variant124,DDR,,transparent
wp_ptg_osa1,vessels,Variant125,DDR,,transparent
wp_ptg_osa1,vessels,Variant126,DDR,,transparent
wp_ptg_osa1,vessels,Variant127,DDR,,transparent
wp_ptg_osa1,vessels,Variant128,DDR,,transparent
wp_ptg_osa1,vessels,Variant129,DDR,,transparent
wp_ptg_osa1,vessels,Variant130,DDR,,transparent
wp_ptg_osa1,vessels,Variant131,DDR,,transparent
wp_ptg_osa1,vessels,Variant132,DDR,,transparent
wp_ptg_osa1,vessels,Variant133,DDR,,transparent
wp_ptg_osa1,vessels,Variant134,DDR,,transparent
wp_ptg_osa1,vessels,Variant135,Egypt,,transparent
wp_ptg_osa1,vessels,Variant136,Egypt,,transparent
wp_ptg_osa1,vessels,Variant137,Egypt,,transparent
wp_ptg_osa1,vessels,Variant138,Egypt,,transparent
wp_ptg_osa1,vessels,Variant139,Egypt,,transparent
wp_ptg_osa1,vessels,Variant140,Egypt,,transparent
wp_ptg_osa1,vessels,Variant141,Egypt,,transparent
wp_ptg_osa1,vessels,Variant142,Egypt,,transparent
wp_ptg_osa1,vessels,Variant143,Syria,,transparent
wp_ptg_osa1,vessels,Variant144,Syria,,transparent
wp_ptg_osa2,vessels,Default,Soviet,1965,transparent
wp_ptg_osa2,vessels,Variant1,Soviet,,transparent
wp_ptg_osa2,vessels,Variant2,Soviet,,transparent
wp_ptg_osa2,vessels,Variant3,Soviet,,transparent
wp_ptg_osa2,vessels,Variant4,Soviet,,transparent
wp_ptg_osa2,vessels,Variant5,Soviet,,transparent
wp_ptg_osa2,vessels,Variant6,Soviet,,transparent
wp_ptg_osa2,vessels,Variant7,Soviet,,transparent
wp_ptg_osa2,vessels,Variant8,Soviet,,transparent
wp_ptg_osa2,vessels,Variant9,Soviet,,transparent
wp_ptg_osa2,vessels,Variant10,Soviet,,transparent
wp_ptg_osa2,vessels,Variant11,Soviet,,transparent
wp_ptg_osa2,vessels,Variant12,Soviet,,transparent
wp_ptg_osa2,vessels,Variant13,Soviet,,transparent
wp_ptg_osa2,vessels,Variant14,Soviet,,transparent
wp_ptg_osa2,vessels,Variant15,Soviet,,transparent
wp_ptg_osa2,vessels,Variant16,Soviet,,transparent
wp_ptg_osa2,vessels,Variant17,Soviet,,transparent
wp_ptg_osa2,vessels,Variant18,Soviet,,transparent
wp_ptg_osa2,vessels,Variant19,Soviet,,transparent
wp_ptg_osa2,vessels,Variant20,Soviet,,transparent
wp_ptg_osa2,vessels,Variant21,Soviet,,transparent
wp_ptg_osa2,vessels,Variant22,Soviet,,transparent
wp_ptg_osa2,vessels,Variant23,Soviet,,transparent
wp_ptg_osa2,vessels,Variant24,Soviet,,transparent
wp_ptg_osa2,vessels,Variant25,Iraq,,transparent
wp_ptg_osa2,vessels,Variant26,Iraq,,transparent
wp_ptg_osa2,vessels,Variant27,Iraq,,transparent
wp_ptg_osa2,vessels,Variant28,Iraq,,transparent
wp_ptg_osa2,vessels,Variant29,Iraq,,transparent
wp_ptg_osa2,vessels,Variant30,Iraq,,transparent
wp_ptg_osa2,vessels,Variant31,Iraq,,transparent
wp_ptg_osa2,vessels,Variant32,Libya,,transparent
wp_ptg_osa2,vessels,Variant33,Libya,,transparent
wp_ptg_osa2,vessels,Variant34,Libya,,transparent
wp_ptg_osa2,vessels,Variant35,Libya,,transparent
wp_ptg_osa2,vessels,Variant36,Libya,,transparent
wp_ptg_osa2,vessels,Variant37,Libya,,transparent
wp_ptg_osa2,vessels,Variant38,Libya,,transparent
wp_ptg_osa2,vessels,Variant39,Libya,,transparent
wp_ptg_osa2,vessels,Variant40,Libya,,transparent
wp_ptg_osa2,vessels,Variant41,Libya,,transparent
wp_ptg_osa2,vessels,Variant42,Libya,,transparent
wp_ptg_osa2,vessels,Variant43,Algeria,,transparent
wp_ptg_osa2,vessels,Variant44,Vietnam,1979,transparent
wp_ptg_osa2,vessels,Variant45,Vietnam,1979,transparent
wp_ptg_osa2,vessels,Variant46,Vietnam,1980,transparent
wp_ptg_osa2,vessels,Variant47,Vietnam,1980,transparent
wp_ptg_osa2,vessels,Variant48,Vietnam,1980,transparent
wp_ptg_osa2,vessels,Variant49,Vietnam,1980,transparent
wp_ptg_osa2,vessels,Variant50,Vietnam,1981,transparent
wp_ptg_osa2,vessels,Variant51,Vietnam,1981,transparent
wp_ptg_tarantul,vessels,Default,Soviet,1979,transparent
wp_ptg_tarantul,vessels,Variant1,Soviet,,transparent
wp_ptg_tarantul,vessels,Variant2,Soviet,,transparent
wp_ptg_tarantul,vessels,Variant3,Soviet,,transparent
wp_ptg_tarantul,vessels,Variant4,Soviet,,transparent
wp_ptg_tarantul,vessels,Variant5,Soviet,,transparent
wp_ptg_tarantul,vessels,Variant6,Soviet,,transparent
wp_ptg_tarantul,vessels,Variant7,Soviet,,transparent
wp_ptg_tarantul,vessels,Variant8,Soviet,,transparent
wp_ptg_tarantul,vessels,Variant9,Soviet,,transparent
wp_ptg_tarantul,vessels,Variant10,Soviet,,transparent
wp_ptg_tarantul,vessels,Variant11,Soviet,,transparent
wp_ptg_tarantul,vessels,Variant12,Soviet,,transparent
wp_ptg_tarantul,vessels,Variant13,Soviet,,transparent
wp_ptg_tarantul_re,vessels,Default,Soviet,1977,transparent
wp_ptg_tarantul_re,vessels,Variant1,Soviet,,transparent
wp_ptg_tarantul_re,vessels,Variant2,Soviet,,transparent
wp_ptg_tarantul_re,vessels,Variant3,Soviet,,transparent
wp_ptg_tarantul_re,vessels,Variant4,Soviet,,transparent
wp_ptg_tarantul_re,vessels,Variant5,Soviet,,transparent
wp_ptg_tarantul_re,vessels,Variant6,Soviet,,transparent
wp_ptg_tarantul_re,vessels,Variant7,Soviet,,transparent
wp_ptg_tarantul_re,vessels,Variant8,Soviet,,transparent
wp_ptg_tarantul_re,vessels,Variant9,Soviet,,transparent
wp_ptg_tarantul_re,vessels,Variant10,Vietnam,,transparent
wp_ptg_tarantul_re,vessels,Variant11,Vietnam,,transparent
wp_ptg_tarantul_re,vessels,Variant12,Vietnam,,transparent
wp_ptg_tarantul_re,vessels,Variant13,Vietnam,,transparent
wp_rkr_kirov,vessels,Default,Soviet,1980|1990,transparent
wp_rkr_kirov,vessels,Variant1,Soviet,1980|1990,wp_cgn_181
wp_rkr_kresta1,vessels,Default,Soviet,1967|1994,transparent
wp_rkr_kresta1,vessels,Variant1,Soviet,1967|1994,wp_cg_060
wp_rkr_kresta1,vessels,Variant2,Soviet,1969|1991,wp_cg_097
wp_rkr_kresta1,vessels,Variant3,Soviet,1968|1990,wp_cg_072
wp_rkr_kresta1,vessels,Variant4,Soviet,1969|1989,wp_cg_048
wp_rkr_kynda,vessels,Default,Soviet,1962|1991,transparent
wp_rkr_kynda,vessels,Variant1,Soviet,1962|1991,wp_cg_121
wp_rkr_kynda,vessels,Variant2,Soviet,1964|1993,wp_cg_118
wp_rkr_kynda,vessels,Variant3,Soviet,1964|2002,wp_cg_043
wp_rkr_kynda,vessels,Variant4,Soviet,1965|1990,wp_cg_120
wp_rkr_slava,vessels,Default,Soviet,1982,transparent
wp_rkr_slava,vessels,Variant1,Soviet,1982|2022,wp_cg_103
wp_rkr_slava,vessels,Variant2,Soviet,1986,wp_cg_088
wp_rkr_slava,vessels,Variant3,Soviet,1989,wp_cg_119
wp_skr_krivak1,vessels,Default,Soviet,1970|1996,transparent
wp_skr_krivak1,vessels,Variant1,Soviet,1970|1996,wp_ffg_744
wp_skr_krivak1,vessels,Variant2,Soviet,1971|1997,wp_ffg_724
wp_skr_krivak1,vessels,Variant3,Soviet,1971|1993,wp_ffg_503
wp_skr_krivak1,vessels,Variant4,Soviet,1972|1993,wp_ffg_742
wp_skr_krivak1,vessels,Variant5,Soviet,1973|1994,wp_ffg_754
wp_skr_krivak1,vessels,Variant6,Soviet,1973|1992,wp_ffg_983
wp_skr_krivak1,vessels,Variant7,Soviet,1973|2002,wp_ffg_682
wp_skr_krivak1,vessels,Variant8,Soviet,1974|1998,wp_ffg_640
wp_skr_krivak1,vessels,Variant9,Soviet,1974|1992,wp_ffg_692
wp_skr_krivak1,vessels,Variant10,Soviet,1975|2002,wp_ffg_510
wp_skr_krivak1,vessels,Variant11,Soviet,1975|1995,wp_ffg_814
wp_skr_krivak1,vessels,Variant12,Soviet,1976|1995,wp_ffg_616
wp_skr_krivak1,vessels,Variant13,Soviet,1977|2000,wp_ffg_813
wp_skr_krivak1,vessels,Variant14,Soviet,1979|2005,wp_ffg_937
wp_skr_krivak1,vessels,Variant15,Soviet,1979|2000,wp_ffg_813
wp_skr_krivak1,vessels,Variant16,Soviet,1980,wp_ffg_824
wp_skr_krivak1,vessels,Variant17,Soviet,1981|1994,wp_ffg_806
wp_skr_krivak2,vessels,Default,Soviet,1975|2001,transparent
wp_skr_krivak2,vessels,Variant1,Soviet,1975|2001,wp_ffg_942
wp_skr_krivak2,vessels,Variant2,Soviet,1976|1995,wp_ffg_620
wp_skr_krivak2,vessels,Variant3,Soviet,1976|2004,wp_ffg_804
wp_skr_krivak2,vessels,Variant4,Soviet,1977|1995,wp_ffg_695
wp_skr_krivak2,vessels,Variant5,Soviet,1977|2009,wp_ffg_733
wp_skr_krivak2,vessels,Variant6,Soviet,1978|1998,wp_ffg_916
wp_skr_krivak2,vessels,Variant7,Soviet,1978|1998,wp_ffg_913
wp_skr_krivak2,vessels,Variant8,Soviet,1979|1994,wp_ffg_621
wp_skr_krivak2,vessels,Variant9,Soviet,1979|1997,wp_ffg_628
wp_skr_krivak2,vessels,Variant10,Soviet,1979|2003,wp_ffg_671
wp_skr_krivak2,vessels,Variant11,Soviet,1981,wp_ffg_759
wp_skr_petya2,vessels,Default,Soviet,1964,transparent
wp_skr_petya2,vessels,Variant1,Soviet,,
wp_skr_petya2,vessels,Variant2,Soviet,,transparent
wp_skr_petya2,vessels,Variant3,Soviet,,transparent
wp_skr_petya2,vessels,Variant4,Soviet,,transparent
wp_skr_petya2,vessels,Variant5,Soviet,,transparent
wp_skr_petya2,vessels,Variant6,Soviet,,transparent
wp_skr_petya2,vessels,Variant7,Soviet,,transparent
wp_skr_petya2,vessels,Variant8,Soviet,,transparent
wp_skr_petya2,vessels,Variant9,Soviet,,transparent
wp_skr_petya2,vessels,Variant10,Soviet,,transparent
wp_skr_petya2,vessels,Variant11,Soviet,,transparent
wp_skr_petya2,vessels,Variant12,Soviet,,transparent
wp_skr_petya2,vessels,Variant13,Soviet,,transparent
wp_skr_petya2,vessels,Variant14,Soviet,,transparent
wp_skr_petya2,vessels,Variant15,Soviet,,transparent
wp_skr_petya2,vessels,Variant16,Soviet,,transparent
wp_skr_petya2,vessels,Variant17,Soviet,,transparent
wp_skr_petya2,vessels,Variant18,Soviet,,transparent
wp_skr_petya2,vessels,Variant19,Soviet,,transparent
wp_skr_petya2,vessels,Variant20,Soviet,,transparent
wp_skr_petya2,vessels,Variant21,Soviet,,transparent
wp_skr_petya2,vessels,Variant22,Soviet,,transparent
wp_skr_petya2,vessels,Variant23,Soviet,,transparent
wp_skr_petya3,vessels,Default,Soviet,1966,transparent
wp_skr_petya3,vessels,Variant1,Syria,,
wp_skr_petya3,vessels,Variant2,Syria,,
wp_skr_petya3,vessels,Variant3,India,,
wp_skr_petya3,vessels,Variant4,India,,
wp_skr_petya3,vessels,Variant5,India,,
wp_skr_petya3,vessels,Variant6,India,,
wp_skr_petya3,vessels,Variant7,India,,
wp_skr_petya3,vessels,Variant8,India,,
wp_skr_petya3,vessels,Variant9,India,,
wp_skr_petya3,vessels,Variant10,India,,
wp_skr_petya3,vessels,Variant11,India,,
wp_skr_petya3,vessels,Variant12,India,,
wp_skr_petya3,vessels,Variant13,Vietnam,,
wp_skr_petya3,vessels,Variant14,Vietnam,,
wp_skr_petya3,vessels,Variant15,Vietnam,,
wp_ss_foxtrot,vessels,Default,Soviet,1958|1991,transparent
wp_ss_foxtrot,vessels,Variant1,Soviet,1958|1990,transparent
wp_ss_foxtrot,vessels,Variant2,Soviet,1959|1990,transparent
wp_ss_foxtrot,vessels,Variant3,Soviet,1959|1993,transparent
wp_ss_foxtrot,vessels,Variant4,Soviet,1959|1990,transparent
wp_ss_foxtrot,vessels,Variant5,Soviet,1959|1990,transparent
wp_ss_foxtrot,vessels,Variant6,Soviet,1960|1990,transparent
wp_ss_foxtrot,vessels,Variant7,Soviet,1960|1991,transparent
wp_ss_foxtrot,vessels,Variant8,Soviet,1960|1991,transparent
wp_ss_foxtrot,vessels,Variant9,Soviet,1960|1991,transparent
wp_ss_foxtrot,vessels,Variant10,Soviet,1960|1991,transparent
wp_ss_foxtrot,vessels,Variant11,Soviet,1960|1990,transparent
wp_ss_foxtrot,vessels,Variant12,Soviet,1961|1990,transparent
wp_ss_foxtrot,vessels,Variant13,Soviet,1961|1990,transparent
wp_ss_foxtrot,vessels,Variant14,Soviet,1961|1991,transparent
wp_ss_foxtrot,vessels,Variant15,Soviet,1961|1992,transparent
wp_ss_foxtrot,vessels,Variant16,Soviet,1961|1992,transparent
wp_ss_foxtrot,vessels,Variant17,Soviet,1961|1991,transparent
wp_ss_foxtrot,vessels,Variant18,Soviet,1961|1990,transparent
wp_ss_foxtrot,vessels,Variant19,Soviet,1962|1993,transparent
wp_ss_foxtrot,vessels,Variant20,Soviet,1962|1990,transparent
wp_ss_foxtrot,vessels,Variant21,Soviet,1962|1989,transparent
wp_ss_foxtrot,vessels,Variant22,Soviet,1962|1990,transparent
wp_ss_foxtrot,vessels,Variant23,Soviet,1962|1984,transparent
wp_ss_foxtrot,vessels,Variant24,Soviet,1962|1990,transparent
wp_ss_foxtrot,vessels,Variant25,Soviet,1963|1991,transparent
wp_ss_foxtrot,vessels,Variant26,Soviet,1963|1991,transparent
wp_ss_foxtrot,vessels,Variant27,Soviet,1963|1992,transparent
wp_ss_foxtrot,vessels,Variant28,Soviet,1964|1987,transparent
wp_ss_foxtrot,vessels,Variant29,Soviet,1964|1993,transparent
wp_ss_foxtrot,vessels,Variant30,Soviet,1964|1992,transparent
wp_ss_foxtrot,vessels,Variant31,Soviet,1964|1992,transparent
wp_ss_foxtrot,vessels,Variant32,Soviet,1964|1991,transparent
wp_ss_foxtrot,vessels,Variant33,Soviet,1965|1994,transparent
wp_ss_foxtrot,vessels,Variant34,Soviet,1965|1995,transparent
wp_ss_foxtrot,vessels,Variant35,Soviet,1965|1985,transparent
wp_ss_foxtrot,vessels,Variant36,Soviet,1965|1992,transparent
wp_ss_foxtrot,vessels,Variant37,Soviet,1965|1995,transparent
wp_ss_foxtrot,vessels,Variant38,Soviet,1965|1997,transparent
wp_ss_foxtrot,vessels,Variant39,Soviet,1966|1991,transparent
wp_ss_foxtrot,vessels,Variant40,Soviet,1966|1993,transparent
wp_ss_foxtrot,vessels,Variant41,Soviet,1966|1991,transparent
wp_ss_foxtrot,vessels,Variant42,Soviet,1966|1993,transparent
wp_ss_foxtrot,vessels,Variant43,Soviet,1966|1988,transparent
wp_ss_foxtrot,vessels,Variant44,Soviet,1966|1993,transparent
wp_ss_foxtrot,vessels,Variant45,Soviet,1967|1993,transparent
wp_ss_foxtrot,vessels,Variant46,Soviet,1967|1993,transparent
wp_ss_foxtrot,vessels,Variant47,Soviet,1967|1994,transparent
wp_ss_foxtrot,vessels,Variant48,Soviet,1967|1993,transparent
wp_ss_foxtrot,vessels,Variant49,Soviet,1968|1991,transparent
wp_ss_foxtrot,vessels,Variant50,Soviet,1968|1993,transparent
wp_ss_foxtrot,vessels,Variant51,Soviet,1969|1992,transparent
wp_ss_foxtrot,vessels,Variant52,Soviet,1969|1996,transparent
wp_ss_foxtrot,vessels,Variant53,Soviet,1970|1993,transparent
wp_ss_foxtrot,vessels,Variant54,Soviet,1970|1997,transparent
wp_ss_foxtrot,vessels,Variant55,Soviet,1970|1999,transparent
wp_ss_foxtrot,vessels,Variant56,Soviet,1971|1993,transparent
wp_ss_foxtrot,vessels,Variant57,Soviet,1971|1994,transparent
wp_ss_foxtrot,vessels,Variant58,India,1969|2001,transparent
wp_ss_foxtrot,vessels,Variant59,India,1969|2003,transparent
wp_ss_foxtrot,vessels,Variant60,India,1968|1989,transparent
wp_ss_foxtrot,vessels,Variant61,India,1967|1996,transparent
wp_ss_foxtrot,vessels,Variant62,India,1973|2010,transparent
wp_ss_foxtrot,vessels,Variant63,India,1973|2001,transparent
wp_ss_foxtrot,vessels,Variant64,India,1974|2010,transparent
wp_ss_foxtrot,vessels,Variant65,India,1974|1997,transparent
wp_ss_foxtrot,vessels,Variant66,Libya,1976|1992,transparent
wp_ss_foxtrot,vessels,Variant67,Libya,1982|1992,transparent
wp_ss_foxtrot,vessels,Variant68,Libya,1983|1992,transparent
wp_ss_foxtrot,vessels,Variant69,Libya,1982|1992,transparent
wp_ss_foxtrot,vessels,Variant70,Libya,1978|1992,transparent
wp_ss_foxtrot,vessels,Variant71,Libya,1978|1992,transparent
wp_ss_foxtrot,vessels,Variant72,Cuba,1979|1992,transparent
wp_ss_foxtrot,vessels,Variant73,Cuba,1984|1992,transparent
wp_ss_foxtrot,vessels,Variant74,Cuba,1980|1992,transparent
wp_ss_kilo,vessels,Default,Soviet,1980|2001,transparent
wp_ss_kilo,vessels,Variant1,Soviet,1980|2001,transparent
wp_ss_kilo,vessels,Variant2,Soviet,1981|2013,transparent
wp_ss_kilo,vessels,Variant3,Soviet,1983|2018,transparent
wp_ss_kilo,vessels,Variant4,Soviet,1983|2002,transparent
wp_ss_kilo,vessels,Variant5,Soviet,1983|2002,transparent
wp_ss_kilo,vessels,Variant6,Soviet,1984|2012,transparent
wp_ss_kilo,vessels,Variant7,Soviet,1984|2016,transparent
wp_ss_kilo,vessels,Variant8,Soviet,1984|2002,transparent
wp_ss_kilo,vessels,Variant9,Soviet,1985|2005,transparent
wp_ss_kilo,vessels,Variant10,Soviet,1986|2005,transparent
wp_ss_kilo,vessels,Variant11,Soviet,1986,transparent
wp_ss_kilo,vessels,Variant12,Poland,1986,transparent
wp_ss_kilo,vessels,Variant13,Romania,1985|1995,transparent
wp_ss_kilo,vessels,Variant14,Algeria,1986|2009,transparent
wp_ss_kilo,vessels,Variant15,Algeria,1987|2010,transparent
wp_ss_kilo,vessels,Variant16,India,1985|2025,transparent
wp_ss_kilo,vessels,Variant17,India,1986|2025,transparent
wp_ss_kilo,vessels,Variant18,India,1987|2001,transparent
wp_ss_kilo,vessels,Variant19,India,1988|1999,transparent
wp_ss_romeo,vessels,Default,Soviet,1959|1991,transparent
wp_ss_romeo,vessels,Variant1,Soviet,1959|1977,transparent
wp_ss_romeo,vessels,Variant2,Soviet,1959|1967,transparent
wp_ss_romeo,vessels,Variant3,Soviet,1959|1967,transparent
wp_ss_romeo,vessels,Variant4,Soviet,1959|1966,transparent
wp_ss_romeo,vessels,Variant5,Soviet,1959|1966,transparent
wp_ss_romeo,vessels,Variant6,Soviet,1959|1966,transparent
wp_ss_romeo,vessels,Variant7,Soviet,1959|1966,transparent
wp_ss_romeo,vessels,Variant8,Soviet,1960|1986,transparent
wp_ss_romeo,vessels,Variant9,Soviet,1960|1991,transparent
wp_ss_romeo,vessels,Variant10,Soviet,1960|1983,transparent
wp_ss_romeo,vessels,Variant11,Soviet,1960|1985,transparent
wp_ss_romeo,vessels,Variant12,Soviet,1960|1985,transparent
wp_ss_romeo,vessels,Variant13,Soviet,1960|1973,transparent
wp_ss_romeo,vessels,Variant14,Soviet,1960|1991,transparent
wp_ss_romeo,vessels,Variant15,Soviet,1961|1987,transparent
wp_ss_romeo,vessels,Variant16,Soviet,1961|1983,transparent
wp_ss_romeo,vessels,Variant17,Soviet,1961|1978,transparent
wp_ss_romeo,vessels,Variant18,Soviet,1961|1982,transparent
wp_ss_romeo,vessels,Variant19,Soviet,1961|1991,transparent
wp_ss_romeo,vessels,Variant20,Soviet,1961|1973,transparent
wp_ss_romeo,vessels,Variant21,Soviet,1961|1982,transparent
wp_ss_romeo,vessels,Variant22,Soviet,1961|1983,transparent
wp_ss_romeo,vessels,Variant23,Soviet,1961|1973,transparent
wp_ss_romeo,vessels,Variant24,Soviet,1960|1973,transparent
wp_ss_romeo,vessels,Variant25,Bulgaria,1973|1990,transparent
wp_ss_romeo,vessels,Variant26,Bulgaria,1973|1991,transparent
wp_ss_romeo,vessels,Variant27,Bulgaria,1983|1991,transparent
wp_ss_romeo,vessels,Variant28,Bulgaria,1985|2011,transparent
wp_ss_romeo,vessels,Variant29,Syria,1985|1991,transparent
wp_ss_romeo,vessels,Variant30,Syria,1985|1991,transparent
wp_ss_romeo,vessels,Variant31,Syria,1987|1991,transparent
wp_ss_romeo,vessels,Variant32,Egypt,1967|1991,transparent
wp_ss_romeo,vessels,Variant33,Egypt,1967|1991,transparent
wp_ss_romeo,vessels,Variant34,Egypt,1967|1991,transparent
wp_ss_romeo,vessels,Variant35,Egypt,1966|1991,transparent
wp_ss_romeo,vessels,Variant36,Egypt,1966|1989,transparent
wp_ss_romeo,vessels,Variant37,Egypt,1966|1989,transparent
wp_ss_tango,vessels,Default,Soviet,1973|1998,transparent
wp_ss_tango,vessels,Variant1,Soviet,1973|1998,transparent
wp_ss_tango,vessels,Variant2,Soviet,1974|1998,transparent
wp_ss_tango,vessels,Variant3,Soviet,1975|1998,transparent
wp_ss_tango,vessels,Variant4,Soviet,1975|1998,transparent
wp_ss_tango,vessels,Variant5,Soviet,1976|1998,transparent
wp_ss_tango,vessels,Variant6,Soviet,1976|1998,transparent
wp_ss_tango,vessels,Variant7,Soviet,1977|1998,transparent
wp_ss_tango,vessels,Variant8,Soviet,1977|1998,transparent
wp_ss_tango,vessels,Variant9,Soviet,1978|1998,transparent
wp_ss_tango,vessels,Variant10,Soviet,1978|1998,transparent
wp_ss_tango,vessels,Variant11,Soviet,1979|1998,transparent
wp_ss_tango,vessels,Variant12,Soviet,1979|1998,transparent
wp_ss_tango,vessels,Variant13,Soviet,1980|1998,transparent
wp_ss_tango,vessels,Variant14,Soviet,1980|1998,transparent
wp_ss_tango,vessels,Variant15,Soviet,1981|1998,transparent
wp_ss_tango,vessels,Variant16,Soviet,1981|1998,transparent
wp_ss_tango,vessels,Variant17,Soviet,1982|1998,transparent
wp_ss_tango,vessels,Variant18,Soviet,1982|1998,transparent
wp_ssbn_delta3,vessels,Default,Soviet,1976|2000,transparent
wp_ssbn_delta3,vessels,Variant1,Soviet,1976|2000,transparent
wp_ssbn_delta3,vessels,Variant2,Soviet,1976|2000,transparent
wp_ssbn_delta3,vessels,Variant3,Soviet,1976|2000,transparent
wp_ssbn_delta3,vessels,Variant4,Soviet,1976|2000,transparent
wp_ssbn_delta3,vessels,Variant5,Soviet,1977|2000,transparent
wp_ssbn_delta3,vessels,Variant6,Soviet,1977|2000,transparent
wp_ssbn_delta3,vessels,Variant7,Soviet,1977|2000,transparent
wp_ssbn_delta3,vessels,Variant8,Soviet,1978|2000,transparent
wp_ssbn_delta3,vessels,Variant9,Soviet,1979|2000,transparent
wp_ssbn_delta3,vessels,Variant10,Soviet,1979|2000,transparent
wp_ssbn_delta3,vessels,Variant11,Soviet,1980|2000,transparent
wp_ssbn_delta3,vessels,Variant12,Soviet,1980|2000,transparent
wp_ssbn_delta3,vessels,Variant13,Soviet,1981|2000,transparent
wp_ssbn_delta3,vessels,Variant14,Soviet,1982|2000,transparent
wp_ssbn_yankee,vessels,Default,Soviet,1967|1991,transparent
wp_ssbn_yankee,vessels,Variant1,Soviet,,transparent
wp_ssbn_yankee,vessels,Variant2,Soviet,,transparent
wp_ssbn_yankee,vessels,Variant3,Soviet,,transparent
wp_ssbn_yankee,vessels,Variant4,Soviet,,transparent
wp_ssbn_yankee,vessels,Variant5,Soviet,,transparent
wp_ssbn_yankee,vessels,Variant6,Soviet,,transparent
wp_ssbn_yankee,vessels,Variant7,Soviet,,transparent
wp_ssbn_yankee,vessels,Variant8,Soviet,,transparent
wp_ssbn_yankee,vessels,Variant9,Soviet,,transparent
wp_ssbn_yankee,vessels,Variant10,Soviet,,transparent
wp_ssbn_yankee,vessels,Variant11,Soviet,,transparent
wp_ssbn_yankee,vessels,Variant12,Soviet,,transparent
wp_ssbn_yankee,vessels,Variant13,Soviet,,transparent
wp_ssbn_yankee,vessels,Variant14,Soviet,,transparent
wp_ssbn_yankee,vessels,Variant15,Soviet,,transparent
wp_ssbn_yankee,vessels,Variant16,Soviet,,transparent
wp_ssbn_yankee,vessels,Variant17,Soviet,,transparent
wp_ssbn_yankee,vessels,Variant18,Soviet,,transparent
wp_ssbn_yankee,vessels,Variant19,Soviet,,transparent
wp_ssbn_yankee,vessels,Variant20,Soviet,,transparent
wp_ssbn_yankee,vessels,Variant21,Soviet,,transparent
wp_ssbn_yankee,vessels,Variant22,Soviet,,transparent
wp_ssbn_yankee,vessels,Variant23,Soviet,,transparent
wp_ssbn_yankee,vessels,Variant24,Soviet,,transparent
wp_ssbn_yankee,vessels,Variant25,Soviet,,transparent
wp_ssbn_yankee,vessels,Variant26,Soviet,,transparent
wp_ssbn_yankee,vessels,Variant27,Soviet,,transparent
wp_ssbn_yankee,vessels,Variant28,Soviet,,transparent
wp_ssbn_yankee,vessels,Variant29,Soviet,,transparent
wp_ssbn_yankee,vessels,Variant30,Soviet,,transparent
wp_ssbn_yankee,vessels,Variant31,Soviet,,transparent
wp_ssbn_yankee,vessels,Variant32,Soviet,,transparent
wp_ssbn_yankee,vessels,Variant33,Soviet,,transparent
wp_ssbn_yankee,vessels,Variant34,Soviet,,transparent
wp_ssgn_charlie1,vessels,Default,Soviet,1967|1993,transparent
wp_ssgn_charlie1,vessels,Variant1,Soviet,1967|1993,transparent
wp_ssgn_charlie1,vessels,Variant2,Soviet,1968|1993,transparent
wp_ssgn_charlie1,vessels,Variant3,Soviet,1968|1993,transparent
wp_ssgn_charlie1,vessels,Variant4,Soviet,1969|1993,transparent
wp_ssgn_charlie1,vessels,Variant5,Soviet,1969|1993,transparent
wp_ssgn_charlie1,vessels,Variant6,Soviet,1970|1993,transparent
wp_ssgn_charlie1,vessels,Variant7,Soviet,1971|1993,transparent
wp_ssgn_charlie1,vessels,Variant8,Soviet,1970|1993,transparent
wp_ssgn_charlie1,vessels,Variant9,Soviet,1971|1993,transparent
wp_ssgn_charlie1,vessels,Variant10,Soviet,1972|1993,transparent
wp_ssgn_charlie2,vessels,Default,Soviet,1973|1991,transparent
wp_ssgn_charlie2,vessels,Variant1,Soviet,1973|1991,
wp_ssgn_charlie2,vessels,Variant2,Soviet,1975|1992,
wp_ssgn_charlie2,vessels,Variant3,Soviet,1977|1993,
wp_ssgn_charlie2,vessels,Variant4,Soviet,1978|1995,
wp_ssgn_charlie2,vessels,Variant5,Soviet,1979|1995,
wp_ssgn_charlie2,vessels,Variant6,Soviet,1980|1998,
wp_ssgn_echo2,vessels,Default,Soviet,1963|1991,transparent
wp_ssgn_echo2,vessels,Variant1,Soviet,1963|1991,transparent
wp_ssgn_echo2,vessels,Variant2,Soviet,1963|1991,transparent
wp_ssgn_echo2,vessels,Variant3,Soviet,1963|1991,transparent
wp_ssgn_echo2,vessels,Variant4,Soviet,1964|1991,transparent
wp_ssgn_echo2,vessels,Variant5,Soviet,1964|1991,transparent
wp_ssgn_echo2,vessels,Variant6,Soviet,1964|1991,transparent
wp_ssgn_echo2,vessels,Variant7,Soviet,1964|1991,transparent
wp_ssgn_echo2,vessels,Variant8,Soviet,1965|1991,transparent
wp_ssgn_echo2,vessels,Variant9,Soviet,1965|1991,transparent
wp_ssgn_echo2,vessels,Variant10,Soviet,1965|1991,transparent
wp_ssgn_echo2,vessels,Variant11,Soviet,1965|1991,transparent
wp_ssgn_echo2,vessels,Variant12,Soviet,1965|1985,transparent
wp_ssgn_echo2,vessels,Variant13,Soviet,1965|1991,transparent
wp_ssgn_echo2,vessels,Variant14,Soviet,1966|1991,transparent
wp_ssgn_echo2,vessels,Variant15,Soviet,1966|1991,transparent
wp_ssgn_echo2,vessels,Variant16,Soviet,1966|1991,transparent
wp_ssgn_echo2,vessels,Variant17,Soviet,1963|1991,transparent
wp_ssgn_echo2,vessels,Variant18,Soviet,1964|1991,transparent
wp_ssgn_echo2,vessels,Variant19,Soviet,1965|1991,transparent
wp_ssgn_echo2,vessels,Variant20,Soviet,1965|1991,transparent
wp_ssgn_echo2,vessels,Variant21,Soviet,1965|1991,transparent
wp_ssgn_echo2,vessels,Variant22,Soviet,1965|1991,transparent
wp_ssgn_echo2,vessels,Variant23,Soviet,1966|1991,transparent
wp_ssgn_echo2,vessels,Variant24,Soviet,1966|1991,transparent
wp_ssgn_echo2,vessels,Variant25,Soviet,1966|1991,transparent
wp_ssgn_echo2,vessels,Variant26,Soviet,1967|1991,transparent
wp_ssgn_echo2,vessels,Variant27,Soviet,1967|1991,transparent
wp_ssgn_echo2,vessels,Variant28,Soviet,1967|1991,transparent
wp_ssgn_echo2,vessels,Variant29,Soviet,1968|1991,transparent
wp_ssgn_oscar1,vessels,Default,Soviet,1980|1996,transparent
wp_ssgn_oscar1,vessels,Variant1,Soviet,1980|1996,transparent
wp_ssgn_oscar1,vessels,Variant2,Soviet,1983|1998,transparent
wp_ssn_alfa,vessels,Default,Soviet,1971|1990,transparent
wp_ssn_alfa,vessels,Variant1,Soviet,1971|1978,transparent
wp_ssn_alfa,vessels,Variant2,Soviet,1978|1990,transparent
wp_ssn_alfa,vessels,Variant3,Soviet,1979|1990,transparent
wp_ssn_alfa,vessels,Variant4,Soviet,1981|1990,transparent
wp_ssn_alfa,vessels,Variant5,Soviet,1977|1990,transparent
wp_ssn_alfa,vessels,Variant6,Soviet,1978|1990,transparent
wp_ssn_alfa,vessels,Variant7,Soviet,1981|1990,transparent
wp_ssn_november,vessels,Default,Soviet,1958|1989,transparent
wp_ssn_november,vessels,Variant1,Soviet,1958|1989,transparent
wp_ssn_november,vessels,Variant2,Soviet,1959|1989,transparent
wp_ssn_november,vessels,Variant3,Soviet,1958|1970,transparent
wp_ssn_november,vessels,Variant4,Soviet,1959|1989,transparent
wp_ssn_november,vessels,Variant5,Soviet,1960|1989,transparent
wp_ssn_november,vessels,Variant6,Soviet,1961|1989,transparent
wp_ssn_november,vessels,Variant7,Soviet,1961|1989,transparent
wp_ssn_november,vessels,Variant8,Soviet,1962|1989,transparent
wp_ssn_november,vessels,Variant9,Soviet,1962|1989,transparent
wp_ssn_november,vessels,Variant10,Soviet,1962|1989,transparent
wp_ssn_november,vessels,Variant11,Soviet,1963|1989,transparent
wp_ssn_november,vessels,Variant12,Soviet,1963|1989,transparent
wp_ssn_november,vessels,Variant13,Soviet,1964|1989,transparent
wp_ssn_victor1,vessels,Default,Soviet,1967|1993,transparent
wp_ssn_victor1,vessels,Variant1,Soviet,1967|1993,transparent
wp_ssn_victor1,vessels,Variant2,Soviet,1968|1993,transparent
wp_ssn_victor1,vessels,Variant3,Soviet,1968|1993,transparent
wp_ssn_victor1,vessels,Variant4,Soviet,1969|1993,transparent
wp_ssn_victor1,vessels,Variant5,Soviet,1969|1993,transparent
wp_ssn_victor1,vessels,Variant6,Soviet,1970|1993,transparent
wp_ssn_victor1,vessels,Variant7,Soviet,1970|1993,transparent
wp_ssn_victor1,vessels,Variant8,Soviet,1971|1993,transparent
wp_ssn_victor1,vessels,Variant9,Soviet,1971|1993,transparent
wp_ssn_victor1,vessels,Variant10,Soviet,1972|1993,transparent
wp_ssn_victor1,vessels,Variant11,Soviet,1972|1993,transparent
wp_ssn_victor1,vessels,Variant12,Soviet,1973|1993,transparent
wp_ssn_victor1,vessels,Variant13,Soviet,1973|1993,transparent
wp_ssn_victor1,vessels,Variant14,Soviet,1974|1993,transparent
wp_ssn_victor1,vessels,Variant15,Soviet,1974|1993,transparent
wp_ssn_victor2,vessels,Default,Soviet,1972|1996,transparent
wp_ssn_victor2,vessels,Variant1,Soviet,1975|1996,
wp_ssn_victor2,vessels,Variant2,Soviet,1976|1996,
wp_ssn_victor2,vessels,Variant3,Soviet,1978|1996,
wp_ssn_victor2,vessels,Variant4,Soviet,1972|1996,
wp_ssn_victor2,vessels,Variant5,Soviet,1974|1996,
wp_ssn_victor2,vessels,Variant6,Soviet,1976|1996,
wp_ssn_victor2,vessels,Variant7,Soviet,1978|1996,
wp_ssn_victor3,vessels,Default,Soviet,1977|1996,transparent
wp_ssn_victor3,vessels,Variant1,Soviet,1977|1996,
wp_ssn_victor3,vessels,Variant2,Soviet,1979|1996,
wp_ssn_victor3,vessels,Variant3,Soviet,1980|1996,
wp_ssn_victor3,vessels,Variant4,Soviet,1981|1996,
wp_ssn_victor3,vessels,Variant5,Soviet,1982|1996,
wp_ssn_victor3,vessels,Variant6,Soviet,1983|1996,
wp_ssn_victor3,vessels,Variant7,Soviet,1984|1996,
wp_ssn_victor3,vessels,Variant8,Soviet,1985|1996,
wp_ssn_victor3,vessels,Variant9,Soviet,1978|1996,
wp_ssn_victor3,vessels,Variant10,Soviet,1979|1996,
wp_ssn_victor3,vessels,Variant11,Soviet,1980|1996,
wp_ssn_victor3,vessels,Variant12,Soviet,1980|1996,
wp_ssn_victor3,vessels,Variant13,Soviet,1980|1996,
wp_ssn_victor3,vessels,Variant14,Soviet,1981|1996,
wp_ssn_victor3,vessels,Variant15,Soviet,1982|1996,
wp_ssn_victor3,vessels,Variant16,Soviet,1983|1996,
wp_ssn_victor3,vessels,Variant17,Soviet,1983|1996,
wp_ssn_victor3,vessels,Variant18,Soviet,1979|1996,
wp_ssn_victor3,vessels,Variant19,Soviet,1979|1996,
wp_ssn_victor3,vessels,Variant20,Soviet,1981|1996,
wp_ssn_victor3,vessels,Variant21,Soviet,1984|1996,
wp_ssn_victor3,vessels,Variant22,Soviet,,
wp_takr_kiev,vessels,Default,Soviet,1975|1993,transparent
wp_takr_kiev,vessels,Variant1,Soviet,1975|1993,wp_cv_069
wp_takr_kiev,vessels,Variant2,Soviet,1978|1993,wp_cv_025
wp_takr_kiev,vessels,Variant3,Soviet,1982|1993,wp_cv_137
wp_vt_boris_chilikin,vessels,Default,Soviet,1970,transparent
wp_vt_boris_chilikin,vessels,Variant1,Soviet,,chilikin_001
wp_vt_boris_chilikin,vessels,Variant2,Soviet,,chilikin_002
wp_vt_boris_chilikin,vessels,Variant3,Soviet,,chilikin_003
wp_vt_boris_chilikin,vessels,Variant4,Soviet,,chilikin_004
wp_vt_boris_chilikin,vessels,Variant5,Soviet,,chilikin_005
wp_vt_boris_chilikin,vessels,Variant6,Soviet,,chilikin_006
wp_vt_kazbek,vessels,Default,Soviet,1955|1996,transparent
wp_vt_kazbek,vessels,Variant1,Soviet,,kazbek_01
wp_vt_kazbek,vessels,Variant2,Soviet,,kazbek_02
wp_vt_kazbek,vessels,Variant3,Soviet,,kazbek_03
wp_vt_kazbek,vessels,Variant4,Soviet,,kazbek_04
